product_name,selling_price,mrp,discount_percent,material_existing,product_type,item_type,material_detail,state_of_origin,dimensions,source,product_url,item_type_clean,material_detail_clean,state_of_origin_clean,dimensions_clean,material_normalized,item_type_normalized
Handmade Bamboo & Cane Stool,1199.0,,,bamboo,stool,"Handicraft Material: Rattan, Cane & Bamboo Size: Length 14 inch x Breadth 12 inch x Height 12 inch Occasion: Casual State of Origin: Uttar Pradesh More Information More Information Item Type Handicraft Size Unit Feet Color Brown Material Cane & Bamboo State of Origin Uttar Pradesh Care Instructions Good in all Whether Expected Dispatch Days 1 ( Ready to Ship) Reviews Write Your Own Review Only registered users can write reviews. Please Sign in or create an account Disclaimer Product Disclaimer This product is handmade and may have slight variations or dissimilarities that are a natural outcome of the human involvement in the process. These minor variations of Stitches/Motifs add to its charm and ensure its uniqueness & authenticity. Product Quality Disclaimer All the sellers on boarded here are thoroughly verified weavers, artisans, societies and producer companies. All the sellers in india handmade have agreed to sell authentic and handmade products only. All the responsibility regarding the quality / authenticity of the product lies with the sellers. Skip to the end of the images gallery Skip to the beginning of the images gallery I'm a Buyer I'm a","Rattan, Cane & Bamboo Size: Length 14 inch x Breadth 12 inch x Height 12 inch Occasion: Casual State of Origin: Uttar Pradesh More Information More Information Item Type Handicraft Size Unit Feet Color Brown Material Cane & Bamboo State of Origin Uttar Pradesh Care Instructions Good in all Whether Expected Dispatch Days 1 ( Ready to Ship) Reviews Write Your Own Review Only registered users can write reviews. Please Sign in or create an account Disclaimer Product Disclaimer This product is handmade and may have slight variations or dissimilarities that are a natural outcome of the human involvement in the process. These minor variations of Stitches/Motifs add to its charm and ensure its uniqueness & authenticity. Product Quality Disclaimer All the sellers on boarded here are thoroughly verified weavers, artisans, societies and producer companies. All the sellers in india handmade have agreed to sell authentic and handmade products only. All the responsibility regarding the quality / authenticity of the product lies with the sellers. Skip to the end of the images gallery Skip to the beginning of the images gallery I'm a Buyer I'm a","Uttar Pradesh More Information More Information Item Type Handicraft Size Unit Feet Color Brown Material Cane & Bamboo State of Origin Uttar Pradesh Care Instructions Good in all Whether Expected Dispatch Days 1 ( Ready to Ship) Reviews Write Your Own Review Only registered users can write reviews. Please Sign in or create an account Disclaimer Product Disclaimer This product is handmade and may have slight variations or dissimilarities that are a natural outcome of the human involvement in the process. These minor variations of Stitches/Motifs add to its charm and ensure its uniqueness & authenticity. Product Quality Disclaimer All the sellers on boarded here are thoroughly verified weavers, artisans, societies and producer companies. All the sellers in india handmade have agreed to sell authentic and handmade products only. All the responsibility regarding the quality / authenticity of the product lies with the sellers. Skip to the end of the images gallery Skip to the beginning of the images gallery I'm a Buyer I'm a",,IndiaHandmade,https://www.indiahandmade.com/buy-handmade-bamboo-cane-stool-online.html,Handicraft,"Rattan, Cane & Bamboo Size: Length 14 inch x Breadth 12 inch x Height 12 inch Occasion: Casual",Uttar Pradesh,,bamboo,handicraft
Handmade Cane Lawn Table with Glass Top,3250.0,3299.0,1.4852985753258563,cane,table,,,,,IndiaHandmade,https://www.indiahandmade.com/lawn-table.html,,,,,,
Rattan Cane Swing Chair | Natural Finish  Without Cousin,5999.0,6999.0,14.28775539362766,cane,swing,"Handicraft Material: Cane & Bamboo Size: Chair: Length (31 Inches), Width (26.5 Inches), Height (47 Inches)","Cane & Bamboo Size: Chair: Length (31 Inches), Width (26.5 Inches), Height (47 Inches)","Uttar Pradesh Care Instructions : Good in All Seasons More Information More Information Item Type Handicraft Size Full Size Chair Size Unit CM GI Mapping ID 330 Material Cane & Bamboo State of Origin Uttar Pradesh Care Instructions Good in All Seasons Color Beige Expected Dispatch Days 1 ( Ready to Ship) Reviews Write Your Own Review Only registered users can write reviews. Please Sign in or create an account Disclaimer Product Disclaimer This product is handmade and may have slight variations or dissimilarities that are a natural outcome of the human involvement in the process. These minor variations of Stitches/Motifs add to its charm and ensure its uniqueness & authenticity. Product Quality Disclaimer All the sellers on boarded here are thoroughly verified weavers, artisans, societies and producer companies. All the sellers in india handmade have agreed to sell authentic and handmade products only. All the responsibility regarding the quality / authenticity of the product lies with the sellers. Skip to the end of the images gallery Skip to the beginning of the images gallery I'm a Buyer I'm a",,IndiaHandmade,https://www.indiahandmade.com/buy-rattan-cane-swing-chair-with-accessories-online.html,Handicraft,"Cane & Bamboo Size: Chair: Length (31 Inches), Width (26.5 Inches), Height (47 Inches)",Uttar Pradesh,,bamboo,handicraft
Cane Hanging Swing for Balcony,6050.0,7999.0,24.36554569321165,cane,swing,"Handicraft Color: Beige Size Unit: Feet Material: Cane & Bamboo State of Origin: Uttar Pradesh More Information More Information Item Type Handicraft Size full size Size Unit Feet Material Cane & Bamboo State of Origin Uttar Pradesh Care Instructions Good in all Whether Color Beige Expected Dispatch Days 1 ( Ready to Ship) Reviews Write Your Own Review Only registered users can write reviews. Please Sign in or create an account Disclaimer Product Disclaimer This product is handmade and may have slight variations or dissimilarities that are a natural outcome of the human involvement in the process. These minor variations of Stitches/Motifs add to its charm and ensure its uniqueness & authenticity. Product Quality Disclaimer All the sellers on boarded here are thoroughly verified weavers, artisans, societies and producer companies. All the sellers in india handmade have agreed to sell authentic and handmade products only. All the responsibility regarding the quality / authenticity of the product lies with the sellers. Skip to the end of the images gallery Skip to the beginning of the images gallery I'm a Buyer I'm a","Cane & Bamboo State of Origin: Uttar Pradesh More Information More Information Item Type Handicraft Size full size Size Unit Feet Material Cane & Bamboo State of Origin Uttar Pradesh Care Instructions Good in all Whether Color Beige Expected Dispatch Days 1 ( Ready to Ship) Reviews Write Your Own Review Only registered users can write reviews. Please Sign in or create an account Disclaimer Product Disclaimer This product is handmade and may have slight variations or dissimilarities that are a natural outcome of the human involvement in the process. These minor variations of Stitches/Motifs add to its charm and ensure its uniqueness & authenticity. Product Quality Disclaimer All the sellers on boarded here are thoroughly verified weavers, artisans, societies and producer companies. All the sellers in india handmade have agreed to sell authentic and handmade products only. All the responsibility regarding the quality / authenticity of the product lies with the sellers. Skip to the end of the images gallery Skip to the beginning of the images gallery I'm a Buyer I'm a","Uttar Pradesh More Information More Information Item Type Handicraft Size full size Size Unit Feet Material Cane & Bamboo State of Origin Uttar Pradesh Care Instructions Good in all Whether Color Beige Expected Dispatch Days 1 ( Ready to Ship) Reviews Write Your Own Review Only registered users can write reviews. Please Sign in or create an account Disclaimer Product Disclaimer This product is handmade and may have slight variations or dissimilarities that are a natural outcome of the human involvement in the process. These minor variations of Stitches/Motifs add to its charm and ensure its uniqueness & authenticity. Product Quality Disclaimer All the sellers on boarded here are thoroughly verified weavers, artisans, societies and producer companies. All the sellers in india handmade have agreed to sell authentic and handmade products only. All the responsibility regarding the quality / authenticity of the product lies with the sellers. Skip to the end of the images gallery Skip to the beginning of the images gallery I'm a Buyer I'm a",,IndiaHandmade,https://www.indiahandmade.com/buy-cane-hanging-swing-for-balcony-online-india.html,Handicraft Color: Beige Size Unit: Feet,Cane & Bamboo,Uttar Pradesh,,bamboo,handicraft
Handcrafted Rattan Sofa Set,22550.0,36999.0,39.052406821805995,cane,sofa,"Handicraft Dimensions: 72(L) x 32(D) x 34(H) inches Material: Rattan with fabric upholstery Seating Capacity: Three-seat arrangement Pre-Assembled: No assembly required Warranty: 1-year warranty on manufacturing defects Weather Friendly: Suitable for all seasons State of Origin: Uttar Pradesh How to Care? To maintain its beauty, clean the rattan frame with a dry or slightly damp cloth. Avoid prolonged exposure to direct sunlight and excessive moisture. The fabric upholstery can be spot-cleaned as needed. With its natural appeal and sturdy construction, this handcrafted rattan sofa set is a timeless piece for any home. Whether placed in a living room or a cosy corner, it enhances the ambience with its charm and functionality. Product Specification A blend of traditional craftsmanship and contemporary aesthetics, this handcrafted rattan sofa set is a perfect addition to any living space. Designed for both comfort and durability , the set is crafted from high-quality rattan, offering a warm and inviting seating arrangement. With its natural brown finish , it complements various interior styles, bringing a touch of elegance to your home. Item Type: Handicraft Dimensions: 72(L) x 32(D) x 34(H) inches Material: Rattan with fabric upholstery Seating Capacity: Three-seat arrangement Pre-Assembled: No assembly required Warranty: 1-year warranty on manufacturing defects Weather Friendly: Suitable for all seasons State of Origin: Uttar Pradesh More Information More Information Item Type Handicraft Size Full SIZE SOFA SET Size Unit INCH Material Cane & Bamboo State of Origin Uttar Pradesh Care Instructions Good in all Whether Color Brown Expected Dispatch Days 1 ( Ready to Ship) Reviews Write Your Own Review Only registered users can write reviews. Please Sign in or create an account Disclaimer Product Disclaimer This product is handmade and may have slight variations or dissimilarities that are a natural outcome of the human involvement in the process. These minor variations of Stitches/Motifs add to its charm and ensure its uniqueness & authenticity. Product Quality Disclaimer All the sellers on boarded here are thoroughly verified weavers, artisans, societies and producer companies. All the sellers in india handmade have agreed to sell authentic and handmade products only. All the responsibility regarding the quality / authenticity of the product lies with the sellers. Skip to the end of the images gallery Skip to the beginning of the images gallery I'm a Buyer I'm a","Rattan with fabric upholstery Seating Capacity: Three-seat arrangement Pre-Assembled: No assembly required Warranty: 1-year warranty on manufacturing defects Weather Friendly: Suitable for all seasons State of Origin: Uttar Pradesh How to Care? To maintain its beauty, clean the rattan frame with a dry or slightly damp cloth. Avoid prolonged exposure to direct sunlight and excessive moisture. The fabric upholstery can be spot-cleaned as needed. With its natural appeal and sturdy construction, this handcrafted rattan sofa set is a timeless piece for any home. Whether placed in a living room or a cosy corner, it enhances the ambience with its charm and functionality. Product Specification A blend of traditional craftsmanship and contemporary aesthetics, this handcrafted rattan sofa set is a perfect addition to any living space. Designed for both comfort and durability , the set is crafted from high-quality rattan, offering a warm and inviting seating arrangement. With its natural brown finish , it complements various interior styles, bringing a touch of elegance to your home. Item Type: Handicraft Dimensions: 72(L) x 32(D) x 34(H) inches Material: Rattan with fabric upholstery Seating Capacity: Three-seat arrangement Pre-Assembled: No assembly required Warranty: 1-year warranty on manufacturing defects Weather Friendly: Suitable for all seasons State of Origin: Uttar Pradesh More Information More Information Item Type Handicraft Size Full SIZE SOFA SET Size Unit INCH Material Cane & Bamboo State of Origin Uttar Pradesh Care Instructions Good in all Whether Color Brown Expected Dispatch Days 1 ( Ready to Ship) Reviews Write Your Own Review Only registered users can write reviews. Please Sign in or create an account Disclaimer Product Disclaimer This product is handmade and may have slight variations or dissimilarities that are a natural outcome of the human involvement in the process. These minor variations of Stitches/Motifs add to its charm and ensure its uniqueness & authenticity. Product Quality Disclaimer All the sellers on boarded here are thoroughly verified weavers, artisans, societies and producer companies. All the sellers in india handmade have agreed to sell authentic and handmade products only. All the responsibility regarding the quality / authenticity of the product lies with the sellers. Skip to the end of the images gallery Skip to the beginning of the images gallery I'm a Buyer I'm a","Uttar Pradesh How to Care? To maintain its beauty, clean the rattan frame with a dry or slightly damp cloth. Avoid prolonged exposure to direct sunlight and excessive moisture. The fabric upholstery can be spot-cleaned as needed. With its natural appeal and sturdy construction, this handcrafted rattan sofa set is a timeless piece for any home. Whether placed in a living room or a cosy corner, it enhances the ambience with its charm and functionality. Product Specification A blend of traditional craftsmanship and contemporary aesthetics, this handcrafted rattan sofa set is a perfect addition to any living space. Designed for both comfort and durability , the set is crafted from high-quality rattan, offering a warm and inviting seating arrangement. With its natural brown finish , it complements various interior styles, bringing a touch of elegance to your home. Item Type: Handicraft Dimensions: 72(L) x 32(D) x 34(H) inches Material: Rattan with fabric upholstery Seating Capacity: Three-seat arrangement Pre-Assembled: No assembly required Warranty: 1-year warranty on manufacturing defects Weather Friendly: Suitable for all seasons State of Origin: Uttar Pradesh More Information More Information Item Type Handicraft Size Full SIZE SOFA SET Size Unit INCH Material Cane & Bamboo State of Origin Uttar Pradesh Care Instructions Good in all Whether Color Brown Expected Dispatch Days 1 ( Ready to Ship) Reviews Write Your Own Review Only registered users can write reviews. Please Sign in or create an account Disclaimer Product Disclaimer This product is handmade and may have slight variations or dissimilarities that are a natural outcome of the human involvement in the process. These minor variations of Stitches/Motifs add to its charm and ensure its uniqueness & authenticity. Product Quality Disclaimer All the sellers on boarded here are thoroughly verified weavers, artisans, societies and producer companies. All the sellers in india handmade have agreed to sell authentic and handmade products only. All the responsibility regarding the quality / authenticity of the product lies with the sellers. Skip to the end of the images gallery Skip to the beginning of the images gallery I'm a Buyer I'm a","72(L) x 32(D) x 34(H) inches Material: Rattan with fabric upholstery Seating Capacity: Three-seat arrangement Pre-Assembled: No assembly required Warranty: 1-year warranty on manufacturing defects Weather Friendly: Suitable for all seasons State of Origin: Uttar Pradesh How to Care? To maintain its beauty, clean the rattan frame with a dry or slightly damp cloth. Avoid prolonged exposure to direct sunlight and excessive moisture. The fabric upholstery can be spot-cleaned as needed. With its natural appeal and sturdy construction, this handcrafted rattan sofa set is a timeless piece for any home. Whether placed in a living room or a cosy corner, it enhances the ambience with its charm and functionality. Product Specification A blend of traditional craftsmanship and contemporary aesthetics, this handcrafted rattan sofa set is a perfect addition to any living space. Designed for both comfort and durability , the set is crafted from high-quality rattan, offering a warm and inviting seating arrangement. With its natural brown finish , it complements various interior styles, bringing a touch of elegance to your home. Item Type: Handicraft Dimensions: 72(L) x 32(D) x 34(H) inches Material: Rattan with fabric upholstery Seating Capacity: Three-seat arrangement Pre-Assembled: No assembly required Warranty: 1-year warranty on manufacturing defects Weather Friendly: Suitable for all seasons State of Origin: Uttar Pradesh More Information More Information Item Type Handicraft Size Full SIZE SOFA SET Size Unit INCH Material Cane & Bamboo State of Origin Uttar Pradesh Care Instructions Good in all Whether Color Brown Expected Dispatch Days 1 ( Ready to Ship) Reviews Write Your Own Review Only registered users can write reviews. Please Sign in or create an account Disclaimer Product Disclaimer This product is handmade and may have slight variations or dissimilarities that are a natural outcome of the human involvement in the process. These minor variations of Stitches/Motifs add to its charm and ensure its uniqueness & authenticity. Product Quality Disclaimer All the sellers on boarded here are thoroughly verified weavers, artisans, societies and producer companies. All the sellers in india handmade have agreed to sell authentic and handmade products only. All the responsibility regarding the quality / authenticity of the product lies with the sellers. Skip to the end of the images gallery Skip to the beginning of the images gallery I'm a Buyer I'm a",IndiaHandmade,https://www.indiahandmade.com/buy-handcrafted-rattan-sofa-set-online.html,Handicraft,Rattan with fabric upholstery Seating Capacity: Three-seat arrangement Pre-Assembled: No assembly required Warranty: 1-year warranty on manufacturing defects Weather Friendly: Suitable for all seasons,Uttar Pradesh,72(L) x 32(D) x 34(H) inches,cane,handicraft
Handcrafted Lightweight Natural Pale Brown Cane Sofa Set|Brown,25999.0,32500.0,20.003076923076925,cane,sofa,,"it is light; flexible enough to be shaped into curves; strong enough to bear sustained weight; and naturally resistant to the kind of humidity that destroys denser wooden furniture over time. Making a sofa set of this complexity begins with the selection and preparation of the rattan cane. The thicker poles form the structural skeleton—the legs, the seat frame, and the arching backrest supports—and are soaked and heat-bent into shape before being lashed together at the joints with thinner cane bindings. This binding work is where a craftsman's skill becomes most visible. The joints on this set are wrapped in a regular, overlapping pattern that is both structurally sound and visually considered—look at the junctions on the armrests or the back frame, and you will see the care in it. The decorative fretwork panels in the backrest and armrests are worked separately, each one a lattice of shaped cane pieces arranged into the repeating arch and oval pattern that gives this set its personality. These panels are then fitted into the frame and secured, adding rigidity to the structure while opening the design up visually — that airiness is not accidental, it is engineered. The whole frame is then cleaned, lightly finished, and paired with padded cushions in a rich red that offsets the natural warmth of the cane without competing with it. What sets this set apart? Most furniture in this category makes a choice between looks and practicality. A sofa set that photographs well often turns out to be heavy, difficult to shift, and unforgiving in a smaller room. This one does not make that compromise. The cane construction means that the whole set—sofa and two chairs—can be rearranged by one person without a second pair of hands or a shifted back. It also means the furniture breathes, which matters considerably in Indian summers: sitting in a cane chair does not trap heat the way upholstered foam-over-wood seating does. The decorative fretwork is the other thing worth noting. The arched and oval lattice pattern running across the backs and arms of all three pieces is not applied to the surface — it is structural, part of the frame itself. This means it will not peel, chip, or delaminate with age. What you see when the set is new is essentially what you will see ten years from now, assuming it is cared for reasonably. How to care? Wipe the cane frame regularly with a soft dry cloth to remove dust from the fretwork panels For deeper cleaning, use a barely damp cloth—avoid soaking the cane or leaving standing moisture on the frame The cushion covers should be removed and hand-washed or dry-cleaned periodically Keep the set away from prolonged direct sunlight, which can bleach and dry out the cane over time Occasionally apply a light coat of linseed oil or furniture wax to the frame to prevent drying and maintain the natural finish This set performs well in all indoor weather conditions—normal household humidity will not compromise its structure If any binding works loose at a joint, it can be rewrapped with natural cane to restore the original strength Good furniture does not announce itself. It settles into a room, makes people comfortable, and stays. This cane sofa set has the materials, the craft, and the proportions to do exactly that. It comes from a tradition that has been making living rooms more livable for generations, and it carries that heritage in the way all well-made things do—quietly, and in the details. Bring it into your home, and it will reward the decision for a long time. Product Specification Handcrafted by skilled artisans from Uttar Pradesh using traditional cane and bamboo techniques. Set includes one two-seater sofa and two single armchairs. Sofa dimensions: 159 × 49 × 89 cm — standard proportions, comfortable for everyday seating. Open fretwork backrest and armrest panels in a repeating arch and oval motif. Natural pale brown cane frame with a light polished finish. Padded armrests and seat cushions in deep red upholstery — removable for cleaning. Significantly lighter than equivalent wooden or metal furniture — easy to rearrange without effort. Contemporary style that works in both traditional and modern living room settings. Eco-friendly and sustainably sourced natural materials. Suitable for living rooms, verandahs, balconies and home offices. Good in all indoor weather conditions — the cane frame is naturally resilient. More Information More Information Item Type Handicraft Size 159*49*89 cm Size Unit CM Material Cane & Bamboo State of Origin Uttar Pradesh Care Instructions Good in all Whether Color Brown Expected Dispatch Days 1 ( Ready to Ship) Reviews Write Your Own Review Only registered users can write reviews. Please Sign in or create an account Disclaimer Product Disclaimer This product is handmade and may have slight variations or dissimilarities that are a natural outcome of the human involvement in the process. These minor variations of Stitches/Motifs add to its charm and ensure its uniqueness & authenticity. Product Quality Disclaimer All the sellers on boarded here are thoroughly verified weavers, artisans, societies and producer companies. All the sellers in india handmade have agreed to sell authentic and handmade products only. All the responsibility regarding the quality / authenticity of the product lies with the sellers. Skip to the end of the images gallery Skip to the beginning of the images gallery I'm a Buyer I'm a",,"159 × 49 × 89 cm — standard proportions, comfortable for everyday seating. Open fretwork backrest and armrest panels in a repeating arch and oval motif. Natural pale brown cane frame with a light polished finish. Padded armrests and seat cushions in deep red upholstery — removable for cleaning. Significantly lighter than equivalent wooden or metal furniture — easy to rearrange without effort. Contemporary style that works in both traditional and modern living room settings. Eco-friendly and sustainably sourced natural materials. Suitable for living rooms, verandahs, balconies and home offices. Good in all indoor weather conditions — the cane frame is naturally resilient. More Information More Information Item Type Handicraft Size 159*49*89 cm Size Unit CM Material Cane & Bamboo State of Origin Uttar Pradesh Care Instructions Good in all Whether Color Brown Expected Dispatch Days 1 ( Ready to Ship) Reviews Write Your Own Review Only registered users can write reviews. Please Sign in or create an account Disclaimer Product Disclaimer This product is handmade and may have slight variations or dissimilarities that are a natural outcome of the human involvement in the process. These minor variations of Stitches/Motifs add to its charm and ensure its uniqueness & authenticity. Product Quality Disclaimer All the sellers on boarded here are thoroughly verified weavers, artisans, societies and producer companies. All the sellers in india handmade have agreed to sell authentic and handmade products only. All the responsibility regarding the quality / authenticity of the product lies with the sellers. Skip to the end of the images gallery Skip to the beginning of the images gallery I'm a Buyer I'm a",IndiaHandmade,https://www.indiahandmade.com/buy-handcrafted-lightweight-natural-pale-brown-cane-sofa-set-brown-online.html,,"it is light; flexible enough to be shaped into curves; strong enough to bear sustained weight; and naturally resistant to the kind of humidity that destroys denser wooden furniture over time. Making a sofa set of this complexity begins with the selection and preparation of the rattan cane. The thicker poles form the structural skeleton—the legs, the seat frame, and the arching backrest supports—and are soaked and heat-bent into shape before being lashed together at the joints with thinner cane bindings. This binding work is where a craftsman's skill becomes most visible. The joints on this set are wrapped in a regular, overlapping pattern that is both structurally sound and visually considered—look at the junctions on the armrests or the back frame, and you will see the care in it. The decorative fretwork panels in the backrest and armrests are worked separately, each one a lattice of shaped cane pieces arranged into the repeating arch and oval pattern that gives this set its personality. These panels are then fitted into the frame and secured, adding rigidity to the structure while opening the design up visually — that airiness is not accidental, it is engineered. The whole frame is then cleaned, lightly finished, and paired with padded cushions in a rich red that offsets the natural warmth of the cane without competing with it. What sets this set apart? Most furniture in this category makes a choice between looks and practicality. A sofa set that photographs well often turns out to be heavy, difficult to shift, and unforgiving in a smaller room. This one does not make that compromise. The cane construction means that the whole set—sofa and two chairs—can be rearranged by one person without a second pair of hands or a shifted back. It also means the furniture breathes, which matters considerably in Indian summers: sitting in a cane chair does not trap heat the way upholstered foam-over-wood seating does. The decorative fretwork is the other thing worth noting. The arched and oval lattice pattern running across the backs and arms of all three pieces is not applied to the surface — it is structural, part of the frame itself. This means it will not peel, chip, or delaminate with age. What you see when the set is new is essentially what you will see ten years from now, assuming it is cared for reasonably. How to care? Wipe the cane frame regularly with a soft dry cloth to remove dust from the fretwork panels For deeper cleaning, use a barely damp cloth—avoid soaking the cane or leaving standing moisture on the frame The cushion covers should be removed and hand-washed or dry-cleaned periodically Keep the set away from prolonged direct sunlight, which can bleach and dry out the cane over time Occasionally apply a light coat of linseed oil or furniture wax to the frame to prevent drying and maintain the natural finish This set performs well in all indoor weather conditions—normal household humidity will not compromise its structure If any binding works loose at a joint, it can be rewrapped with natural cane to restore the original strength Good furniture does not announce itself. It settles into a room, makes people comfortable, and stays. This cane sofa set has the materials, the craft, and the proportions to do exactly that. It comes from a tradition that has been making living rooms more livable for generations, and it carries that heritage in the way all well-made things do—quietly, and in the details. Bring it into your home, and it will reward the decision for a long time. Product Specification Handcrafted by skilled artisans from Uttar Pradesh using traditional cane and bamboo techniques. Set includes one two-seater sofa and two single armchairs. Sofa",,,bamboo,
Hand Embroidery Punjabi Jutti with Moti work,675.0,750.0,10.0,other,jutti,"Handicraft Color: YELLOW Size: 5 Occasion: Wedding State of Origin: Punjab More Information More Information Item Type Handicraft Color Yellow Size 5 Occasion Wedding State of Origin Punjab Expected Dispatch Days 1 ( Ready to Ship) Reviews Write Your Own Review Only registered users can write reviews. Please Sign in or create an account Disclaimer Product Disclaimer This product is handmade and may have slight variations or dissimilarities that are a natural outcome of the human involvement in the process. These minor variations of Stitches/Motifs add to its charm and ensure its uniqueness & authenticity. Product Quality Disclaimer All the sellers on boarded here are thoroughly verified weavers, artisans, societies and producer companies. All the sellers in india handmade have agreed to sell authentic and handmade products only. All the responsibility regarding the quality / authenticity of the product lies with the sellers. Skip to the end of the images gallery Skip to the beginning of the images gallery I'm a Buyer I'm a",,"Punjab More Information More Information Item Type Handicraft Color Yellow Size 5 Occasion Wedding State of Origin Punjab Expected Dispatch Days 1 ( Ready to Ship) Reviews Write Your Own Review Only registered users can write reviews. Please Sign in or create an account Disclaimer Product Disclaimer This product is handmade and may have slight variations or dissimilarities that are a natural outcome of the human involvement in the process. These minor variations of Stitches/Motifs add to its charm and ensure its uniqueness & authenticity. Product Quality Disclaimer All the sellers on boarded here are thoroughly verified weavers, artisans, societies and producer companies. All the sellers in india handmade have agreed to sell authentic and handmade products only. All the responsibility regarding the quality / authenticity of the product lies with the sellers. Skip to the end of the images gallery Skip to the beginning of the images gallery I'm a Buyer I'm a",,IndiaHandmade,https://www.indiahandmade.com/catalog/product/view/id/7046/s/buy-handmade-punjabi-jutti-with-pearls-work-online/category/473/,Handicraft Color: YELLOW Size: 5 Occasion: Wedding State of Origin: Punjab,,Punjab,,,handicraft
Handmade Bamboo & Cane Lounge Chair|36*14*16 Inch,3550.0,3600.0,1.3888888888888888,bamboo,chair,,,,"36 × 14 × 16 inches—a full-length lounger with a compact enough footprint for verandahs, balconies and smaller indoor spaces. Natural warm brown throughout—no synthetic staining; the colour is the material itself. Lightweight despite its size — easy to move between rooms or outdoors. An open slatted surface allows air circulation—it stays cool against the body in warm weather. Suitable for indoor and outdoor use in all normal weather conditions. Eco-friendly and sustainably sourced natural materials. Contemporary aesthetic that works in both traditional and modern interiors. More Information More Information Item Type Handicraft Size L= 36 INCH   B= 14INCH    H= 16 INCH Size Unit INCH Material Cane & Bamboo State of Origin Uttar Pradesh Care Instructions Good in all Whether Color Brown Expected Dispatch Days 1 ( Ready to Ship) Reviews Write Your Own Review Only registered users can write reviews. Please Sign in or create an account Disclaimer Product Disclaimer This product is handmade and may have slight variations or dissimilarities that are a natural outcome of the human involvement in the process. These minor variations of Stitches/Motifs add to its charm and ensure its uniqueness & authenticity. Product Quality Disclaimer All the sellers on boarded here are thoroughly verified weavers, artisans, societies and producer companies. All the sellers in india handmade have agreed to sell authentic and handmade products only. All the responsibility regarding the quality / authenticity of the product lies with the sellers. Skip to the end of the images gallery Skip to the beginning of the images gallery I'm a Buyer I'm a",IndiaHandmade,https://www.indiahandmade.com/buy-handmade-bamboo-cane-lounge-chair-36-14-16-inch-online.html,,,,,,
Handmade sturdy Bamboo Stool | 	30*27 cm | Brown,750.0,800.0,6.25,bamboo,stool,"Handicraft Size Unit: CM Material: Bamboo Occasion: Casual State of Origin: Madhya Pradesh More Information More Information Item Type Handicraft Size 30*27 Size Unit CM Material Bamboo Occasion Casual State of Origin Madhya Pradesh Care Instructions Cleaning: Use a damp cloth or sponge with mild soap to clean the bamboo surface. Avoid using abrasive or harsh chemicals that can damage the surface.  Drying: After cleaning, dry the bamboo product thoroughly with a clean towel. Color Brown Expected Dispatch Days 1 ( Ready to Ship) Reviews Write Your Own Review Only registered users can write reviews. Please Sign in or create an account Disclaimer Product Disclaimer This product is handmade and may have slight variations or dissimilarities that are a natural outcome of the human involvement in the process. These minor variations of Stitches/Motifs add to its charm and ensure its uniqueness & authenticity. Product Quality Disclaimer All the sellers on boarded here are thoroughly verified weavers, artisans, societies and producer companies. All the sellers in india handmade have agreed to sell authentic and handmade products only. All the responsibility regarding the quality / authenticity of the product lies with the sellers. Skip to the end of the images gallery Skip to the beginning of the images gallery I'm a Buyer I'm a","Bamboo Occasion: Casual State of Origin: Madhya Pradesh More Information More Information Item Type Handicraft Size 30*27 Size Unit CM Material Bamboo Occasion Casual State of Origin Madhya Pradesh Care Instructions Cleaning: Use a damp cloth or sponge with mild soap to clean the bamboo surface. Avoid using abrasive or harsh chemicals that can damage the surface.  Drying: After cleaning, dry the bamboo product thoroughly with a clean towel. Color Brown Expected Dispatch Days 1 ( Ready to Ship) Reviews Write Your Own Review Only registered users can write reviews. Please Sign in or create an account Disclaimer Product Disclaimer This product is handmade and may have slight variations or dissimilarities that are a natural outcome of the human involvement in the process. These minor variations of Stitches/Motifs add to its charm and ensure its uniqueness & authenticity. Product Quality Disclaimer All the sellers on boarded here are thoroughly verified weavers, artisans, societies and producer companies. All the sellers in india handmade have agreed to sell authentic and handmade products only. All the responsibility regarding the quality / authenticity of the product lies with the sellers. Skip to the end of the images gallery Skip to the beginning of the images gallery I'm a Buyer I'm a","Madhya Pradesh More Information More Information Item Type Handicraft Size 30*27 Size Unit CM Material Bamboo Occasion Casual State of Origin Madhya Pradesh Care Instructions Cleaning: Use a damp cloth or sponge with mild soap to clean the bamboo surface. Avoid using abrasive or harsh chemicals that can damage the surface.  Drying: After cleaning, dry the bamboo product thoroughly with a clean towel. Color Brown Expected Dispatch Days 1 ( Ready to Ship) Reviews Write Your Own Review Only registered users can write reviews. Please Sign in or create an account Disclaimer Product Disclaimer This product is handmade and may have slight variations or dissimilarities that are a natural outcome of the human involvement in the process. These minor variations of Stitches/Motifs add to its charm and ensure its uniqueness & authenticity. Product Quality Disclaimer All the sellers on boarded here are thoroughly verified weavers, artisans, societies and producer companies. All the sellers in india handmade have agreed to sell authentic and handmade products only. All the responsibility regarding the quality / authenticity of the product lies with the sellers. Skip to the end of the images gallery Skip to the beginning of the images gallery I'm a Buyer I'm a",,IndiaHandmade,https://www.indiahandmade.com/catalog/product/view/id/3547/s/buy-handmade-sturdy-bamboo-stool-online/category/473/,Handicraft Size Unit: CM,Bamboo Occasion: Casual,Madhya Pradesh,,bamboo,handicraft
Lotus Minimalistic Necklace | Green,300.0,350.0,14.285714285714285,other,necklace,,,,,IndiaHandmade,https://www.indiahandmade.com/catalog/product/view/id/19549/s/buy-lotus-minimalistic-necklace-online/category/473/,,,,,,
Handmade Laptop Bag | Jute & Cotton,1000.0,1500.0,33.33333333333333,jute,bag,,,,,IndiaHandmade,https://www.indiahandmade.com/catalog/product/view/id/19657/s/labtop-bag/category/473/,,,,,,
Handcrafted Wooden Serving Trolley,12500.0,19500.0,35.8974358974359,wood,trolley,"Handicraft Material : Wood Size : 15x15 inches Finish : Available in natural, walnut, cherry and mahogany State of Origin : Uttar Pradesh How to Care? To maintain its beauty and longevity, use a soft, damp cloth to clean the surface regularly. Avoid using abrasive cleaners or excessive water. The handcrafted wooden serving trolley is more than just a functional piece—it is a reflection of skilled craftsmanship and timeless elegance. Designed to elevate your hospitality, it is a versatile and sophisticated addition to any space. Product Specification The handcrafted wooden serving trolley is a perfect blend of utility and elegance. Designed to enhance your serving experience, this exquisite piece is ideal for homes, restaurants and event spaces. Crafted with precision, it seamlessly combines practicality and style. Item Type: Handicraft Material : Wood Size : 15x15 inches Finish : Available in natural, walnut, cherry and mahogany State of Origin : Uttar Pradesh More Information More Information Item Type Handicraft Size 15 x 15 Size Unit INCH Material WOOD State of Origin Uttar Pradesh Care Instructions USE AND CLEAN Color Brown Expected Dispatch Days 1 ( Ready to Ship) Reviews Write Your Own Review Only registered users can write reviews. Please Sign in or create an account Disclaimer Product Disclaimer This product is handmade and may have slight variations or dissimilarities that are a natural outcome of the human involvement in the process. These minor variations of Stitches/Motifs add to its charm and ensure its uniqueness & authenticity. Product Quality Disclaimer All the sellers on boarded here are thoroughly verified weavers, artisans, societies and producer companies. All the sellers in india handmade have agreed to sell authentic and handmade products only. All the responsibility regarding the quality / authenticity of the product lies with the sellers. Skip to the end of the images gallery Skip to the beginning of the images gallery I'm a Buyer I'm a","Wood Size : 15x15 inches Finish : Available in natural, walnut, cherry and mahogany State of Origin : Uttar Pradesh How to Care? To maintain its beauty and longevity, use a soft, damp cloth to clean the surface regularly. Avoid using abrasive cleaners or excessive water. The handcrafted wooden serving trolley is more than just a functional piece—it is a reflection of skilled craftsmanship and timeless elegance. Designed to elevate your hospitality, it is a versatile and sophisticated addition to any space. Product Specification The handcrafted wooden serving trolley is a perfect blend of utility and elegance. Designed to enhance your serving experience, this exquisite piece is ideal for homes, restaurants and event spaces. Crafted with precision, it seamlessly combines practicality and style. Item Type: Handicraft Material : Wood Size : 15x15 inches Finish : Available in natural, walnut, cherry and mahogany State of Origin : Uttar Pradesh More Information More Information Item Type Handicraft Size 15 x 15 Size Unit INCH Material WOOD State of Origin Uttar Pradesh Care Instructions USE AND CLEAN Color Brown Expected Dispatch Days 1 ( Ready to Ship) Reviews Write Your Own Review Only registered users can write reviews. Please Sign in or create an account Disclaimer Product Disclaimer This product is handmade and may have slight variations or dissimilarities that are a natural outcome of the human involvement in the process. These minor variations of Stitches/Motifs add to its charm and ensure its uniqueness & authenticity. Product Quality Disclaimer All the sellers on boarded here are thoroughly verified weavers, artisans, societies and producer companies. All the sellers in india handmade have agreed to sell authentic and handmade products only. All the responsibility regarding the quality / authenticity of the product lies with the sellers. Skip to the end of the images gallery Skip to the beginning of the images gallery I'm a Buyer I'm a","Uttar Pradesh How to Care? To maintain its beauty and longevity, use a soft, damp cloth to clean the surface regularly. Avoid using abrasive cleaners or excessive water. The handcrafted wooden serving trolley is more than just a functional piece—it is a reflection of skilled craftsmanship and timeless elegance. Designed to elevate your hospitality, it is a versatile and sophisticated addition to any space. Product Specification The handcrafted wooden serving trolley is a perfect blend of utility and elegance. Designed to enhance your serving experience, this exquisite piece is ideal for homes, restaurants and event spaces. Crafted with precision, it seamlessly combines practicality and style. Item Type: Handicraft Material : Wood Size : 15x15 inches Finish : Available in natural, walnut, cherry and mahogany State of Origin : Uttar Pradesh More Information More Information Item Type Handicraft Size 15 x 15 Size Unit INCH Material WOOD State of Origin Uttar Pradesh Care Instructions USE AND CLEAN Color Brown Expected Dispatch Days 1 ( Ready to Ship) Reviews Write Your Own Review Only registered users can write reviews. Please Sign in or create an account Disclaimer Product Disclaimer This product is handmade and may have slight variations or dissimilarities that are a natural outcome of the human involvement in the process. These minor variations of Stitches/Motifs add to its charm and ensure its uniqueness & authenticity. Product Quality Disclaimer All the sellers on boarded here are thoroughly verified weavers, artisans, societies and producer companies. All the sellers in india handmade have agreed to sell authentic and handmade products only. All the responsibility regarding the quality / authenticity of the product lies with the sellers. Skip to the end of the images gallery Skip to the beginning of the images gallery I'm a Buyer I'm a",,IndiaHandmade,https://www.indiahandmade.com/catalog/product/view/id/17190/s/buy-handcrafted-wooden-serving-trolley-online/category/473/,"Handicraft Material : Wood Size : 15x15 inches Finish : Available in natural, walnut, cherry and mahogany State of Origin : Uttar Pradesh","Wood Size : 15x15 inches Finish : Available in natural, walnut, cherry and mahogany",Uttar Pradesh,,wood,handicraft
SHEESHAM WOOD SIDE TABLE,17500.0,18500.0,5.405405405405405,wood,table,,"The table is crafted from high-quality wood, which gives it a sturdy and durable structure. The wood appears to be polished, highlighting its natural grain and adding a glossy finish. Inlay Work: The tabletop features intricate inlay work, likely made from mother of pearl, bone, or another decorative material. This inlay work is designed in ornate patterns, enhancing the visual appeal of the table. Design: The table has a unique square shape with a wavy or scalloped edge, adding a touch of elegance to its appearance. The legs are intricately carved, adding to the table’s traditional and ornate look. Product Specification The image shows a beautifully crafted wooden table with inlay work. The table features a square top with intricate designs, likely made from mother of pearl or another decorative material, set into the wood. The edges of the tabletop have a wavy design, adding a touch of elegance. The table is supported by four robust, carved legs that are also adorned with decorative inlay patterns. More Information More Information Item Type Handicraft Exact Size(L*B*H) 16X16X16 Size Unit INCH Color Brown Material WOOD State of Origin Uttar Pradesh Care Instructions USE AND CLEAN AND DRY PLACE Expected Dispatch Days 1 ( Ready to Ship) Reviews Write Your Own Review Only registered users can write reviews. Please Sign in or create an account Disclaimer Product Disclaimer This product is handmade and may have slight variations or dissimilarities that are a natural outcome of the human involvement in the process. These minor variations of Stitches/Motifs add to its charm and ensure its uniqueness & authenticity. Product Quality Disclaimer All the sellers on boarded here are thoroughly verified weavers, artisans, societies and producer companies. All the sellers in india handmade have agreed to sell authentic and handmade products only. All the responsibility regarding the quality / authenticity of the product lies with the sellers. Skip to the end of the images gallery Skip to the beginning of the images gallery I'm a Buyer I'm a",,,IndiaHandmade,https://www.indiahandmade.com/catalog/product/view/id/17233/s/sheesham-wood-side-table/category/473/,,"The table is crafted from high-quality wood, which gives it a sturdy and durable structure. The wood appears to be polished, highlighting its natural grain and adding a glossy finish. Inlay Work: The tabletop features intricate inlay work, likely made from mother of pearl, bone, or another decorative material. This inlay work is designed in ornate patterns, enhancing the visual appeal of the table. Design: The table has a unique square shape with a wavy or scalloped edge, adding a touch of elegance to its appearance. The legs are intricately carved, adding to the table’s traditional and ornate look. Product Specification The image shows a beautifully crafted wooden table with inlay work. The table features a square top with intricate designs, likely made from mother of pearl or another decorative material, set into the wood. The edges of the tabletop have a wavy design, adding a touch of elegance. The table is supported by four robust, carved legs that are also adorned with decorative inlay patterns.",,,wood,
Handcrafted Wooden Side Stool | 12x10x12 Inches,1200.0,1500.0,20.0,wood,stool,"Handicraft Material: Solid wood Design: Square top with intricately carved pattern Size: 12x10x12 inches Colour: Natural brown finish, showcasing wood grain texture State of Origin: Uttar Pradesh How to Care? Keep the stool in a clean and dry place. Regularly wipe with a soft, dry cloth to preserve its polished finish and prevent moisture damage. This handcrafted wooden side stool is a testament to skilled craftsmanship, combining practicality with artistic design. It serves as a durable and elegant piece that complements any room. Product Specification Item Type: Handicraft Material: Solid wood Design: Square top with intricately carved pattern Size: 12x10x12 inches Colour: Natural brown finish, showcasing wood grain texture State of Origin: Uttar Pradesh More Information More Information Item Type Handicraft Exact Size(L*B*H) 12X10X12 Size Unit INCH Color Brown Material WOOD State of Origin Uttar Pradesh Care Instructions USE AND CLEAN IN DRY PLACE Expected Dispatch Days 1 ( Ready to Ship) Reviews Write Your Own Review Only registered users can write reviews. Please Sign in or create an account Disclaimer Product Disclaimer This product is handmade and may have slight variations or dissimilarities that are a natural outcome of the human involvement in the process. These minor variations of Stitches/Motifs add to its charm and ensure its uniqueness & authenticity. Product Quality Disclaimer All the sellers on boarded here are thoroughly verified weavers, artisans, societies and producer companies. All the sellers in india handmade have agreed to sell authentic and handmade products only. All the responsibility regarding the quality / authenticity of the product lies with the sellers. Skip to the end of the images gallery Skip to the beginning of the images gallery I'm a Buyer I'm a","Solid wood Design: Square top with intricately carved pattern Size: 12x10x12 inches Colour: Natural brown finish, showcasing wood grain texture State of Origin: Uttar Pradesh How to Care? Keep the stool in a clean and dry place. Regularly wipe with a soft, dry cloth to preserve its polished finish and prevent moisture damage. This handcrafted wooden side stool is a testament to skilled craftsmanship, combining practicality with artistic design. It serves as a durable and elegant piece that complements any room. Product Specification Item Type: Handicraft Material: Solid wood Design: Square top with intricately carved pattern Size: 12x10x12 inches Colour: Natural brown finish, showcasing wood grain texture State of Origin: Uttar Pradesh More Information More Information Item Type Handicraft Exact Size(L*B*H) 12X10X12 Size Unit INCH Color Brown Material WOOD State of Origin Uttar Pradesh Care Instructions USE AND CLEAN IN DRY PLACE Expected Dispatch Days 1 ( Ready to Ship) Reviews Write Your Own Review Only registered users can write reviews. Please Sign in or create an account Disclaimer Product Disclaimer This product is handmade and may have slight variations or dissimilarities that are a natural outcome of the human involvement in the process. These minor variations of Stitches/Motifs add to its charm and ensure its uniqueness & authenticity. Product Quality Disclaimer All the sellers on boarded here are thoroughly verified weavers, artisans, societies and producer companies. All the sellers in india handmade have agreed to sell authentic and handmade products only. All the responsibility regarding the quality / authenticity of the product lies with the sellers. Skip to the end of the images gallery Skip to the beginning of the images gallery I'm a Buyer I'm a","Uttar Pradesh How to Care? Keep the stool in a clean and dry place. Regularly wipe with a soft, dry cloth to preserve its polished finish and prevent moisture damage. This handcrafted wooden side stool is a testament to skilled craftsmanship, combining practicality with artistic design. It serves as a durable and elegant piece that complements any room. Product Specification Item Type: Handicraft Material: Solid wood Design: Square top with intricately carved pattern Size: 12x10x12 inches Colour: Natural brown finish, showcasing wood grain texture State of Origin: Uttar Pradesh More Information More Information Item Type Handicraft Exact Size(L*B*H) 12X10X12 Size Unit INCH Color Brown Material WOOD State of Origin Uttar Pradesh Care Instructions USE AND CLEAN IN DRY PLACE Expected Dispatch Days 1 ( Ready to Ship) Reviews Write Your Own Review Only registered users can write reviews. Please Sign in or create an account Disclaimer Product Disclaimer This product is handmade and may have slight variations or dissimilarities that are a natural outcome of the human involvement in the process. These minor variations of Stitches/Motifs add to its charm and ensure its uniqueness & authenticity. Product Quality Disclaimer All the sellers on boarded here are thoroughly verified weavers, artisans, societies and producer companies. All the sellers in india handmade have agreed to sell authentic and handmade products only. All the responsibility regarding the quality / authenticity of the product lies with the sellers. Skip to the end of the images gallery Skip to the beginning of the images gallery I'm a Buyer I'm a",,IndiaHandmade,https://www.indiahandmade.com/catalog/product/view/id/17234/s/buy-handcrafted-wooden-side-stool-12x10x12-inches/category/473/,Handicraft,"Solid wood Design: Square top with intricately carved pattern Size: 12x10x12 inches Colour: Natural brown finish, showcasing wood grain texture",Uttar Pradesh,,wood,handicraft
Crochet Shell Dangler Earrings | Yellow,199.0,398.0,50.0,other,earrings,"Handicraft Size: Onesize Color: Yellow Material: Shell Occasion: Party More Information More Information Item Type Handicraft Size Onesize Color Yellow Material Shell Occasion Party State of Origin Haryana Expected Dispatch Days 1 ( Ready to Ship) Reviews Write Your Own Review Only registered users can write reviews. Please Sign in or create an account Disclaimer Product Disclaimer This product is handmade and may have slight variations or dissimilarities that are a natural outcome of the human involvement in the process. These minor variations of Stitches/Motifs add to its charm and ensure its uniqueness & authenticity. Product Quality Disclaimer All the sellers on boarded here are thoroughly verified weavers, artisans, societies and producer companies. All the sellers in india handmade have agreed to sell authentic and handmade products only. All the responsibility regarding the quality / authenticity of the product lies with the sellers. Skip to the end of the images gallery Skip to the beginning of the images gallery I'm a Buyer I'm a","Shell Occasion: Party More Information More Information Item Type Handicraft Size Onesize Color Yellow Material Shell Occasion Party State of Origin Haryana Expected Dispatch Days 1 ( Ready to Ship) Reviews Write Your Own Review Only registered users can write reviews. Please Sign in or create an account Disclaimer Product Disclaimer This product is handmade and may have slight variations or dissimilarities that are a natural outcome of the human involvement in the process. These minor variations of Stitches/Motifs add to its charm and ensure its uniqueness & authenticity. Product Quality Disclaimer All the sellers on boarded here are thoroughly verified weavers, artisans, societies and producer companies. All the sellers in india handmade have agreed to sell authentic and handmade products only. All the responsibility regarding the quality / authenticity of the product lies with the sellers. Skip to the end of the images gallery Skip to the beginning of the images gallery I'm a Buyer I'm a",,,IndiaHandmade,https://www.indiahandmade.com/catalog/product/view/id/17908/s/buy-trendy-crochet-shell-dangler-earrings-for-girls-online/category/473/,Handicraft Size: Onesize Color: Yellow,Shell Occasion: Party,,,shell occasion: party,handicraft
Prisha India Craft Premium Peg Measurer Jigger,340.0,680.0,50.0,other,other,,"Made from high quality stainless steel with shiny finish; precise measurements; versatile addition to flatware and bar accessories Perfect for Restaurant and Bar Use. Professional Bartending / Cocktail service supplies. More Information More Information Item Type Handicraft Exact Size(L*B*H) 3*3*10 Size Unit CM Color Silver Material steel State of Origin Haryana Care Instructions Hand Wash Only Expected Dispatch Days 1 ( Ready to Ship) Reviews Write Your Own Review Only registered users can write reviews. Please Sign in or create an account Disclaimer Product Disclaimer This product is handmade and may have slight variations or dissimilarities that are a natural outcome of the human involvement in the process. These minor variations of Stitches/Motifs add to its charm and ensure its uniqueness & authenticity. Product Quality Disclaimer All the sellers on boarded here are thoroughly verified weavers, artisans, societies and producer companies. All the sellers in india handmade have agreed to sell authentic and handmade products only. All the responsibility regarding the quality / authenticity of the product lies with the sellers. Skip to the end of the images gallery Skip to the beginning of the images gallery I'm a Buyer I'm a",,,IndiaHandmade,https://www.indiahandmade.com/catalog/product/view/id/18031/s/prisha-india-craft-premium-peg-measurer-jigger/category/473/,,Made from high quality stainless steel with shiny finish; precise measurements; versatile addition to flatware and bar accessories Perfect for Restaurant and Bar Use. Professional Bartending / Cocktail service supplies.,,,made from high quality stainless steel with shiny finish; precise measurements; versatile addition to flatware and bar accessories perfect for restaurant and bar use. professional bartending / cocktail service supplies.,
Terracotta Water Bottle with Floral Painting,420.0,,,terracotta,bottle,,,,,IndiaHandmade,https://www.indiahandmade.com/water-bottle-1.html,,,,,,
Handcrafted Metal Flower Planter | 50x50x50 cm,490.0,980.0,50.0,other,planter,,,,,IndiaHandmade,https://www.indiahandmade.com/catalog/product/view/id/16308/s/handcrafted-metal-flower-planter-for-sale-50x50x50-cm/category/473/,,,,,,
Handcrafted Metal Flower Planter | 50x50x50 cm,490.0,980.0,50.0,other,planter,,,,,IndiaHandmade,https://www.indiahandmade.com/catalog/product/view/id/16310/s/order-handcrafted-metal-flower-planter-50x50x50-cm/category/473/,,,,,,
Bottle cover-Onesize-Mustard,220.0,,,other,bottle,,"100% Cotton with Handcrafted Block Print. Eco-Friendly: Reusable and sustainable, reducing the need for disposable bags. Design: Available in various vibrant and elegant designs to suit any occasion. More Information More Information Item Type Handicraft Size Onesize Color Rust Fabric Cotton Material Cotton Occasion Office State of Origin Uttar Pradesh Care Instructions Hand wash cold, lay flat to dry. Iron on low if needed Expected Dispatch Days 1 ( Ready to Ship) Reviews Write Your Own Review Only registered users can write reviews. Please Sign in or create an account Disclaimer Product Disclaimer This product is handmade and may have slight variations or dissimilarities that are a natural outcome of the human involvement in the process. These minor variations of Stitches/Motifs add to its charm and ensure its uniqueness & authenticity. Product Quality Disclaimer All the sellers on boarded here are thoroughly verified weavers, artisans, societies and producer companies. All the sellers in india handmade have agreed to sell authentic and handmade products only. All the responsibility regarding the quality / authenticity of the product lies with the sellers. Skip to the end of the images gallery Skip to the beginning of the images gallery I'm a Buyer I'm a",,"Fits standard-sized wine and champagne bottles. Material: 100% Cotton with Handcrafted Block Print. Eco-Friendly: Reusable and sustainable, reducing the need for disposable bags. Design: Available in various vibrant and elegant designs to suit any occasion. More Information More Information Item Type Handicraft Size Onesize Color Rust Fabric Cotton Material Cotton Occasion Office State of Origin Uttar Pradesh Care Instructions Hand wash cold, lay flat to dry. Iron on low if needed Expected Dispatch Days 1 ( Ready to Ship) Reviews Write Your Own Review Only registered users can write reviews. Please Sign in or create an account Disclaimer Product Disclaimer This product is handmade and may have slight variations or dissimilarities that are a natural outcome of the human involvement in the process. These minor variations of Stitches/Motifs add to its charm and ensure its uniqueness & authenticity. Product Quality Disclaimer All the sellers on boarded here are thoroughly verified weavers, artisans, societies and producer companies. All the sellers in india handmade have agreed to sell authentic and handmade products only. All the responsibility regarding the quality / authenticity of the product lies with the sellers. Skip to the end of the images gallery Skip to the beginning of the images gallery I'm a Buyer I'm a",IndiaHandmade,https://www.indiahandmade.com/catalog/product/view/id/16594/s/bottle-cover-onesize-mustard/category/473/,,"100% Cotton with Handcrafted Block Print. Eco-Friendly: Reusable and sustainable, reducing the need for disposable bags. Design: Available in various vibrant and elegant designs to suit any occasion.",,,cotton,
Bottle cover-Onesize-Maroon,220.0,,,other,bottle,,"100% Cotton with Handcrafted Block Print. Eco-Friendly: Reusable and sustainable, reducing the need for disposable bags. Design: Available in various vibrant and elegant designs to suit any occasion. More Information More Information Item Type Handicraft Size Onesize Color Maroon Fabric Cotton Material Cotton Occasion Office State of Origin Uttar Pradesh Care Instructions Hand wash cold, lay flat to dry. Iron on low if needed Expected Dispatch Days 1 ( Ready to Ship) Reviews Write Your Own Review Only registered users can write reviews. Please Sign in or create an account Disclaimer Product Disclaimer This product is handmade and may have slight variations or dissimilarities that are a natural outcome of the human involvement in the process. These minor variations of Stitches/Motifs add to its charm and ensure its uniqueness & authenticity. Product Quality Disclaimer All the sellers on boarded here are thoroughly verified weavers, artisans, societies and producer companies. All the sellers in india handmade have agreed to sell authentic and handmade products only. All the responsibility regarding the quality / authenticity of the product lies with the sellers. Skip to the end of the images gallery Skip to the beginning of the images gallery I'm a Buyer I'm a",,"Fits standard-sized wine and champagne bottles. Material: 100% Cotton with Handcrafted Block Print. Eco-Friendly: Reusable and sustainable, reducing the need for disposable bags. Design: Available in various vibrant and elegant designs to suit any occasion. More Information More Information Item Type Handicraft Size Onesize Color Maroon Fabric Cotton Material Cotton Occasion Office State of Origin Uttar Pradesh Care Instructions Hand wash cold, lay flat to dry. Iron on low if needed Expected Dispatch Days 1 ( Ready to Ship) Reviews Write Your Own Review Only registered users can write reviews. Please Sign in or create an account Disclaimer Product Disclaimer This product is handmade and may have slight variations or dissimilarities that are a natural outcome of the human involvement in the process. These minor variations of Stitches/Motifs add to its charm and ensure its uniqueness & authenticity. Product Quality Disclaimer All the sellers on boarded here are thoroughly verified weavers, artisans, societies and producer companies. All the sellers in india handmade have agreed to sell authentic and handmade products only. All the responsibility regarding the quality / authenticity of the product lies with the sellers. Skip to the end of the images gallery Skip to the beginning of the images gallery I'm a Buyer I'm a",IndiaHandmade,https://www.indiahandmade.com/catalog/product/view/id/16595/s/bottle-cover-onesize-maroon/category/473/,,"100% Cotton with Handcrafted Block Print. Eco-Friendly: Reusable and sustainable, reducing the need for disposable bags. Design: Available in various vibrant and elegant designs to suit any occasion.",,,cotton,
Handcrafted Block Printed Cotton Bottle Bag | Reusable | Rust,220.0,,,cotton,bottle,,"100% Cotton with Handcrafted Block Print. Eco-Friendly: Reusable and sustainable, reducing the need for disposable bags. Design: Available in various vibrant and elegant designs to suit any occasion. Care Instructions: Hand wash cold, lay flat to dry. Iron on low if needed. More Information More Information Item Type Handicraft Exact Size(L*B*H) 10*10*33 Size Onesize Size Unit CM Color Rust Material Cotton Occasion Office State of Origin Uttar Pradesh Care Instructions Hand wash cold, lay flat to dry. Iron on low if needed Expected Dispatch Days 1 ( Ready to Ship) Reviews Write Your Own Review Only registered users can write reviews. Please Sign in or create an account Disclaimer Product Disclaimer This product is handmade and may have slight variations or dissimilarities that are a natural outcome of the human involvement in the process. These minor variations of Stitches/Motifs add to its charm and ensure its uniqueness & authenticity. Product Quality Disclaimer All the sellers on boarded here are thoroughly verified weavers, artisans, societies and producer companies. All the sellers in india handmade have agreed to sell authentic and handmade products only. All the responsibility regarding the quality / authenticity of the product lies with the sellers. Skip to the end of the images gallery Skip to the beginning of the images gallery I'm a Buyer I'm a",,"Fits standard-sized wine and champagne bottles. Material: 100% Cotton with Handcrafted Block Print. Eco-Friendly: Reusable and sustainable, reducing the need for disposable bags. Design: Available in various vibrant and elegant designs to suit any occasion. Care Instructions: Hand wash cold, lay flat to dry. Iron on low if needed. More Information More Information Item Type Handicraft Exact Size(L*B*H) 10*10*33 Size Onesize Size Unit CM Color Rust Material Cotton Occasion Office State of Origin Uttar Pradesh Care Instructions Hand wash cold, lay flat to dry. Iron on low if needed Expected Dispatch Days 1 ( Ready to Ship) Reviews Write Your Own Review Only registered users can write reviews. Please Sign in or create an account Disclaimer Product Disclaimer This product is handmade and may have slight variations or dissimilarities that are a natural outcome of the human involvement in the process. These minor variations of Stitches/Motifs add to its charm and ensure its uniqueness & authenticity. Product Quality Disclaimer All the sellers on boarded here are thoroughly verified weavers, artisans, societies and producer companies. All the sellers in india handmade have agreed to sell authentic and handmade products only. All the responsibility regarding the quality / authenticity of the product lies with the sellers. Skip to the end of the images gallery Skip to the beginning of the images gallery I'm a Buyer I'm a",IndiaHandmade,https://www.indiahandmade.com/catalog/product/view/id/16600/s/del49234798/category/473/,,"100% Cotton with Handcrafted Block Print. Eco-Friendly: Reusable and sustainable, reducing the need for disposable bags. Design: Available in various vibrant and elegant designs to suit any occasion.",,,cotton,
Handcrafted Block Printed Cotton Bottle Bag | Reusable | Maroon,220.0,,,cotton,bottle,,"100% Cotton with Handcrafted Block Print. Eco-Friendly: Reusable and sustainable, reducing the need for disposable bags. Design: Available in various vibrant and elegant designs to suit any occasion More Information More Information Item Type Handicraft Exact Size(L*B*H) 33*5*10 Size 4''x3'' Size Unit CM Color Maroon Material Cotton Occasion Office State of Origin Uttar Pradesh Care Instructions Hand wash cold, lay flat to dry. Iron on low if needed. Expected Dispatch Days 1 ( Ready to Ship) Reviews Write Your Own Review Only registered users can write reviews. Please Sign in or create an account Disclaimer Product Disclaimer This product is handmade and may have slight variations or dissimilarities that are a natural outcome of the human involvement in the process. These minor variations of Stitches/Motifs add to its charm and ensure its uniqueness & authenticity. Product Quality Disclaimer All the sellers on boarded here are thoroughly verified weavers, artisans, societies and producer companies. All the sellers in india handmade have agreed to sell authentic and handmade products only. All the responsibility regarding the quality / authenticity of the product lies with the sellers. Skip to the end of the images gallery Skip to the beginning of the images gallery I'm a Buyer I'm a",,"Fits standard-sized wine and champagne bottles. Material: 100% Cotton with Handcrafted Block Print. Eco-Friendly: Reusable and sustainable, reducing the need for disposable bags. Design: Available in various vibrant and elegant designs to suit any occasion More Information More Information Item Type Handicraft Exact Size(L*B*H) 33*5*10 Size 4''x3'' Size Unit CM Color Maroon Material Cotton Occasion Office State of Origin Uttar Pradesh Care Instructions Hand wash cold, lay flat to dry. Iron on low if needed. Expected Dispatch Days 1 ( Ready to Ship) Reviews Write Your Own Review Only registered users can write reviews. Please Sign in or create an account Disclaimer Product Disclaimer This product is handmade and may have slight variations or dissimilarities that are a natural outcome of the human involvement in the process. These minor variations of Stitches/Motifs add to its charm and ensure its uniqueness & authenticity. Product Quality Disclaimer All the sellers on boarded here are thoroughly verified weavers, artisans, societies and producer companies. All the sellers in india handmade have agreed to sell authentic and handmade products only. All the responsibility regarding the quality / authenticity of the product lies with the sellers. Skip to the end of the images gallery Skip to the beginning of the images gallery I'm a Buyer I'm a",IndiaHandmade,https://www.indiahandmade.com/catalog/product/view/id/16606/s/handcrafted-block-printed-bottle-bag-eco-friendly-reusable-wine-tote-perfect-for-gifting-and-storage-maroon-onesize/category/473/,,"100% Cotton with Handcrafted Block Print. Eco-Friendly: Reusable and sustainable, reducing the need for disposable bags. Design: Available in various vibrant and elegant designs to suit any occasion",,,cotton,
Jute Applique Handwork Bag,349.0,499.0,30.060120240480963,jute,bag,"Handicraft Bag Size: Onesize Dimensions: 10X6X8 inches Color: Khaki Material: Jute Occasion: Casual State of Origin: Uttar Pradesh Speciality: Delicate flower patchwork, eco-friendly, 100% natural burlap, waterproof, lightweight, durable More Information More Information Size 4''x3'' Dimensions 10X6X8 Color Khaki Material Jute Occasion Casual State of Origin Uttar Pradesh Expected Dispatch Days 1 ( Ready to Ship) Reviews Write Your Own Review Only registered users can write reviews. Please Sign in or create an account Disclaimer Product Disclaimer This product is handmade and may have slight variations or dissimilarities that are a natural outcome of the human involvement in the process. These minor variations of Stitches/Motifs add to its charm and ensure its uniqueness & authenticity. Product Quality Disclaimer All the sellers on boarded here are thoroughly verified weavers, artisans, societies and producer companies. All the sellers in india handmade have agreed to sell authentic and handmade products only. All the responsibility regarding the quality / authenticity of the product lies with the sellers. Skip to the end of the images gallery Skip to the beginning of the images gallery Related Products Check items to add to the cart or select all Jute Applique Handwork Bag Special Price ₹349.00 Regular Price ₹499.00 30% OFF Add to Cart Add to Wish List Add to Compare Eco-Friendly Jute Carry Bag Special Price ₹449.00 Regular Price ₹649.00 31% OFF Add to Cart Add to Wish List Add to Compare Eco Friendly Jute Handicraft Bag","Jute Occasion: Casual State of Origin: Uttar Pradesh Speciality: Delicate flower patchwork, eco-friendly, 100% natural burlap, waterproof, lightweight, durable More Information More Information Size 4''x3'' Dimensions 10X6X8 Color Khaki Material Jute Occasion Casual State of Origin Uttar Pradesh Expected Dispatch Days 1 ( Ready to Ship) Reviews Write Your Own Review Only registered users can write reviews. Please Sign in or create an account Disclaimer Product Disclaimer This product is handmade and may have slight variations or dissimilarities that are a natural outcome of the human involvement in the process. These minor variations of Stitches/Motifs add to its charm and ensure its uniqueness & authenticity. Product Quality Disclaimer All the sellers on boarded here are thoroughly verified weavers, artisans, societies and producer companies. All the sellers in india handmade have agreed to sell authentic and handmade products only. All the responsibility regarding the quality / authenticity of the product lies with the sellers. Skip to the end of the images gallery Skip to the beginning of the images gallery Related Products Check items to add to the cart or select all Jute Applique Handwork Bag Special Price ₹349.00 Regular Price ₹499.00 30% OFF Add to Cart Add to Wish List Add to Compare Eco-Friendly Jute Carry Bag Special Price ₹449.00 Regular Price ₹649.00 31% OFF Add to Cart Add to Wish List Add to Compare Eco Friendly Jute Handicraft Bag","Uttar Pradesh Speciality: Delicate flower patchwork, eco-friendly, 100% natural burlap, waterproof, lightweight, durable More Information More Information Size 4''x3'' Dimensions 10X6X8 Color Khaki Material Jute Occasion Casual State of Origin Uttar Pradesh Expected Dispatch Days 1 ( Ready to Ship) Reviews Write Your Own Review Only registered users can write reviews. Please Sign in or create an account Disclaimer Product Disclaimer This product is handmade and may have slight variations or dissimilarities that are a natural outcome of the human involvement in the process. These minor variations of Stitches/Motifs add to its charm and ensure its uniqueness & authenticity. Product Quality Disclaimer All the sellers on boarded here are thoroughly verified weavers, artisans, societies and producer companies. All the sellers in india handmade have agreed to sell authentic and handmade products only. All the responsibility regarding the quality / authenticity of the product lies with the sellers. Skip to the end of the images gallery Skip to the beginning of the images gallery Related Products Check items to add to the cart or select all Jute Applique Handwork Bag Special Price ₹349.00 Regular Price ₹499.00 30% OFF Add to Cart Add to Wish List Add to Compare Eco-Friendly Jute Carry Bag Special Price ₹449.00 Regular Price ₹649.00 31% OFF Add to Cart Add to Wish List Add to Compare Eco Friendly Jute Handicraft Bag","10X6X8 inches Color: Khaki Material: Jute Occasion: Casual State of Origin: Uttar Pradesh Speciality: Delicate flower patchwork, eco-friendly, 100% natural burlap, waterproof, lightweight, durable More Information More Information Size 4''x3'' Dimensions 10X6X8 Color Khaki Material Jute Occasion Casual State of Origin Uttar Pradesh Expected Dispatch Days 1 ( Ready to Ship) Reviews Write Your Own Review Only registered users can write reviews. Please Sign in or create an account Disclaimer Product Disclaimer This product is handmade and may have slight variations or dissimilarities that are a natural outcome of the human involvement in the process. These minor variations of Stitches/Motifs add to its charm and ensure its uniqueness & authenticity. Product Quality Disclaimer All the sellers on boarded here are thoroughly verified weavers, artisans, societies and producer companies. All the sellers in india handmade have agreed to sell authentic and handmade products only. All the responsibility regarding the quality / authenticity of the product lies with the sellers. Skip to the end of the images gallery Skip to the beginning of the images gallery Related Products Check items to add to the cart or select all Jute Applique Handwork Bag Special Price ₹349.00 Regular Price ₹499.00 30% OFF Add to Cart Add to Wish List Add to Compare Eco-Friendly Jute Carry Bag Special Price ₹449.00 Regular Price ₹649.00 31% OFF Add to Cart Add to Wish List Add to Compare Eco Friendly Jute Handicraft Bag",IndiaHandmade,https://www.indiahandmade.com/catalog/product/view/id/16858/s/stylish-eco-friendly-jute-applique-handwork-bag-for-women/category/473/,Handicraft Bag Size: Onesize,Jute Occasion: Casual,Uttar Pradesh,10X6X8 inches,jute,handicraft
Jute Applique Handwork Bag,349.0,499.0,30.060120240480963,jute,bag,"Handicraft Bag Size: Onesize Dimensions: 40X15X35 cm Color: Khaki Material: Jute Occasion: Casual State of Origin: Uttar Pradesh Speciality: Delicate flower patchwork, eco-friendly, 100% natural burlap, waterproof, lightweight, durable More Information More Information Size 4''x3'' Dimensions 30X15X25 Color Khaki Material Jute Occasion Casual State of Origin Uttar Pradesh Care Instructions Hand Wash Expected Dispatch Days 1 ( Ready to Ship) Reviews Write Your Own Review Only registered users can write reviews. Please Sign in or create an account Disclaimer Product Disclaimer This product is handmade and may have slight variations or dissimilarities that are a natural outcome of the human involvement in the process. These minor variations of Stitches/Motifs add to its charm and ensure its uniqueness & authenticity. Product Quality Disclaimer All the sellers on boarded here are thoroughly verified weavers, artisans, societies and producer companies. All the sellers in india handmade have agreed to sell authentic and handmade products only. All the responsibility regarding the quality / authenticity of the product lies with the sellers. Skip to the end of the images gallery Skip to the beginning of the images gallery I'm a Buyer I'm a","Jute Occasion: Casual State of Origin: Uttar Pradesh Speciality: Delicate flower patchwork, eco-friendly, 100% natural burlap, waterproof, lightweight, durable More Information More Information Size 4''x3'' Dimensions 30X15X25 Color Khaki Material Jute Occasion Casual State of Origin Uttar Pradesh Care Instructions Hand Wash Expected Dispatch Days 1 ( Ready to Ship) Reviews Write Your Own Review Only registered users can write reviews. Please Sign in or create an account Disclaimer Product Disclaimer This product is handmade and may have slight variations or dissimilarities that are a natural outcome of the human involvement in the process. These minor variations of Stitches/Motifs add to its charm and ensure its uniqueness & authenticity. Product Quality Disclaimer All the sellers on boarded here are thoroughly verified weavers, artisans, societies and producer companies. All the sellers in india handmade have agreed to sell authentic and handmade products only. All the responsibility regarding the quality / authenticity of the product lies with the sellers. Skip to the end of the images gallery Skip to the beginning of the images gallery I'm a Buyer I'm a","Uttar Pradesh Speciality: Delicate flower patchwork, eco-friendly, 100% natural burlap, waterproof, lightweight, durable More Information More Information Size 4''x3'' Dimensions 30X15X25 Color Khaki Material Jute Occasion Casual State of Origin Uttar Pradesh Care Instructions Hand Wash Expected Dispatch Days 1 ( Ready to Ship) Reviews Write Your Own Review Only registered users can write reviews. Please Sign in or create an account Disclaimer Product Disclaimer This product is handmade and may have slight variations or dissimilarities that are a natural outcome of the human involvement in the process. These minor variations of Stitches/Motifs add to its charm and ensure its uniqueness & authenticity. Product Quality Disclaimer All the sellers on boarded here are thoroughly verified weavers, artisans, societies and producer companies. All the sellers in india handmade have agreed to sell authentic and handmade products only. All the responsibility regarding the quality / authenticity of the product lies with the sellers. Skip to the end of the images gallery Skip to the beginning of the images gallery I'm a Buyer I'm a","40X15X35 cm Color: Khaki Material: Jute Occasion: Casual State of Origin: Uttar Pradesh Speciality: Delicate flower patchwork, eco-friendly, 100% natural burlap, waterproof, lightweight, durable More Information More Information Size 4''x3'' Dimensions 30X15X25 Color Khaki Material Jute Occasion Casual State of Origin Uttar Pradesh Care Instructions Hand Wash Expected Dispatch Days 1 ( Ready to Ship) Reviews Write Your Own Review Only registered users can write reviews. Please Sign in or create an account Disclaimer Product Disclaimer This product is handmade and may have slight variations or dissimilarities that are a natural outcome of the human involvement in the process. These minor variations of Stitches/Motifs add to its charm and ensure its uniqueness & authenticity. Product Quality Disclaimer All the sellers on boarded here are thoroughly verified weavers, artisans, societies and producer companies. All the sellers in india handmade have agreed to sell authentic and handmade products only. All the responsibility regarding the quality / authenticity of the product lies with the sellers. Skip to the end of the images gallery Skip to the beginning of the images gallery I'm a Buyer I'm a",IndiaHandmade,https://www.indiahandmade.com/buy-jute-applique-handwork-bag-online-india.html,Handicraft Bag Size: Onesize,Jute Occasion: Casual,Uttar Pradesh,40X15X35 cm,jute,handicraft
Eco Friendly Jute Handicraft Bag | Multicolor,499.0,699.0,28.61230329041488,jute,bag,"Handicraft Bag Size: Onesize Dimensions: 40X15X35 cm Color: Khaki Material: Jute Occasion: Casual State of Origin: Uttar Pradesh Speciality: Stylish owl patchwork, eco-friendly, 100% natural burlap, waterproof, lightweight, durable More Information More Information Size Onesize Dimensions 40X15X35 Color Khaki Material Jute Occasion Casual State of Origin Uttar Pradesh Care Instructions Hand Wash Expected Dispatch Days 1 ( Ready to Ship) Reviews Write Your Own Review Only registered users can write reviews. Please Sign in or create an account Disclaimer Product Disclaimer This product is handmade and may have slight variations or dissimilarities that are a natural outcome of the human involvement in the process. These minor variations of Stitches/Motifs add to its charm and ensure its uniqueness & authenticity. Product Quality Disclaimer All the sellers on boarded here are thoroughly verified weavers, artisans, societies and producer companies. All the sellers in india handmade have agreed to sell authentic and handmade products only. All the responsibility regarding the quality / authenticity of the product lies with the sellers. Skip to the end of the images gallery Skip to the beginning of the images gallery I'm a Buyer I'm a","Jute Occasion: Casual State of Origin: Uttar Pradesh Speciality: Stylish owl patchwork, eco-friendly, 100% natural burlap, waterproof, lightweight, durable More Information More Information Size Onesize Dimensions 40X15X35 Color Khaki Material Jute Occasion Casual State of Origin Uttar Pradesh Care Instructions Hand Wash Expected Dispatch Days 1 ( Ready to Ship) Reviews Write Your Own Review Only registered users can write reviews. Please Sign in or create an account Disclaimer Product Disclaimer This product is handmade and may have slight variations or dissimilarities that are a natural outcome of the human involvement in the process. These minor variations of Stitches/Motifs add to its charm and ensure its uniqueness & authenticity. Product Quality Disclaimer All the sellers on boarded here are thoroughly verified weavers, artisans, societies and producer companies. All the sellers in india handmade have agreed to sell authentic and handmade products only. All the responsibility regarding the quality / authenticity of the product lies with the sellers. Skip to the end of the images gallery Skip to the beginning of the images gallery I'm a Buyer I'm a","Uttar Pradesh Speciality: Stylish owl patchwork, eco-friendly, 100% natural burlap, waterproof, lightweight, durable More Information More Information Size Onesize Dimensions 40X15X35 Color Khaki Material Jute Occasion Casual State of Origin Uttar Pradesh Care Instructions Hand Wash Expected Dispatch Days 1 ( Ready to Ship) Reviews Write Your Own Review Only registered users can write reviews. Please Sign in or create an account Disclaimer Product Disclaimer This product is handmade and may have slight variations or dissimilarities that are a natural outcome of the human involvement in the process. These minor variations of Stitches/Motifs add to its charm and ensure its uniqueness & authenticity. Product Quality Disclaimer All the sellers on boarded here are thoroughly verified weavers, artisans, societies and producer companies. All the sellers in india handmade have agreed to sell authentic and handmade products only. All the responsibility regarding the quality / authenticity of the product lies with the sellers. Skip to the end of the images gallery Skip to the beginning of the images gallery I'm a Buyer I'm a","40X15X35 cm Color: Khaki Material: Jute Occasion: Casual State of Origin: Uttar Pradesh Speciality: Stylish owl patchwork, eco-friendly, 100% natural burlap, waterproof, lightweight, durable More Information More Information Size Onesize Dimensions 40X15X35 Color Khaki Material Jute Occasion Casual State of Origin Uttar Pradesh Care Instructions Hand Wash Expected Dispatch Days 1 ( Ready to Ship) Reviews Write Your Own Review Only registered users can write reviews. Please Sign in or create an account Disclaimer Product Disclaimer This product is handmade and may have slight variations or dissimilarities that are a natural outcome of the human involvement in the process. These minor variations of Stitches/Motifs add to its charm and ensure its uniqueness & authenticity. Product Quality Disclaimer All the sellers on boarded here are thoroughly verified weavers, artisans, societies and producer companies. All the sellers in india handmade have agreed to sell authentic and handmade products only. All the responsibility regarding the quality / authenticity of the product lies with the sellers. Skip to the end of the images gallery Skip to the beginning of the images gallery I'm a Buyer I'm a",IndiaHandmade,https://www.indiahandmade.com/catalog/product/view/id/16861/s/shop-eco-friendly-jute-handicraft-bag-online-india/category/473/,Handicraft Bag Size: Onesize,Jute Occasion: Casual,Uttar Pradesh,40X15X35 cm,jute,handicraft
Handmade Bamboo Chair,2500.0,3500.0,28.57142857142857,bamboo,chair,"Handicraft Material: Bamboo Color: Brown Size: 1.70 × 0.69 × 1.37 meters Occasion: Casual State of Origin: Assam Expected Dispatch: 1 Day (Ready to Ship) The design is simple yet purposeful, suitable for indoor corners, verandas, or relaxed seating spaces. Speciality of the Product What sets this bamboo chair apart is its thoughtful balance of sustainability and comfort. Bamboo’s natural flexibility offers gentle support, while its lightweight nature makes the chair easy to move. The hand-finished surface highlights the organic texture, adding warmth to any setting. Handmade vs Machine-Made Furniture Unlike factory-produced furniture, this handmade bamboo chair offers: Natural strength without chemical treatments Unique grain and texture in every piece Lower environmental impact Traditional craftsmanship that values durability over speed Machine-made furniture often relies on synthetic materials and uniform molds, while this chair celebrates individuality and eco-conscious living. Care Instructions Do not bend or overload Keep away from fire and excessive moisture Wipe with a dry or slightly damp cloth Store in a shaded, dry area With simple care, the chair maintains its strength and appearance for years. Product Specification Salient Features Crafted from natural, sustainable bamboo Lightweight yet sturdy construction Earthy brown tone that suits any décor Comfortable for casual seating Handmade using traditional Assamese techniques More Information More Information Item Type Handicraft Fabric Khadi Size 1.70*0.69*1.37 mtr Size Unit METER Material Bamboo Occasion Casual State of Origin Assam Care Instructions Do not bend, keep away from fire. Color Brown Expected Dispatch Days 1 ( Ready to Ship) Reviews Write Your Own Review Only registered users can write reviews. Please Sign in or create an account Disclaimer Product Disclaimer This product is handmade and may have slight variations or dissimilarities that are a natural outcome of the human involvement in the process. These minor variations of Stitches/Motifs add to its charm and ensure its uniqueness & authenticity. Product Quality Disclaimer All the sellers on boarded here are thoroughly verified weavers, artisans, societies and producer companies. All the sellers in india handmade have agreed to sell authentic and handmade products only. All the responsibility regarding the quality / authenticity of the product lies with the sellers. Skip to the end of the images gallery Skip to the beginning of the images gallery I'm a Buyer I'm a","Bamboo Color: Brown Size: 1.70 × 0.69 × 1.37 meters Occasion: Casual State of Origin: Assam Expected Dispatch: 1 Day (Ready to Ship) The design is simple yet purposeful, suitable for indoor corners, verandas, or relaxed seating spaces. Speciality of the Product What sets this bamboo chair apart is its thoughtful balance of sustainability and comfort. Bamboo’s natural flexibility offers gentle support, while its lightweight nature makes the chair easy to move. The hand-finished surface highlights the organic texture, adding warmth to any setting. Handmade vs Machine-Made Furniture Unlike factory-produced furniture, this handmade bamboo chair offers: Natural strength without chemical treatments Unique grain and texture in every piece Lower environmental impact Traditional craftsmanship that values durability over speed Machine-made furniture often relies on synthetic materials and uniform molds, while this chair celebrates individuality and eco-conscious living. Care Instructions Do not bend or overload Keep away from fire and excessive moisture Wipe with a dry or slightly damp cloth Store in a shaded, dry area With simple care, the chair maintains its strength and appearance for years. Product Specification Salient Features Crafted from natural, sustainable bamboo Lightweight yet sturdy construction Earthy brown tone that suits any décor Comfortable for casual seating Handmade using traditional Assamese techniques More Information More Information Item Type Handicraft Fabric Khadi Size 1.70*0.69*1.37 mtr Size Unit METER Material Bamboo Occasion Casual State of Origin Assam Care Instructions Do not bend, keep away from fire. Color Brown Expected Dispatch Days 1 ( Ready to Ship) Reviews Write Your Own Review Only registered users can write reviews. Please Sign in or create an account Disclaimer Product Disclaimer This product is handmade and may have slight variations or dissimilarities that are a natural outcome of the human involvement in the process. These minor variations of Stitches/Motifs add to its charm and ensure its uniqueness & authenticity. Product Quality Disclaimer All the sellers on boarded here are thoroughly verified weavers, artisans, societies and producer companies. All the sellers in india handmade have agreed to sell authentic and handmade products only. All the responsibility regarding the quality / authenticity of the product lies with the sellers. Skip to the end of the images gallery Skip to the beginning of the images gallery I'm a Buyer I'm a","Assam Expected Dispatch: 1 Day (Ready to Ship) The design is simple yet purposeful, suitable for indoor corners, verandas, or relaxed seating spaces. Speciality of the Product What sets this bamboo chair apart is its thoughtful balance of sustainability and comfort. Bamboo’s natural flexibility offers gentle support, while its lightweight nature makes the chair easy to move. The hand-finished surface highlights the organic texture, adding warmth to any setting. Handmade vs Machine-Made Furniture Unlike factory-produced furniture, this handmade bamboo chair offers: Natural strength without chemical treatments Unique grain and texture in every piece Lower environmental impact Traditional craftsmanship that values durability over speed Machine-made furniture often relies on synthetic materials and uniform molds, while this chair celebrates individuality and eco-conscious living. Care Instructions Do not bend or overload Keep away from fire and excessive moisture Wipe with a dry or slightly damp cloth Store in a shaded, dry area With simple care, the chair maintains its strength and appearance for years. Product Specification Salient Features Crafted from natural, sustainable bamboo Lightweight yet sturdy construction Earthy brown tone that suits any décor Comfortable for casual seating Handmade using traditional Assamese techniques More Information More Information Item Type Handicraft Fabric Khadi Size 1.70*0.69*1.37 mtr Size Unit METER Material Bamboo Occasion Casual State of Origin Assam Care Instructions Do not bend, keep away from fire. Color Brown Expected Dispatch Days 1 ( Ready to Ship) Reviews Write Your Own Review Only registered users can write reviews. Please Sign in or create an account Disclaimer Product Disclaimer This product is handmade and may have slight variations or dissimilarities that are a natural outcome of the human involvement in the process. These minor variations of Stitches/Motifs add to its charm and ensure its uniqueness & authenticity. Product Quality Disclaimer All the sellers on boarded here are thoroughly verified weavers, artisans, societies and producer companies. All the sellers in india handmade have agreed to sell authentic and handmade products only. All the responsibility regarding the quality / authenticity of the product lies with the sellers. Skip to the end of the images gallery Skip to the beginning of the images gallery I'm a Buyer I'm a",,IndiaHandmade,https://www.indiahandmade.com/catalog/product/view/id/18392/s/buy-handmade-bamboo-chair-online/category/473/,Handicraft,Bamboo Color: Brown Size: 1.70 × 0.69 × 1.37 meters Occasion: Casual,Assam,,bamboo,handicraft
Silk Thread Bangles | Brown | 2*4,130.0,150.0,13.333333333333334,silk,other,"Handicraft Size: 2*4 (Fits petite wrists or offers a snug fit) Color: Brown base with Gold Kundan detailing Material: Base: Lightweight Plastic Wrapping: High-Quality Silk Thread Embellishment: Premium Golden Kundan Stones State of Origin: Tamil Nadu, India Occasion: Weddings, ethnic festivals, religious gatherings, family functions More Information More Information Item Type Handicraft Size 2.4 Color Brown Material Bangles - Plastic, Wrapping - Premium Quality Silk Thread, Pasting - Premium Quality Stones/Coins State of Origin Tamil Nadu Care Instructions Keep Away from Water: Avoid contact with water, moisture, or sweat to preserve the silk thread and embellishments. Store Safely: Store the bangles in a dry, airtight box or pouch to prevent dust, moisture, and damage. Avoid Chemicals: Keep them away from Expected Dispatch Days 1 ( Ready to Ship) Reviews Write Your Own Review Only registered users can write reviews. Please Sign in or create an account Disclaimer Product Disclaimer This product is handmade and may have slight variations or dissimilarities that are a natural outcome of the human involvement in the process. These minor variations of Stitches/Motifs add to its charm and ensure its uniqueness & authenticity. Product Quality Disclaimer All the sellers on boarded here are thoroughly verified weavers, artisans, societies and producer companies. All the sellers in india handmade have agreed to sell authentic and handmade products only. All the responsibility regarding the quality / authenticity of the product lies with the sellers. Skip to the end of the images gallery Skip to the beginning of the images gallery I'm a Buyer I'm a","Base: Lightweight Plastic Wrapping: High-Quality Silk Thread Embellishment: Premium Golden Kundan Stones State of Origin: Tamil Nadu, India Occasion: Weddings, ethnic festivals, religious gatherings, family functions More Information More Information Item Type Handicraft Size 2.4 Color Brown Material Bangles - Plastic, Wrapping - Premium Quality Silk Thread, Pasting - Premium Quality Stones/Coins State of Origin Tamil Nadu Care Instructions Keep Away from Water: Avoid contact with water, moisture, or sweat to preserve the silk thread and embellishments. Store Safely: Store the bangles in a dry, airtight box or pouch to prevent dust, moisture, and damage. Avoid Chemicals: Keep them away from Expected Dispatch Days 1 ( Ready to Ship) Reviews Write Your Own Review Only registered users can write reviews. Please Sign in or create an account Disclaimer Product Disclaimer This product is handmade and may have slight variations or dissimilarities that are a natural outcome of the human involvement in the process. These minor variations of Stitches/Motifs add to its charm and ensure its uniqueness & authenticity. Product Quality Disclaimer All the sellers on boarded here are thoroughly verified weavers, artisans, societies and producer companies. All the sellers in india handmade have agreed to sell authentic and handmade products only. All the responsibility regarding the quality / authenticity of the product lies with the sellers. Skip to the end of the images gallery Skip to the beginning of the images gallery I'm a Buyer I'm a","Tamil Nadu, India Occasion: Weddings, ethnic festivals, religious gatherings, family functions More Information More Information Item Type Handicraft Size 2.4 Color Brown Material Bangles - Plastic, Wrapping - Premium Quality Silk Thread, Pasting - Premium Quality Stones/Coins State of Origin Tamil Nadu Care Instructions Keep Away from Water: Avoid contact with water, moisture, or sweat to preserve the silk thread and embellishments. Store Safely: Store the bangles in a dry, airtight box or pouch to prevent dust, moisture, and damage. Avoid Chemicals: Keep them away from Expected Dispatch Days 1 ( Ready to Ship) Reviews Write Your Own Review Only registered users can write reviews. Please Sign in or create an account Disclaimer Product Disclaimer This product is handmade and may have slight variations or dissimilarities that are a natural outcome of the human involvement in the process. These minor variations of Stitches/Motifs add to its charm and ensure its uniqueness & authenticity. Product Quality Disclaimer All the sellers on boarded here are thoroughly verified weavers, artisans, societies and producer companies. All the sellers in india handmade have agreed to sell authentic and handmade products only. All the responsibility regarding the quality / authenticity of the product lies with the sellers. Skip to the end of the images gallery Skip to the beginning of the images gallery I'm a Buyer I'm a",,IndiaHandmade,https://www.indiahandmade.com/catalog/product/view/id/18899/s/shop-handmade-silk-thread-bangles-in-brown-online/category/473/,Handicraft Size: 2*4 (Fits petite wrists or offers a snug fit) Color: Brown base with Gold Kundan detailing,Base: Lightweight Plastic Wrapping: High-Quality Silk Thread Embellishment: Premium Golden Kundan Stones,Tamil Nadu,,silk,handicraft
Trendy Silk Oxidized Peacock Jhumka Earrings | Black,350.0,698.0,49.8567335243553,silk,earrings,,,,,IndiaHandmade,https://www.indiahandmade.com/catalog/product/view/id/18951/s/trendy-silk-oxidised-peacock-jhumka-earrings-black/category/473/,,,,,,
Trendy Silk Oxidised Peacock Jhumka Earrings - Purple,350.0,698.0,49.8567335243553,silk,earrings,,,,,IndiaHandmade,https://www.indiahandmade.com/catalog/product/view/id/18958/s/trendy-silk-oxidised-peacock-jhumka-earrings-purple/category/473/,,,,,,
Silk Thread Bangles | 2*6 | Turquoise,300.0,360.0,16.666666666666664,silk,other,"Handicraft Size: 2*6 (suitable for slim wrists or younger wearers) Color: Turquoise with golden accents Base Material: Durable Plastic Wrapping: Premium Quality Silk Thread Embellishments: Floral and Geometric Rhinestone Patterns, Gold-Toned Coins Origin: Tamil Nadu, India Texture: Smooth, soft, and luxurious More Information More Information Item Type Handicraft Size 2.6 Color Turquoise Material Bangles - Plastic, Wrapping - Premium Quality Silk Thread, Pasting - Premium Quality Stones/Coins State of Origin Tamil Nadu Care Instructions Keep Away from Water: Avoid contact with water, moisture, or sweat to preserve the silk thread and embellishments. Store Safely: Store the bangles in a dry, airtight box or pouch to prevent dust, moisture, and damage. Avoid Chemicals: Keep them away from Expected Dispatch Days 1 ( Ready to Ship) Reviews Write Your Own Review Only registered users can write reviews. Please Sign in or create an account Disclaimer Product Disclaimer This product is handmade and may have slight variations or dissimilarities that are a natural outcome of the human involvement in the process. These minor variations of Stitches/Motifs add to its charm and ensure its uniqueness & authenticity. Product Quality Disclaimer All the sellers on boarded here are thoroughly verified weavers, artisans, societies and producer companies. All the sellers in india handmade have agreed to sell authentic and handmade products only. All the responsibility regarding the quality / authenticity of the product lies with the sellers. Skip to the end of the images gallery Skip to the beginning of the images gallery Related Products Check items to add to the cart or select all Rajasthani Lac Bangles","Durable Plastic Wrapping: Premium Quality Silk Thread Embellishments: Floral and Geometric Rhinestone Patterns, Gold-Toned Coins Origin: Tamil Nadu, India Texture: Smooth, soft, and luxurious More Information More Information Item Type Handicraft Size 2.6 Color Turquoise Material Bangles - Plastic, Wrapping - Premium Quality Silk Thread, Pasting - Premium Quality Stones/Coins State of Origin Tamil Nadu Care Instructions Keep Away from Water: Avoid contact with water, moisture, or sweat to preserve the silk thread and embellishments. Store Safely: Store the bangles in a dry, airtight box or pouch to prevent dust, moisture, and damage. Avoid Chemicals: Keep them away from Expected Dispatch Days 1 ( Ready to Ship) Reviews Write Your Own Review Only registered users can write reviews. Please Sign in or create an account Disclaimer Product Disclaimer This product is handmade and may have slight variations or dissimilarities that are a natural outcome of the human involvement in the process. These minor variations of Stitches/Motifs add to its charm and ensure its uniqueness & authenticity. Product Quality Disclaimer All the sellers on boarded here are thoroughly verified weavers, artisans, societies and producer companies. All the sellers in india handmade have agreed to sell authentic and handmade products only. All the responsibility regarding the quality / authenticity of the product lies with the sellers. Skip to the end of the images gallery Skip to the beginning of the images gallery Related Products Check items to add to the cart or select all Rajasthani Lac Bangles",,,IndiaHandmade,https://www.indiahandmade.com/catalog/product/view/id/18972/s/buy-handmade-silk-thread-bangles-in-turquoise-online/category/473/,Handicraft Size: 2*6 (suitable for slim wrists or younger wearers) Color: Turquoise with golden accents Base,"Durable Plastic Wrapping: Premium Quality Silk Thread Embellishments: Floral and Geometric Rhinestone Patterns, Gold-Toned Coins Origin: Tamil Nadu, India Texture: Smooth, soft, and luxurious",,,silk,handicraft
Handcrafted Silk Thread Bangles | Turquoise,300.0,360.0,16.666666666666664,silk,other,"Handicraft Size: 2*8 (suitable for slim wrists or younger wearers) Color: Turquoise with golden accents Base Material: Durable Plastic Wrapping: Premium Quality Silk Thread Embellishments: Floral and Geometric Rhinestone Patterns, Gold-Toned Coins Origin: Tamil Nadu, India Texture: Smooth, soft, and luxurious More Information More Information Item Type Handicraft Size 2.8 Color Turquoise Material Bangles - Plastic, Wrapping - Premium Quality Silk Thread, Pasting - Premium Quality Stones/Coins State of Origin Tamil Nadu Care Instructions Keep Away from Water: Avoid contact with water, moisture, or sweat to preserve the silk thread and embellishments. Store Safely: Store the bangles in a dry, airtight box or pouch to prevent dust, moisture, and damage. Avoid Chemicals: Keep them away from Expected Dispatch Days 1 ( Ready to Ship) Reviews Write Your Own Review Only registered users can write reviews. Please Sign in or create an account Disclaimer Product Disclaimer This product is handmade and may have slight variations or dissimilarities that are a natural outcome of the human involvement in the process. These minor variations of Stitches/Motifs add to its charm and ensure its uniqueness & authenticity. Product Quality Disclaimer All the sellers on boarded here are thoroughly verified weavers, artisans, societies and producer companies. All the sellers in india handmade have agreed to sell authentic and handmade products only. All the responsibility regarding the quality / authenticity of the product lies with the sellers. Skip to the end of the images gallery Skip to the beginning of the images gallery Related Products Check items to add to the cart or select all Rajasthani Lac Bangles","Durable Plastic Wrapping: Premium Quality Silk Thread Embellishments: Floral and Geometric Rhinestone Patterns, Gold-Toned Coins Origin: Tamil Nadu, India Texture: Smooth, soft, and luxurious More Information More Information Item Type Handicraft Size 2.8 Color Turquoise Material Bangles - Plastic, Wrapping - Premium Quality Silk Thread, Pasting - Premium Quality Stones/Coins State of Origin Tamil Nadu Care Instructions Keep Away from Water: Avoid contact with water, moisture, or sweat to preserve the silk thread and embellishments. Store Safely: Store the bangles in a dry, airtight box or pouch to prevent dust, moisture, and damage. Avoid Chemicals: Keep them away from Expected Dispatch Days 1 ( Ready to Ship) Reviews Write Your Own Review Only registered users can write reviews. Please Sign in or create an account Disclaimer Product Disclaimer This product is handmade and may have slight variations or dissimilarities that are a natural outcome of the human involvement in the process. These minor variations of Stitches/Motifs add to its charm and ensure its uniqueness & authenticity. Product Quality Disclaimer All the sellers on boarded here are thoroughly verified weavers, artisans, societies and producer companies. All the sellers in india handmade have agreed to sell authentic and handmade products only. All the responsibility regarding the quality / authenticity of the product lies with the sellers. Skip to the end of the images gallery Skip to the beginning of the images gallery Related Products Check items to add to the cart or select all Rajasthani Lac Bangles",,,IndiaHandmade,https://www.indiahandmade.com/catalog/product/view/id/18973/s/buy-handcrafted-silk-thread-bangles-in-turquoise-blue-online/category/473/,Handicraft Size: 2*8 (suitable for slim wrists or younger wearers) Color: Turquoise with golden accents Base,"Durable Plastic Wrapping: Premium Quality Silk Thread Embellishments: Floral and Geometric Rhinestone Patterns, Gold-Toned Coins Origin: Tamil Nadu, India Texture: Smooth, soft, and luxurious",,,silk,handicraft
Gold Tone String Wire | Pink Lotus Pendants,299.0,350.0,14.571428571428571,other,other,,"Gold-plated wire with intricate enamel lotus charms. Elements: Red and green enamel lotus accents with teardrop mirror stones. Beads: Delicate gold-toned beads enhance the elegance. Closure: Adjustable hook-and-ring clasp for a secure fit. Lightweight: Comfortable for long wear. Occasion: Perfect for festive, ethnic, and traditional outfits. More Information More Information Item Type Handicraft Size Onesize Color Pink Material Gold Toned String Wire, Metal Pendants, Gold Beads Occasion Party State of Origin Tamil Nadu Care Instructions Keep Away from Water, After Use Clean with Dry Cotton Cloth Expected Dispatch Days 1 ( Ready to Ship) Reviews Write Your Own Review Only registered users can write reviews. Please Sign in or create an account Disclaimer Product Disclaimer This product is handmade and may have slight variations or dissimilarities that are a natural outcome of the human involvement in the process. These minor variations of Stitches/Motifs add to its charm and ensure its uniqueness & authenticity. Product Quality Disclaimer All the sellers on boarded here are thoroughly verified weavers, artisans, societies and producer companies. All the sellers in india handmade have agreed to sell authentic and handmade products only. All the responsibility regarding the quality / authenticity of the product lies with the sellers. Skip to the end of the images gallery Skip to the beginning of the images gallery I'm a Buyer I'm a",,,IndiaHandmade,https://www.indiahandmade.com/catalog/product/view/id/19218/s/in-nl-lotus-03/category/473/,,"Gold-plated wire with intricate enamel lotus charms. Elements: Red and green enamel lotus accents with teardrop mirror stones. Beads: Delicate gold-toned beads enhance the elegance. Closure: Adjustable hook-and-ring clasp for a secure fit. Lightweight: Comfortable for long wear. Occasion: Perfect for festive, ethnic, and traditional outfits.",,,stone,
Gold Toned String Wire Necklace with Small Elephant Metal Pendants,149.0,200.0,25.5,other,necklace,,"Gold-plated wire with delicate metallic elements. Elements: Features an elegant elephant pendant with floral-cut leaf charms. Beads: Gold-toned micro beads for added sophistication. Closure: Secure lobster clasp with adjustable rings. Lightweight: Comfortable for daily and festive wear. Occasion: Perfect for casual, ethnic, and contemporary outfits. More Information More Information Item Type Handicraft Size Onesize Color Gold Material Gold Toned String Wire, Metal Pendants Occasion Casual State of Origin Tamil Nadu Care Instructions Keep Away from Water, After Use Clean with Dry Cotton Cloth Expected Dispatch Days 1 ( Ready to Ship) Reviews Write Your Own Review Only registered users can write reviews. Please Sign in or create an account Disclaimer Product Disclaimer This product is handmade and may have slight variations or dissimilarities that are a natural outcome of the human involvement in the process. These minor variations of Stitches/Motifs add to its charm and ensure its uniqueness & authenticity. Product Quality Disclaimer All the sellers on boarded here are thoroughly verified weavers, artisans, societies and producer companies. All the sellers in india handmade have agreed to sell authentic and handmade products only. All the responsibility regarding the quality / authenticity of the product lies with the sellers. Skip to the end of the images gallery Skip to the beginning of the images gallery I'm a Buyer I'm a",,,IndiaHandmade,https://www.indiahandmade.com/catalog/product/view/id/19219/s/in-nl-elephant-001/category/473/,,"Gold-plated wire with delicate metallic elements. Elements: Features an elegant elephant pendant with floral-cut leaf charms. Beads: Gold-toned micro beads for added sophistication. Closure: Secure lobster clasp with adjustable rings. Lightweight: Comfortable for daily and festive wear. Occasion: Perfect for casual, ethnic, and contemporary outfits.",,,metal,
Handcrafted Wooden Dog Bed,3350.0,3500.0,4.285714285714286,wood,other,"Handicraft Size Unit: Feet Material: Cane & Bamboo State of Origin: Uttar Pradesh More Information More Information Item Type Handicraft Size full size Size Unit Feet Material Cane & Bamboo State of Origin Uttar Pradesh Care Instructions Good in all Whether Color Brown Expected Dispatch Days 1 ( Ready to Ship) Reviews Write Your Own Review Only registered users can write reviews. Please Sign in or create an account Disclaimer Product Disclaimer This product is handmade and may have slight variations or dissimilarities that are a natural outcome of the human involvement in the process. These minor variations of Stitches/Motifs add to its charm and ensure its uniqueness & authenticity. Product Quality Disclaimer All the sellers on boarded here are thoroughly verified weavers, artisans, societies and producer companies. All the sellers in india handmade have agreed to sell authentic and handmade products only. All the responsibility regarding the quality / authenticity of the product lies with the sellers. Skip to the end of the images gallery Skip to the beginning of the images gallery I'm a Buyer I'm a","Cane & Bamboo State of Origin: Uttar Pradesh More Information More Information Item Type Handicraft Size full size Size Unit Feet Material Cane & Bamboo State of Origin Uttar Pradesh Care Instructions Good in all Whether Color Brown Expected Dispatch Days 1 ( Ready to Ship) Reviews Write Your Own Review Only registered users can write reviews. Please Sign in or create an account Disclaimer Product Disclaimer This product is handmade and may have slight variations or dissimilarities that are a natural outcome of the human involvement in the process. These minor variations of Stitches/Motifs add to its charm and ensure its uniqueness & authenticity. Product Quality Disclaimer All the sellers on boarded here are thoroughly verified weavers, artisans, societies and producer companies. All the sellers in india handmade have agreed to sell authentic and handmade products only. All the responsibility regarding the quality / authenticity of the product lies with the sellers. Skip to the end of the images gallery Skip to the beginning of the images gallery I'm a Buyer I'm a","Uttar Pradesh More Information More Information Item Type Handicraft Size full size Size Unit Feet Material Cane & Bamboo State of Origin Uttar Pradesh Care Instructions Good in all Whether Color Brown Expected Dispatch Days 1 ( Ready to Ship) Reviews Write Your Own Review Only registered users can write reviews. Please Sign in or create an account Disclaimer Product Disclaimer This product is handmade and may have slight variations or dissimilarities that are a natural outcome of the human involvement in the process. These minor variations of Stitches/Motifs add to its charm and ensure its uniqueness & authenticity. Product Quality Disclaimer All the sellers on boarded here are thoroughly verified weavers, artisans, societies and producer companies. All the sellers in india handmade have agreed to sell authentic and handmade products only. All the responsibility regarding the quality / authenticity of the product lies with the sellers. Skip to the end of the images gallery Skip to the beginning of the images gallery I'm a Buyer I'm a",,IndiaHandmade,https://www.indiahandmade.com/buy-handmade-pet-dog-cat-bed-online.html,Handicraft Size Unit: Feet,Cane & Bamboo,Uttar Pradesh,,bamboo,handicraft
Natural Rattan Cane 3 Seater Sofa Set and 2 Single Seater Chair with Cushions (Brown),27500.0,29000.0,5.172413793103448,cane,sofa,,,,,IndiaHandmade,https://www.indiahandmade.com/natural-rattan-cane-3-seater-sofa-set-and-2-single-seater-chair-with-cushions-brown.html,,,,,,
Modern Cane Sofa Set,22500.0,26999.0,16.663580132597502,cane,sofa,"Handicraft Material: Cane & Bamboo State of Origin: Uttar Pradesh Care Instructions : Good in All Seasons More Information More Information Item Type Handicraft Size Full Size Sofa Set Size Unit Feet Material Cane & Bamboo State of Origin Uttar Pradesh Care Instructions Good in All Seasons Color Brown Expected Dispatch Days 1 ( Ready to Ship) Reviews Write Your Own Review Only registered users can write reviews. Please Sign in or create an account Disclaimer Product Disclaimer This product is handmade and may have slight variations or dissimilarities that are a natural outcome of the human involvement in the process. These minor variations of Stitches/Motifs add to its charm and ensure its uniqueness & authenticity. Product Quality Disclaimer All the sellers on boarded here are thoroughly verified weavers, artisans, societies and producer companies. All the sellers in india handmade have agreed to sell authentic and handmade products only. All the responsibility regarding the quality / authenticity of the product lies with the sellers. Skip to the end of the images gallery Skip to the beginning of the images gallery I'm a Buyer I'm a","Cane & Bamboo State of Origin: Uttar Pradesh Care Instructions : Good in All Seasons More Information More Information Item Type Handicraft Size Full Size Sofa Set Size Unit Feet Material Cane & Bamboo State of Origin Uttar Pradesh Care Instructions Good in All Seasons Color Brown Expected Dispatch Days 1 ( Ready to Ship) Reviews Write Your Own Review Only registered users can write reviews. Please Sign in or create an account Disclaimer Product Disclaimer This product is handmade and may have slight variations or dissimilarities that are a natural outcome of the human involvement in the process. These minor variations of Stitches/Motifs add to its charm and ensure its uniqueness & authenticity. Product Quality Disclaimer All the sellers on boarded here are thoroughly verified weavers, artisans, societies and producer companies. All the sellers in india handmade have agreed to sell authentic and handmade products only. All the responsibility regarding the quality / authenticity of the product lies with the sellers. Skip to the end of the images gallery Skip to the beginning of the images gallery I'm a Buyer I'm a","Uttar Pradesh Care Instructions : Good in All Seasons More Information More Information Item Type Handicraft Size Full Size Sofa Set Size Unit Feet Material Cane & Bamboo State of Origin Uttar Pradesh Care Instructions Good in All Seasons Color Brown Expected Dispatch Days 1 ( Ready to Ship) Reviews Write Your Own Review Only registered users can write reviews. Please Sign in or create an account Disclaimer Product Disclaimer This product is handmade and may have slight variations or dissimilarities that are a natural outcome of the human involvement in the process. These minor variations of Stitches/Motifs add to its charm and ensure its uniqueness & authenticity. Product Quality Disclaimer All the sellers on boarded here are thoroughly verified weavers, artisans, societies and producer companies. All the sellers in india handmade have agreed to sell authentic and handmade products only. All the responsibility regarding the quality / authenticity of the product lies with the sellers. Skip to the end of the images gallery Skip to the beginning of the images gallery I'm a Buyer I'm a",,IndiaHandmade,https://www.indiahandmade.com/modern-cane-sofa-set-sofa-set-made-of-cane.html,Handicraft,Cane & Bamboo,Uttar Pradesh,,bamboo,handicraft
Bamboo & Cane Lehar Sofa Set with Table,22599.0,26999.0,16.29689988518093,bamboo,sofa,,,,"159 x 49 x 89 cm ; 25 Kg More Information More Information Item Type Handicraft Size Full SIZE SOFA SET Size Unit INCH Material Cane & Bamboo State of Origin Uttar Pradesh Care Instructions Good in all Weather Color Beige Expected Dispatch Days 1 ( Ready to Ship) Reviews Write Your Own Review Only registered users can write reviews. Please Sign in or create an account Disclaimer Product Disclaimer This product is handmade and may have slight variations or dissimilarities that are a natural outcome of the human involvement in the process. These minor variations of Stitches/Motifs add to its charm and ensure its uniqueness & authenticity. Product Quality Disclaimer All the sellers on boarded here are thoroughly verified weavers, artisans, societies and producer companies. All the sellers in india handmade have agreed to sell authentic and handmade products only. All the responsibility regarding the quality / authenticity of the product lies with the sellers. Skip to the end of the images gallery Skip to the beginning of the images gallery I'm a Buyer I'm a",IndiaHandmade,https://www.indiahandmade.com/buy-bamboo-cane-lehar-sofa-set-with-table-online.html,,,,159 x 49 x 89 cm,,
Bamboo Cane Planter for Balcony Indoor and Outdoor | 3 in 1 Stand,3699.0,4599.0,19.569471624266143,bamboo,planter,,,,,IndiaHandmade,https://www.indiahandmade.com/dastkar-crafts-bamboo-cane-planter-3-in-1-stand-for-balcony-indoor-and-outdoor.html,,,,,,
Handicrafts ladies Bag- Regular Use Multicolored,1650.0,,,other,bag,,,,,IndiaHandmade,https://www.indiahandmade.com/catalog/product/view/id/7080/s/handicrafts-ladies-bag-regular-use-multicolored/category/473/,,,,,,
Ladies Gym Bag | Blue,8300.0,,,other,bag,,,,,IndiaHandmade,https://www.indiahandmade.com/ladies-gym-bag.html,,,,,,
Ghada Flower Pot | Medium,650.0,700.0,7.142857142857142,other,other,"Handicraft Exact Size (LBH): 10×8×10 inches Color: Black Material: Clay State of Origin: Karnataka Care Instructions: Handle with care, wipe with a dry cloth, avoid harsh chemicals, store in a shaded area. More Information More Information Item Type Handicraft Exact Size(L*B*H) 10×8×10 Size Unit INCH Color Black Material clay State of Origin Karnataka Expected Dispatch Days 1 ( Ready to Ship) Reviews Write Your Own Review Only registered users can write reviews. Please Sign in or create an account Disclaimer Product Disclaimer This product is handmade and may have slight variations or dissimilarities that are a natural outcome of the human involvement in the process. These minor variations of Stitches/Motifs add to its charm and ensure its uniqueness & authenticity. Product Quality Disclaimer All the sellers on boarded here are thoroughly verified weavers, artisans, societies and producer companies. All the sellers in india handmade have agreed to sell authentic and handmade products only. All the responsibility regarding the quality / authenticity of the product lies with the sellers. Skip to the end of the images gallery Skip to the beginning of the images gallery I'm a Buyer I'm a","Clay State of Origin: Karnataka Care Instructions: Handle with care, wipe with a dry cloth, avoid harsh chemicals, store in a shaded area. More Information More Information Item Type Handicraft Exact Size(L*B*H) 10×8×10 Size Unit INCH Color Black Material clay State of Origin Karnataka Expected Dispatch Days 1 ( Ready to Ship) Reviews Write Your Own Review Only registered users can write reviews. Please Sign in or create an account Disclaimer Product Disclaimer This product is handmade and may have slight variations or dissimilarities that are a natural outcome of the human involvement in the process. These minor variations of Stitches/Motifs add to its charm and ensure its uniqueness & authenticity. Product Quality Disclaimer All the sellers on boarded here are thoroughly verified weavers, artisans, societies and producer companies. All the sellers in india handmade have agreed to sell authentic and handmade products only. All the responsibility regarding the quality / authenticity of the product lies with the sellers. Skip to the end of the images gallery Skip to the beginning of the images gallery I'm a Buyer I'm a","Karnataka Care Instructions: Handle with care, wipe with a dry cloth, avoid harsh chemicals, store in a shaded area. More Information More Information Item Type Handicraft Exact Size(L*B*H) 10×8×10 Size Unit INCH Color Black Material clay State of Origin Karnataka Expected Dispatch Days 1 ( Ready to Ship) Reviews Write Your Own Review Only registered users can write reviews. Please Sign in or create an account Disclaimer Product Disclaimer This product is handmade and may have slight variations or dissimilarities that are a natural outcome of the human involvement in the process. These minor variations of Stitches/Motifs add to its charm and ensure its uniqueness & authenticity. Product Quality Disclaimer All the sellers on boarded here are thoroughly verified weavers, artisans, societies and producer companies. All the sellers in india handmade have agreed to sell authentic and handmade products only. All the responsibility regarding the quality / authenticity of the product lies with the sellers. Skip to the end of the images gallery Skip to the beginning of the images gallery I'm a Buyer I'm a",,IndiaHandmade,https://www.indiahandmade.com/catalog/product/view/id/8196/s/buy-ghada-shaped-black-flower-pot-vase-online/category/473/,Handicraft Exact Size (LBH): 10×8×10 inches Color: Black,Clay,Karnataka,,terracotta,handicraft
Cane & Bamboo Tray Table,2500.0,2550.0,1.96078431372549,bamboo,tray,"Handicraft Size: L 16"" B 16"" H 20"" Color: Brown Fabric: Cane & Bamboo State of Origin: Uttar Pradesh More Information More Information Item Type Handicraft Exact Size(L*B*H) L 16"" B 16"" H 20"" Size Unit INCH Color Brown Material Cane & Bamboo State of Origin Uttar Pradesh Care Instructions Good in all Weather Expected Dispatch Days 1 ( Ready to Ship) Reviews Write Your Own Review Only registered users can write reviews. Please Sign in or create an account Disclaimer Product Disclaimer This product is handmade and may have slight variations or dissimilarities that are a natural outcome of the human involvement in the process. These minor variations of Stitches/Motifs add to its charm and ensure its uniqueness & authenticity. Product Quality Disclaimer All the sellers on boarded here are thoroughly verified weavers, artisans, societies and producer companies. All the sellers in india handmade have agreed to sell authentic and handmade products only. All the responsibility regarding the quality / authenticity of the product lies with the sellers. Skip to the end of the images gallery Skip to the beginning of the images gallery I'm a Buyer I'm a","Cane & Bamboo State of Origin: Uttar Pradesh More Information More Information Item Type Handicraft Exact Size(L*B*H) L 16"" B 16"" H 20"" Size Unit INCH Color Brown Material Cane & Bamboo State of Origin Uttar Pradesh Care Instructions Good in all Weather Expected Dispatch Days 1 ( Ready to Ship) Reviews Write Your Own Review Only registered users can write reviews. Please Sign in or create an account Disclaimer Product Disclaimer This product is handmade and may have slight variations or dissimilarities that are a natural outcome of the human involvement in the process. These minor variations of Stitches/Motifs add to its charm and ensure its uniqueness & authenticity. Product Quality Disclaimer All the sellers on boarded here are thoroughly verified weavers, artisans, societies and producer companies. All the sellers in india handmade have agreed to sell authentic and handmade products only. All the responsibility regarding the quality / authenticity of the product lies with the sellers. Skip to the end of the images gallery Skip to the beginning of the images gallery I'm a Buyer I'm a","Uttar Pradesh More Information More Information Item Type Handicraft Exact Size(L*B*H) L 16"" B 16"" H 20"" Size Unit INCH Color Brown Material Cane & Bamboo State of Origin Uttar Pradesh Care Instructions Good in all Weather Expected Dispatch Days 1 ( Ready to Ship) Reviews Write Your Own Review Only registered users can write reviews. Please Sign in or create an account Disclaimer Product Disclaimer This product is handmade and may have slight variations or dissimilarities that are a natural outcome of the human involvement in the process. These minor variations of Stitches/Motifs add to its charm and ensure its uniqueness & authenticity. Product Quality Disclaimer All the sellers on boarded here are thoroughly verified weavers, artisans, societies and producer companies. All the sellers in india handmade have agreed to sell authentic and handmade products only. All the responsibility regarding the quality / authenticity of the product lies with the sellers. Skip to the end of the images gallery Skip to the beginning of the images gallery I'm a Buyer I'm a",,IndiaHandmade,https://www.indiahandmade.com/cane-and-bamboo-tray-table.html,"Handicraft Size: L 16"" B 16"" H 20"" Color: Brown Fabric: Cane & Bamboo State of Origin: Uttar Pradesh",Cane & Bamboo,Uttar Pradesh,,bamboo,handicraft
Silk Thread Bangles | Golden | 2*4,215.0,220.0,2.272727272727273,silk,other,"Handicraft Size: 2*4 (Standard medium fit) Color: Golden base with Green Floral Embellishments Material: Base: Lightweight Plastic Wrapping: Premium Silk Thread Embellishments: Green floral motifs made from premium stones and beads State of Origin: Tamil Nadu, India Occasion: Ideal for weddings, poojas, family gatherings, and ethnic festivities More Information More Information Item Type Handicraft Size 2.4 Color Multi Color Material Bangles - Plastic, Wrapping - Premium Quality Silk Thread, Pasting - Premium Quality Stones/Coins State of Origin Tamil Nadu Care Instructions Keep Away from Water: Avoid contact with water, moisture, or sweat to preserve the silk thread and embellishments. Store Safely: Store the bangles in a dry, airtight box or pouch to prevent dust, moisture, and damage. Avoid Chemicals: Keep them away from Expected Dispatch Days 1 ( Ready to Ship) Reviews Write Your Own Review Only registered users can write reviews. Please Sign in or create an account Disclaimer Product Disclaimer This product is handmade and may have slight variations or dissimilarities that are a natural outcome of the human involvement in the process. These minor variations of Stitches/Motifs add to its charm and ensure its uniqueness & authenticity. Product Quality Disclaimer All the sellers on boarded here are thoroughly verified weavers, artisans, societies and producer companies. All the sellers in india handmade have agreed to sell authentic and handmade products only. All the responsibility regarding the quality / authenticity of the product lies with the sellers. Skip to the end of the images gallery Skip to the beginning of the images gallery I'm a Buyer I'm a","Base: Lightweight Plastic Wrapping: Premium Silk Thread Embellishments: Green floral motifs made from premium stones and beads State of Origin: Tamil Nadu, India Occasion: Ideal for weddings, poojas, family gatherings, and ethnic festivities More Information More Information Item Type Handicraft Size 2.4 Color Multi Color Material Bangles - Plastic, Wrapping - Premium Quality Silk Thread, Pasting - Premium Quality Stones/Coins State of Origin Tamil Nadu Care Instructions Keep Away from Water: Avoid contact with water, moisture, or sweat to preserve the silk thread and embellishments. Store Safely: Store the bangles in a dry, airtight box or pouch to prevent dust, moisture, and damage. Avoid Chemicals: Keep them away from Expected Dispatch Days 1 ( Ready to Ship) Reviews Write Your Own Review Only registered users can write reviews. Please Sign in or create an account Disclaimer Product Disclaimer This product is handmade and may have slight variations or dissimilarities that are a natural outcome of the human involvement in the process. These minor variations of Stitches/Motifs add to its charm and ensure its uniqueness & authenticity. Product Quality Disclaimer All the sellers on boarded here are thoroughly verified weavers, artisans, societies and producer companies. All the sellers in india handmade have agreed to sell authentic and handmade products only. All the responsibility regarding the quality / authenticity of the product lies with the sellers. Skip to the end of the images gallery Skip to the beginning of the images gallery I'm a Buyer I'm a","Tamil Nadu, India Occasion: Ideal for weddings, poojas, family gatherings, and ethnic festivities More Information More Information Item Type Handicraft Size 2.4 Color Multi Color Material Bangles - Plastic, Wrapping - Premium Quality Silk Thread, Pasting - Premium Quality Stones/Coins State of Origin Tamil Nadu Care Instructions Keep Away from Water: Avoid contact with water, moisture, or sweat to preserve the silk thread and embellishments. Store Safely: Store the bangles in a dry, airtight box or pouch to prevent dust, moisture, and damage. Avoid Chemicals: Keep them away from Expected Dispatch Days 1 ( Ready to Ship) Reviews Write Your Own Review Only registered users can write reviews. Please Sign in or create an account Disclaimer Product Disclaimer This product is handmade and may have slight variations or dissimilarities that are a natural outcome of the human involvement in the process. These minor variations of Stitches/Motifs add to its charm and ensure its uniqueness & authenticity. Product Quality Disclaimer All the sellers on boarded here are thoroughly verified weavers, artisans, societies and producer companies. All the sellers in india handmade have agreed to sell authentic and handmade products only. All the responsibility regarding the quality / authenticity of the product lies with the sellers. Skip to the end of the images gallery Skip to the beginning of the images gallery I'm a Buyer I'm a",,IndiaHandmade,https://www.indiahandmade.com/catalog/product/view/id/18314/s/buy-handmade-elegant-silk-thread-bangles-in-brown-online/category/473/,Handicraft Size: 2*4 (Standard medium fit) Color: Golden base with Green Floral Embellishments,Base: Lightweight Plastic Wrapping: Premium Silk Thread Embellishments: Green floral motifs made from premium stones and beads,Tamil Nadu,,silk,handicraft
Handcrafted Terracotta Pots Decorated with Madhubani Art,1999.0,,,terracotta,other,Handicraft Colour: Red Dimensions (H x DIA): Pot 1 (6.3 x 4),Terracotta Contents: 3 Pots More Information More Information Item Type Handicraft Exact Size(L*B*H) Pot 1- 16×10,,,IndiaHandmade,https://www.indiahandmade.com/catalog/product/view/id/3158/s/buy-handcrafted-terracotta-pots-decorated-with-madhubani-art-online/category/473/,Handicraft Colour: Red Dimensions (H x DIA): Pot 1 (6.3 x 4),Terracotta Contents: 3 Pots,,,terracotta,handicraft
Handcrafted Copper Hammered Dinner Thali Set for 2,5000.0,10000.0,50.0,copper,other,,"copper, Size: Each Thali Diameter: 12 Inch, Height: 1.5 Inch, Weight: 600 Gram",,,IndiaHandmade,https://www.indiahandmade.com/catalog/product/view/id/15550/s/order-handcrafted-copper-hammered-dinner-thali-set-for-2/category/473/,,"copper, Size: Each Thali Diameter: 12 Inch, Height: 1.5 Inch, Weight: 600 Gram",,,copper,
Handcrafted Lippan Art Wall Hanging | Mud Work,799.0,,,other,wall hanging,"Handicraft Exact Size (LBH): 12X12 inches Color: Yellow with multicolour accents Material: Mud and Mirror State of Origin: Gujarat Care Instructions: Clean with a dry cloth, avoid water exposure, and handle with care. More Information More Information Item Type Handicraft Exact Size(L*B*H) 12X12 Color Yellow Material Mud and mirror State of Origin Gujarat Care Instructions Clean with a dry cloth Expected Dispatch Days 1 ( Ready to Ship) Reviews Write Your Own Review Only registered users can write reviews. Please Sign in or create an account Disclaimer Product Disclaimer This product is handmade and may have slight variations or dissimilarities that are a natural outcome of the human involvement in the process. These minor variations of Stitches/Motifs add to its charm and ensure its uniqueness & authenticity. Product Quality Disclaimer All the sellers on boarded here are thoroughly verified weavers, artisans, societies and producer companies. All the sellers in india handmade have agreed to sell authentic and handmade products only. All the responsibility regarding the quality / authenticity of the product lies with the sellers. Skip to the end of the images gallery Skip to the beginning of the images gallery I'm a Buyer I'm a","Mud and Mirror State of Origin: Gujarat Care Instructions: Clean with a dry cloth, avoid water exposure, and handle with care. More Information More Information Item Type Handicraft Exact Size(L*B*H) 12X12 Color Yellow Material Mud and mirror State of Origin Gujarat Care Instructions Clean with a dry cloth Expected Dispatch Days 1 ( Ready to Ship) Reviews Write Your Own Review Only registered users can write reviews. Please Sign in or create an account Disclaimer Product Disclaimer This product is handmade and may have slight variations or dissimilarities that are a natural outcome of the human involvement in the process. These minor variations of Stitches/Motifs add to its charm and ensure its uniqueness & authenticity. Product Quality Disclaimer All the sellers on boarded here are thoroughly verified weavers, artisans, societies and producer companies. All the sellers in india handmade have agreed to sell authentic and handmade products only. All the responsibility regarding the quality / authenticity of the product lies with the sellers. Skip to the end of the images gallery Skip to the beginning of the images gallery I'm a Buyer I'm a","Gujarat Care Instructions: Clean with a dry cloth, avoid water exposure, and handle with care. More Information More Information Item Type Handicraft Exact Size(L*B*H) 12X12 Color Yellow Material Mud and mirror State of Origin Gujarat Care Instructions Clean with a dry cloth Expected Dispatch Days 1 ( Ready to Ship) Reviews Write Your Own Review Only registered users can write reviews. Please Sign in or create an account Disclaimer Product Disclaimer This product is handmade and may have slight variations or dissimilarities that are a natural outcome of the human involvement in the process. These minor variations of Stitches/Motifs add to its charm and ensure its uniqueness & authenticity. Product Quality Disclaimer All the sellers on boarded here are thoroughly verified weavers, artisans, societies and producer companies. All the sellers in india handmade have agreed to sell authentic and handmade products only. All the responsibility regarding the quality / authenticity of the product lies with the sellers. Skip to the end of the images gallery Skip to the beginning of the images gallery I'm a Buyer I'm a",,IndiaHandmade,https://www.indiahandmade.com/catalog/product/view/id/16384/s/buy-handcrafted-lippan-art-work-wall-hanging-online/category/473/,Handicraft Exact Size (LBH): 12X12 inches Color: Yellow with multicolour accents,Mud and Mirror,Gujarat,,mud and mirror,handicraft
Handwoven Cane Chair,4500.0,7999.0,43.742967870983875,cane,chair,"Handicraft Material: Cane & Bamboo Colour: Brown Eco-Friendly: Responsibly sourced hardwood frame State of Origin: Uttar Pradesh How to Care? To maintain its natural beauty, gently wipe with a dry cloth to remove dust and debris. Avoid prolonged exposure to moisture for longevity. A perfect blend of tradition and sustainability, this handwoven cane chair enhances any space with its warmth and craftsmanship. Its timeless appeal makes it a valuable addition to your home. Product Specification Crafted with precision and care , this handwoven cane chair is a timeless blend of durability, comfort, and eco-conscious design. The timber frame, known for its strength and lightweight properties, adds a natural charm to any setting. Rich brown tones radiate warmth, making it a perfect fit for both traditional and contemporary interiors. Every chair is a testament to responsible sourcing, ensuring that sustainability goes hand in hand with aesthetic appeal. Item Type: Handicraft Material: Cane & Bamboo Colour: Brown Eco-Friendly: Responsibly sourced hardwood frame State of Origin: Uttar Pradesh More Information More Information Item Type Handicraft Size Full SIZE CHAIR Size Unit INCH Material Cane & Bamboo State of Origin Uttar Pradesh Care Instructions Just use a dry cloth to gently wipe away dust and debris, preserving its natural charm for years to come. Color Brown Expected Dispatch Days 1 ( Ready to Ship) Reviews Write Your Own Review Only registered users can write reviews. Please Sign in or create an account Disclaimer Product Disclaimer This product is handmade and may have slight variations or dissimilarities that are a natural outcome of the human involvement in the process. These minor variations of Stitches/Motifs add to its charm and ensure its uniqueness & authenticity. Product Quality Disclaimer All the sellers on boarded here are thoroughly verified weavers, artisans, societies and producer companies. All the sellers in india handmade have agreed to sell authentic and handmade products only. All the responsibility regarding the quality / authenticity of the product lies with the sellers. Skip to the end of the images gallery Skip to the beginning of the images gallery I'm a Buyer I'm a","Cane & Bamboo Colour: Brown Eco-Friendly: Responsibly sourced hardwood frame State of Origin: Uttar Pradesh How to Care? To maintain its natural beauty, gently wipe with a dry cloth to remove dust and debris. Avoid prolonged exposure to moisture for longevity. A perfect blend of tradition and sustainability, this handwoven cane chair enhances any space with its warmth and craftsmanship. Its timeless appeal makes it a valuable addition to your home. Product Specification Crafted with precision and care , this handwoven cane chair is a timeless blend of durability, comfort, and eco-conscious design. The timber frame, known for its strength and lightweight properties, adds a natural charm to any setting. Rich brown tones radiate warmth, making it a perfect fit for both traditional and contemporary interiors. Every chair is a testament to responsible sourcing, ensuring that sustainability goes hand in hand with aesthetic appeal. Item Type: Handicraft Material: Cane & Bamboo Colour: Brown Eco-Friendly: Responsibly sourced hardwood frame State of Origin: Uttar Pradesh More Information More Information Item Type Handicraft Size Full SIZE CHAIR Size Unit INCH Material Cane & Bamboo State of Origin Uttar Pradesh Care Instructions Just use a dry cloth to gently wipe away dust and debris, preserving its natural charm for years to come. Color Brown Expected Dispatch Days 1 ( Ready to Ship) Reviews Write Your Own Review Only registered users can write reviews. Please Sign in or create an account Disclaimer Product Disclaimer This product is handmade and may have slight variations or dissimilarities that are a natural outcome of the human involvement in the process. These minor variations of Stitches/Motifs add to its charm and ensure its uniqueness & authenticity. Product Quality Disclaimer All the sellers on boarded here are thoroughly verified weavers, artisans, societies and producer companies. All the sellers in india handmade have agreed to sell authentic and handmade products only. All the responsibility regarding the quality / authenticity of the product lies with the sellers. Skip to the end of the images gallery Skip to the beginning of the images gallery I'm a Buyer I'm a","Uttar Pradesh How to Care? To maintain its natural beauty, gently wipe with a dry cloth to remove dust and debris. Avoid prolonged exposure to moisture for longevity. A perfect blend of tradition and sustainability, this handwoven cane chair enhances any space with its warmth and craftsmanship. Its timeless appeal makes it a valuable addition to your home. Product Specification Crafted with precision and care , this handwoven cane chair is a timeless blend of durability, comfort, and eco-conscious design. The timber frame, known for its strength and lightweight properties, adds a natural charm to any setting. Rich brown tones radiate warmth, making it a perfect fit for both traditional and contemporary interiors. Every chair is a testament to responsible sourcing, ensuring that sustainability goes hand in hand with aesthetic appeal. Item Type: Handicraft Material: Cane & Bamboo Colour: Brown Eco-Friendly: Responsibly sourced hardwood frame State of Origin: Uttar Pradesh More Information More Information Item Type Handicraft Size Full SIZE CHAIR Size Unit INCH Material Cane & Bamboo State of Origin Uttar Pradesh Care Instructions Just use a dry cloth to gently wipe away dust and debris, preserving its natural charm for years to come. Color Brown Expected Dispatch Days 1 ( Ready to Ship) Reviews Write Your Own Review Only registered users can write reviews. Please Sign in or create an account Disclaimer Product Disclaimer This product is handmade and may have slight variations or dissimilarities that are a natural outcome of the human involvement in the process. These minor variations of Stitches/Motifs add to its charm and ensure its uniqueness & authenticity. Product Quality Disclaimer All the sellers on boarded here are thoroughly verified weavers, artisans, societies and producer companies. All the sellers in india handmade have agreed to sell authentic and handmade products only. All the responsibility regarding the quality / authenticity of the product lies with the sellers. Skip to the end of the images gallery Skip to the beginning of the images gallery I'm a Buyer I'm a",,IndiaHandmade,https://www.indiahandmade.com/buy-handwoven-cane-chair-online.html,Handicraft,Cane & Bamboo Colour: Brown Eco-Friendly: Responsibly sourced hardwood frame,Uttar Pradesh,,bamboo,handicraft
Silk Thread Bangle - SB0001 - 2 6,300.0,320.0,6.25,silk,other,,,,,IndiaHandmade,https://www.indiahandmade.com/catalog/product/view/id/18349/s/silk-thread-bangle-sb0001-2-6/category/473/,,,,,,
Silk Thread Bangles | Pure White | 2*8,130.0,150.0,13.333333333333334,silk,other,"Handicraft Size: 2*8 (Ideal for slender wrists or a snug fit) Colour: Pure White with Gold-Tone Kundan Stones Material: Base: Lightweight Plastic Wrapping: Premium Quality Silk Thread Embellishment: High-quality Kundan Stones State of Origin: Tamil Nadu, India Occasion: Weddings, festivals, religious functions, elegant ethnic wear More Information More Information Item Type Handicraft Size 2.8 Color White Material Bangles - Plastic, Wrapping - Premium Quality Silk Thread, Pasting - Premium Quality Stones/Coins State of Origin Tamil Nadu Care Instructions Keep Away from Water: Avoid contact with water, moisture, or sweat to preserve the silk thread and embellishments. Store Safely: Store the bangles in a dry, airtight box or pouch to prevent dust, moisture, and damage. Avoid Chemicals: Keep them away from Expected Dispatch Days 1 ( Ready to Ship) Reviews Write Your Own Review Only registered users can write reviews. Please Sign in or create an account Disclaimer Product Disclaimer This product is handmade and may have slight variations or dissimilarities that are a natural outcome of the human involvement in the process. These minor variations of Stitches/Motifs add to its charm and ensure its uniqueness & authenticity. Product Quality Disclaimer All the sellers on boarded here are thoroughly verified weavers, artisans, societies and producer companies. All the sellers in india handmade have agreed to sell authentic and handmade products only. All the responsibility regarding the quality / authenticity of the product lies with the sellers. Skip to the end of the images gallery Skip to the beginning of the images gallery Related Products Check items to add to the cart or select all Silk Thread Bangles","Base: Lightweight Plastic Wrapping: Premium Quality Silk Thread Embellishment: High-quality Kundan Stones State of Origin: Tamil Nadu, India Occasion: Weddings, festivals, religious functions, elegant ethnic wear More Information More Information Item Type Handicraft Size 2.8 Color White Material Bangles - Plastic, Wrapping - Premium Quality Silk Thread, Pasting - Premium Quality Stones/Coins State of Origin Tamil Nadu Care Instructions Keep Away from Water: Avoid contact with water, moisture, or sweat to preserve the silk thread and embellishments. Store Safely: Store the bangles in a dry, airtight box or pouch to prevent dust, moisture, and damage. Avoid Chemicals: Keep them away from Expected Dispatch Days 1 ( Ready to Ship) Reviews Write Your Own Review Only registered users can write reviews. Please Sign in or create an account Disclaimer Product Disclaimer This product is handmade and may have slight variations or dissimilarities that are a natural outcome of the human involvement in the process. These minor variations of Stitches/Motifs add to its charm and ensure its uniqueness & authenticity. Product Quality Disclaimer All the sellers on boarded here are thoroughly verified weavers, artisans, societies and producer companies. All the sellers in india handmade have agreed to sell authentic and handmade products only. All the responsibility regarding the quality / authenticity of the product lies with the sellers. Skip to the end of the images gallery Skip to the beginning of the images gallery Related Products Check items to add to the cart or select all Silk Thread Bangles","Tamil Nadu, India Occasion: Weddings, festivals, religious functions, elegant ethnic wear More Information More Information Item Type Handicraft Size 2.8 Color White Material Bangles - Plastic, Wrapping - Premium Quality Silk Thread, Pasting - Premium Quality Stones/Coins State of Origin Tamil Nadu Care Instructions Keep Away from Water: Avoid contact with water, moisture, or sweat to preserve the silk thread and embellishments. Store Safely: Store the bangles in a dry, airtight box or pouch to prevent dust, moisture, and damage. Avoid Chemicals: Keep them away from Expected Dispatch Days 1 ( Ready to Ship) Reviews Write Your Own Review Only registered users can write reviews. Please Sign in or create an account Disclaimer Product Disclaimer This product is handmade and may have slight variations or dissimilarities that are a natural outcome of the human involvement in the process. These minor variations of Stitches/Motifs add to its charm and ensure its uniqueness & authenticity. Product Quality Disclaimer All the sellers on boarded here are thoroughly verified weavers, artisans, societies and producer companies. All the sellers in india handmade have agreed to sell authentic and handmade products only. All the responsibility regarding the quality / authenticity of the product lies with the sellers. Skip to the end of the images gallery Skip to the beginning of the images gallery Related Products Check items to add to the cart or select all Silk Thread Bangles",,IndiaHandmade,https://www.indiahandmade.com/catalog/product/view/id/18891/s/shop-handcrafted-pure-white-silk-thread-bangles-online/category/473/,Handicraft Size: 2*8 (Ideal for slender wrists or a snug fit) Colour: Pure White with Gold-Tone Kundan Stones,Base: Lightweight Plastic Wrapping: Premium Quality Silk Thread Embellishment: High-quality Kundan Stones,Tamil Nadu,,silk,handicraft
Silk Thread Bangles | Brown | 2*6,130.0,150.0,13.333333333333334,silk,other,"Handicraft Size: 2*6 (Fits petite wrists or offers a snug fit) Color: Brown base with Gold Kundan detailing Material: Base: Lightweight Plastic Wrapping: High-Quality Silk Thread Embellishment: Premium Golden Kundan Stones State of Origin: Tamil Nadu, India Occasion: Weddings, ethnic festivals, religious gatherings, family functions More Information More Information Item Type Handicraft Size 2.6 Color Brown Material Bangles - Plastic, Wrapping - Premium Quality Silk Thread, Pasting - Premium Quality Stones/Coins State of Origin Tamil Nadu Care Instructions Keep Away from Water: Avoid contact with water, moisture, or sweat to preserve the silk thread and embellishments. Store Safely: Store the bangles in a dry, airtight box or pouch to prevent dust, moisture, and damage. Avoid Chemicals: Keep them away from Expected Dispatch Days 1 ( Ready to Ship) Reviews Write Your Own Review Only registered users can write reviews. Please Sign in or create an account Disclaimer Product Disclaimer This product is handmade and may have slight variations or dissimilarities that are a natural outcome of the human involvement in the process. These minor variations of Stitches/Motifs add to its charm and ensure its uniqueness & authenticity. Product Quality Disclaimer All the sellers on boarded here are thoroughly verified weavers, artisans, societies and producer companies. All the sellers in india handmade have agreed to sell authentic and handmade products only. All the responsibility regarding the quality / authenticity of the product lies with the sellers. Skip to the end of the images gallery Skip to the beginning of the images gallery I'm a Buyer I'm a","Base: Lightweight Plastic Wrapping: High-Quality Silk Thread Embellishment: Premium Golden Kundan Stones State of Origin: Tamil Nadu, India Occasion: Weddings, ethnic festivals, religious gatherings, family functions More Information More Information Item Type Handicraft Size 2.6 Color Brown Material Bangles - Plastic, Wrapping - Premium Quality Silk Thread, Pasting - Premium Quality Stones/Coins State of Origin Tamil Nadu Care Instructions Keep Away from Water: Avoid contact with water, moisture, or sweat to preserve the silk thread and embellishments. Store Safely: Store the bangles in a dry, airtight box or pouch to prevent dust, moisture, and damage. Avoid Chemicals: Keep them away from Expected Dispatch Days 1 ( Ready to Ship) Reviews Write Your Own Review Only registered users can write reviews. Please Sign in or create an account Disclaimer Product Disclaimer This product is handmade and may have slight variations or dissimilarities that are a natural outcome of the human involvement in the process. These minor variations of Stitches/Motifs add to its charm and ensure its uniqueness & authenticity. Product Quality Disclaimer All the sellers on boarded here are thoroughly verified weavers, artisans, societies and producer companies. All the sellers in india handmade have agreed to sell authentic and handmade products only. All the responsibility regarding the quality / authenticity of the product lies with the sellers. Skip to the end of the images gallery Skip to the beginning of the images gallery I'm a Buyer I'm a","Tamil Nadu, India Occasion: Weddings, ethnic festivals, religious gatherings, family functions More Information More Information Item Type Handicraft Size 2.6 Color Brown Material Bangles - Plastic, Wrapping - Premium Quality Silk Thread, Pasting - Premium Quality Stones/Coins State of Origin Tamil Nadu Care Instructions Keep Away from Water: Avoid contact with water, moisture, or sweat to preserve the silk thread and embellishments. Store Safely: Store the bangles in a dry, airtight box or pouch to prevent dust, moisture, and damage. Avoid Chemicals: Keep them away from Expected Dispatch Days 1 ( Ready to Ship) Reviews Write Your Own Review Only registered users can write reviews. Please Sign in or create an account Disclaimer Product Disclaimer This product is handmade and may have slight variations or dissimilarities that are a natural outcome of the human involvement in the process. These minor variations of Stitches/Motifs add to its charm and ensure its uniqueness & authenticity. Product Quality Disclaimer All the sellers on boarded here are thoroughly verified weavers, artisans, societies and producer companies. All the sellers in india handmade have agreed to sell authentic and handmade products only. All the responsibility regarding the quality / authenticity of the product lies with the sellers. Skip to the end of the images gallery Skip to the beginning of the images gallery I'm a Buyer I'm a",,IndiaHandmade,https://www.indiahandmade.com/catalog/product/view/id/18901/s/buy-silk-thread-bangles-piar-in-brown-online/category/473/,Handicraft Size: 2*6 (Fits petite wrists or offers a snug fit) Color: Brown base with Gold Kundan detailing,Base: Lightweight Plastic Wrapping: High-Quality Silk Thread Embellishment: Premium Golden Kundan Stones,Tamil Nadu,,silk,handicraft
Prisha India Craft Pure Copper Jug Capacity 1300 ML with 4 Pure Copper Glass,4000.0,6600.0,39.39393939393939,copper,other,,"Copper, Color: Copper, Jug Dimension: Weight(Grams):400, Volume (ML):1300, Height(inch): 7.00"", Width/Diameter(inch): 4.30""",,,IndiaHandmade,https://www.indiahandmade.com/catalog/product/view/id/18940/s/prisha-india-craft-pure-copper-jug-capacity-1300-ml-with-4-pure-copper-glass/category/473/,,"Copper, Color: Copper, Jug Dimension: Weight(Grams):400, Volume (ML):1300, Height(inch): 7.00"", Width/Diameter(inch): 4.30""",,,copper,
Silk Oxidised Peacock Jhumka Earrings | Blue,349.0,698.0,50.0,silk,earrings,,,,,IndiaHandmade,https://www.indiahandmade.com/catalog/product/view/id/18952/s/buy-silk-oxidised-peacock-jhumka-earrings-in-blue/category/473/,,,,,,
Trendy Silk Oxidised Peacock Jhumka Earrings - Brown,349.0,698.0,50.0,silk,earrings,,,,,IndiaHandmade,https://www.indiahandmade.com/catalog/product/view/id/18953/s/trendy-silk-oxidised-peacock-jhumka-earrings-brown/category/473/,,,,,,
Trendy Silk Oxidized Peacock Jhumka Earrings | Pink,699.0,1299.0,46.18937644341801,silk,earrings,,,,,IndiaHandmade,https://www.indiahandmade.com/catalog/product/view/id/18957/s/trendy-silk-oxidised-peacock-jhumka-earrings-pink/category/473/,,,,,,
Trendy Silk Oxidised Peacock Jhumka Earrings - White,349.0,698.0,50.0,silk,earrings,,,,,IndiaHandmade,https://www.indiahandmade.com/catalog/product/view/id/18960/s/trendy-silk-oxidised-peacock-jhumka-earrings-white/category/473/,,,,,,
Silk Thread Bangles | Magenta Pink & Blue | 2*6,1200.0,1500.0,20.0,silk,other,"Handicraft Size: 2*6 (ideal for slim wrists or young wearers) Colours: Magenta Pink and Powder Blue Base Material: Strong, Lightweight Plastic Thread Wrapping: Premium Silk Thread in Dual Tone Design Accents: Geometric Motifs – Rhinestones, Beads, Metallic Shapes Origin: Tamil Nadu Occasion: Ideal for festive wear, casual ethnic days, or fusion fashion Texture: Smooth silk finish with structured embellishments More Information More Information Item Type Handicraft Size 2.6 Color Pink Material Bangles - Plastic, Wrapping - Premium Quality Silk Thread, Pasting - Premium Quality Stones/Coins State of Origin Tamil Nadu Care Instructions Keep Away from Water: Avoid contact with water, moisture, or sweat to preserve the silk thread and embellishments. Store Safely: Store the bangles in a dry, airtight box or pouch to prevent dust, moisture, and damage. Avoid Chemicals: Keep them away from Expected Dispatch Days 1 ( Ready to Ship) Reviews Write Your Own Review Only registered users can write reviews. Please Sign in or create an account Disclaimer Product Disclaimer This product is handmade and may have slight variations or dissimilarities that are a natural outcome of the human involvement in the process. These minor variations of Stitches/Motifs add to its charm and ensure its uniqueness & authenticity. Product Quality Disclaimer All the sellers on boarded here are thoroughly verified weavers, artisans, societies and producer companies. All the sellers in india handmade have agreed to sell authentic and handmade products only. All the responsibility regarding the quality / authenticity of the product lies with the sellers. Skip to the end of the images gallery Skip to the beginning of the images gallery Related Products Check items to add to the cart or select all Rajasthani Lac Bangles","Strong, Lightweight Plastic Thread Wrapping: Premium Silk Thread in Dual Tone Design Accents: Geometric Motifs – Rhinestones, Beads, Metallic Shapes Origin: Tamil Nadu Occasion: Ideal for festive wear, casual ethnic days, or fusion fashion Texture: Smooth silk finish with structured embellishments More Information More Information Item Type Handicraft Size 2.6 Color Pink Material Bangles - Plastic, Wrapping - Premium Quality Silk Thread, Pasting - Premium Quality Stones/Coins State of Origin Tamil Nadu Care Instructions Keep Away from Water: Avoid contact with water, moisture, or sweat to preserve the silk thread and embellishments. Store Safely: Store the bangles in a dry, airtight box or pouch to prevent dust, moisture, and damage. Avoid Chemicals: Keep them away from Expected Dispatch Days 1 ( Ready to Ship) Reviews Write Your Own Review Only registered users can write reviews. Please Sign in or create an account Disclaimer Product Disclaimer This product is handmade and may have slight variations or dissimilarities that are a natural outcome of the human involvement in the process. These minor variations of Stitches/Motifs add to its charm and ensure its uniqueness & authenticity. Product Quality Disclaimer All the sellers on boarded here are thoroughly verified weavers, artisans, societies and producer companies. All the sellers in india handmade have agreed to sell authentic and handmade products only. All the responsibility regarding the quality / authenticity of the product lies with the sellers. Skip to the end of the images gallery Skip to the beginning of the images gallery Related Products Check items to add to the cart or select all Rajasthani Lac Bangles",,,IndiaHandmade,https://www.indiahandmade.com/catalog/product/view/id/18976/s/silk-thread-bangles-mb005-2-6/category/473/,Handicraft Size: 2*6 (ideal for slim wrists or young wearers) Colours: Magenta Pink and Powder Blue Base,"Strong, Lightweight Plastic Thread Wrapping: Premium Silk Thread in Dual Tone Design Accents: Geometric Motifs – Rhinestones, Beads, Metallic Shapes Origin: Tamil Nadu Occasion: Ideal for festive wear, casual ethnic days, or fusion fashion Texture: Smooth silk finish with structured embellishments",,,silk,handicraft
Gold Tone String Wire | Turquoise Lotus Pendants,399.0,450.0,11.333333333333332,other,other,,,,,IndiaHandmade,https://www.indiahandmade.com/catalog/product/view/id/19213/s/in-nl-lotus-01/category/473/,,,,,,
Gold Tone String Wire | Flower Zircon Pendants,450.0,550.0,18.181818181818183,other,other,,,,,IndiaHandmade,https://www.indiahandmade.com/catalog/product/view/id/19215/s/in-nl-stone-02/category/473/,,,,,,
IN NL Butterfly 001,149.0,200.0,25.5,other,other,,"Gold-plated wire with delicate metallic elements. Elements: Features an elegant Butterfly pendant charms. Beads: Gold-toned micro beads for added sophistication. Closure: Secure lobster clasp with adjustable rings. Lightweight: Comfortable for daily and festive wear. Occasion: Perfect for casual, ethnic, and contemporary outfits. More Information More Information Item Type Handicraft Size Onesize Color Gold Material Gold Toned String Wire, Metal Pendants, Gold Plated Beads Occasion Casual State of Origin Tamil Nadu Care Instructions Keep Away from Water, After Use Clean with Dry Cotton Cloth Expected Dispatch Days 1 ( Ready to Ship) Reviews Write Your Own Review Only registered users can write reviews. Please Sign in or create an account Disclaimer Product Disclaimer This product is handmade and may have slight variations or dissimilarities that are a natural outcome of the human involvement in the process. These minor variations of Stitches/Motifs add to its charm and ensure its uniqueness & authenticity. Product Quality Disclaimer All the sellers on boarded here are thoroughly verified weavers, artisans, societies and producer companies. All the sellers in india handmade have agreed to sell authentic and handmade products only. All the responsibility regarding the quality / authenticity of the product lies with the sellers. Skip to the end of the images gallery Skip to the beginning of the images gallery I'm a Buyer I'm a",,,IndiaHandmade,https://www.indiahandmade.com/catalog/product/view/id/19220/s/in-nl-butterfly-001/category/473/,,"Gold-plated wire with delicate metallic elements. Elements: Features an elegant Butterfly pendant charms. Beads: Gold-toned micro beads for added sophistication. Closure: Secure lobster clasp with adjustable rings. Lightweight: Comfortable for daily and festive wear. Occasion: Perfect for casual, ethnic, and contemporary outfits.",,,metal,
Embroidery and Mirror Work Cushion Cover | Green,500.0,,,other,other,"Handicraft Exact Size (LBH): 12 x 12 inches Color: Green Material: Mirror, Silk fabric, Embroidery Thread State of Origin: Gujarat Care Instructions: Dryclean Only More Information More Information Item Type Handicraft Exact Size(L*B*H) 12X12 Size Unit INCH Color Green Material Mirror, Silk fabric , embroidery Thread State of Origin Gujarat Care Instructions Dry clean only Expected Dispatch Days 1 ( Ready to Ship) Reviews Write Your Own Review Only registered users can write reviews. Please Sign in or create an account Disclaimer Product Disclaimer This product is handmade and may have slight variations or dissimilarities that are a natural outcome of the human involvement in the process. These minor variations of Stitches/Motifs add to its charm and ensure its uniqueness & authenticity. Product Quality Disclaimer All the sellers on boarded here are thoroughly verified weavers, artisans, societies and producer companies. All the sellers in india handmade have agreed to sell authentic and handmade products only. All the responsibility regarding the quality / authenticity of the product lies with the sellers. Skip to the end of the images gallery Skip to the beginning of the images gallery Related Products Check items to add to the cart or select all Zardozi Floral Embroidered Red Cushion Cover Special Price ₹400.00 Regular Price ₹500.00 20% OFF Add to Cart Add to Wish List Add to Compare cusion cover purple Special Price ₹400.00 Regular Price ₹500.00 20% OFF Add to Cart Add to Wish List Add to Compare Soft and Plush handwoven Cotton Cushion ₹530.00 Add to Wish List Add to Compare I'm a Buyer I'm a","Mirror, Silk fabric, Embroidery Thread State of Origin: Gujarat Care Instructions: Dryclean Only More Information More Information Item Type Handicraft Exact Size(L*B*H) 12X12 Size Unit INCH Color Green Material Mirror, Silk fabric , embroidery Thread State of Origin Gujarat Care Instructions Dry clean only Expected Dispatch Days 1 ( Ready to Ship) Reviews Write Your Own Review Only registered users can write reviews. Please Sign in or create an account Disclaimer Product Disclaimer This product is handmade and may have slight variations or dissimilarities that are a natural outcome of the human involvement in the process. These minor variations of Stitches/Motifs add to its charm and ensure its uniqueness & authenticity. Product Quality Disclaimer All the sellers on boarded here are thoroughly verified weavers, artisans, societies and producer companies. All the sellers in india handmade have agreed to sell authentic and handmade products only. All the responsibility regarding the quality / authenticity of the product lies with the sellers. Skip to the end of the images gallery Skip to the beginning of the images gallery Related Products Check items to add to the cart or select all Zardozi Floral Embroidered Red Cushion Cover Special Price ₹400.00 Regular Price ₹500.00 20% OFF Add to Cart Add to Wish List Add to Compare cusion cover purple Special Price ₹400.00 Regular Price ₹500.00 20% OFF Add to Cart Add to Wish List Add to Compare Soft and Plush handwoven Cotton Cushion ₹530.00 Add to Wish List Add to Compare I'm a Buyer I'm a","Gujarat Care Instructions: Dryclean Only More Information More Information Item Type Handicraft Exact Size(L*B*H) 12X12 Size Unit INCH Color Green Material Mirror, Silk fabric , embroidery Thread State of Origin Gujarat Care Instructions Dry clean only Expected Dispatch Days 1 ( Ready to Ship) Reviews Write Your Own Review Only registered users can write reviews. Please Sign in or create an account Disclaimer Product Disclaimer This product is handmade and may have slight variations or dissimilarities that are a natural outcome of the human involvement in the process. These minor variations of Stitches/Motifs add to its charm and ensure its uniqueness & authenticity. Product Quality Disclaimer All the sellers on boarded here are thoroughly verified weavers, artisans, societies and producer companies. All the sellers in india handmade have agreed to sell authentic and handmade products only. All the responsibility regarding the quality / authenticity of the product lies with the sellers. Skip to the end of the images gallery Skip to the beginning of the images gallery Related Products Check items to add to the cart or select all Zardozi Floral Embroidered Red Cushion Cover Special Price ₹400.00 Regular Price ₹500.00 20% OFF Add to Cart Add to Wish List Add to Compare cusion cover purple Special Price ₹400.00 Regular Price ₹500.00 20% OFF Add to Cart Add to Wish List Add to Compare Soft and Plush handwoven Cotton Cushion ₹530.00 Add to Wish List Add to Compare I'm a Buyer I'm a",,IndiaHandmade,https://www.indiahandmade.com/catalog/product/view/id/16341/s/buy-handcrafted-mirror-work-cushion-cover-online/category/473/,Handicraft Exact Size (LBH): 12 x 12 inches Color: Green,"Mirror, Silk fabric, Embroidery Thread",Gujarat,,silk,handicraft
Handcrafted Block Printed Bottle Bag  Eco Friendly Reusable Wine Tote Perfect for Gifting and Storage,220.0,,,other,bottle,,"100% Cotton with Handcrafted Block Print. Eco-Friendly: Reusable and sustainable, reducing the need for disposable bags. Design: Available in various vibrant and elegant designs to suit any occasion. Care Instructions: Hand wash cold, lay flat to dry. Iron on low if needed. More Information More Information Item Type Handicraft Exact Size(L*B*H) 10*5*33 Size Unit CM Material Cotton Occasion Office State of Origin Uttar Pradesh Care Instructions Hand wash cold, lay flat to dry. Iron on low if needed Expected Dispatch Days 1 ( Ready to Ship) Reviews Write Your Own Review Only registered users can write reviews. Please Sign in or create an account Disclaimer Product Disclaimer This product is handmade and may have slight variations or dissimilarities that are a natural outcome of the human involvement in the process. These minor variations of Stitches/Motifs add to its charm and ensure its uniqueness & authenticity. Product Quality Disclaimer All the sellers on boarded here are thoroughly verified weavers, artisans, societies and producer companies. All the sellers in india handmade have agreed to sell authentic and handmade products only. All the responsibility regarding the quality / authenticity of the product lies with the sellers. Skip to the end of the images gallery Skip to the beginning of the images gallery I'm a Buyer I'm a",,"Fits standard-sized wine and champagne bottles. Material: 100% Cotton with Handcrafted Block Print. Eco-Friendly: Reusable and sustainable, reducing the need for disposable bags. Design: Available in various vibrant and elegant designs to suit any occasion. Care Instructions: Hand wash cold, lay flat to dry. Iron on low if needed. More Information More Information Item Type Handicraft Exact Size(L*B*H) 10*5*33 Size Unit CM Material Cotton Occasion Office State of Origin Uttar Pradesh Care Instructions Hand wash cold, lay flat to dry. Iron on low if needed Expected Dispatch Days 1 ( Ready to Ship) Reviews Write Your Own Review Only registered users can write reviews. Please Sign in or create an account Disclaimer Product Disclaimer This product is handmade and may have slight variations or dissimilarities that are a natural outcome of the human involvement in the process. These minor variations of Stitches/Motifs add to its charm and ensure its uniqueness & authenticity. Product Quality Disclaimer All the sellers on boarded here are thoroughly verified weavers, artisans, societies and producer companies. All the sellers in india handmade have agreed to sell authentic and handmade products only. All the responsibility regarding the quality / authenticity of the product lies with the sellers. Skip to the end of the images gallery Skip to the beginning of the images gallery I'm a Buyer I'm a",IndiaHandmade,https://www.indiahandmade.com/catalog/product/view/id/16604/s/handcrafted-block-printed-bottle-bag-online/category/473/,,"100% Cotton with Handcrafted Block Print. Eco-Friendly: Reusable and sustainable, reducing the need for disposable bags. Design: Available in various vibrant and elegant designs to suit any occasion.",,,cotton,
Handcrafted Block Printed Cotton Bottle Bag | Reusable | Yellow,220.0,,,cotton,bottle,,"100% Cotton with Handcrafted Block Print. Eco-Friendly: Reusable and sustainable, reducing the need for disposable bags. Design: Available in various vibrant and elegant designs to suit any occasion More Information More Information Item Type Handicraft Exact Size(L*B*H) 33*5*10 Size 4''x3'' Size Unit CM Color Beige Material Cotton Occasion Office State of Origin Uttar Pradesh Care Instructions Hand wash cold, lay flat to dry. Iron on low if needed. Expected Dispatch Days 1 ( Ready to Ship) Reviews Write Your Own Review Only registered users can write reviews. Please Sign in or create an account Disclaimer Product Disclaimer This product is handmade and may have slight variations or dissimilarities that are a natural outcome of the human involvement in the process. These minor variations of Stitches/Motifs add to its charm and ensure its uniqueness & authenticity. Product Quality Disclaimer All the sellers on boarded here are thoroughly verified weavers, artisans, societies and producer companies. All the sellers in india handmade have agreed to sell authentic and handmade products only. All the responsibility regarding the quality / authenticity of the product lies with the sellers. Skip to the end of the images gallery Skip to the beginning of the images gallery I'm a Buyer I'm a",,"Fits standard-sized wine and champagne bottles. Material: 100% Cotton with Handcrafted Block Print. Eco-Friendly: Reusable and sustainable, reducing the need for disposable bags. Design: Available in various vibrant and elegant designs to suit any occasion More Information More Information Item Type Handicraft Exact Size(L*B*H) 33*5*10 Size 4''x3'' Size Unit CM Color Beige Material Cotton Occasion Office State of Origin Uttar Pradesh Care Instructions Hand wash cold, lay flat to dry. Iron on low if needed. Expected Dispatch Days 1 ( Ready to Ship) Reviews Write Your Own Review Only registered users can write reviews. Please Sign in or create an account Disclaimer Product Disclaimer This product is handmade and may have slight variations or dissimilarities that are a natural outcome of the human involvement in the process. These minor variations of Stitches/Motifs add to its charm and ensure its uniqueness & authenticity. Product Quality Disclaimer All the sellers on boarded here are thoroughly verified weavers, artisans, societies and producer companies. All the sellers in india handmade have agreed to sell authentic and handmade products only. All the responsibility regarding the quality / authenticity of the product lies with the sellers. Skip to the end of the images gallery Skip to the beginning of the images gallery I'm a Buyer I'm a",IndiaHandmade,https://www.indiahandmade.com/catalog/product/view/id/16608/s/handcrafted-block-printed-bottle-bag-eco-friendly-reusable-wine-tote-perfect-for-gifting-and-storage-yellow-onesize/category/473/,,"100% Cotton with Handcrafted Block Print. Eco-Friendly: Reusable and sustainable, reducing the need for disposable bags. Design: Available in various vibrant and elegant designs to suit any occasion",,,cotton,
Eco-Friendly Jute Carry Bag,449.0,649.0,30.81664098613251,jute,bag,"Handicraft Bag Size: Onesize Dimensions: 40X15X35 cm Color: Khaki Material: Jute Occasion: Casual State of Origin: Uttar Pradesh Speciality: Stylish elephant patchwork, eco-friendly, 100% natural burlap, waterproof, lightweight, durable More Information More Information Size 7''x5'' Dimensions 35X15X30 Size Unit INCH Color Khaki Material Jute Occasion Casual State of Origin Uttar Pradesh Care Instructions Hand Wash Expected Dispatch Days 1 ( Ready to Ship) Reviews Write Your Own Review Only registered users can write reviews. Please Sign in or create an account Disclaimer Product Disclaimer This product is handmade and may have slight variations or dissimilarities that are a natural outcome of the human involvement in the process. These minor variations of Stitches/Motifs add to its charm and ensure its uniqueness & authenticity. Product Quality Disclaimer All the sellers on boarded here are thoroughly verified weavers, artisans, societies and producer companies. All the sellers in india handmade have agreed to sell authentic and handmade products only. All the responsibility regarding the quality / authenticity of the product lies with the sellers. Skip to the end of the images gallery Skip to the beginning of the images gallery I'm a Buyer I'm a","Jute Occasion: Casual State of Origin: Uttar Pradesh Speciality: Stylish elephant patchwork, eco-friendly, 100% natural burlap, waterproof, lightweight, durable More Information More Information Size 7''x5'' Dimensions 35X15X30 Size Unit INCH Color Khaki Material Jute Occasion Casual State of Origin Uttar Pradesh Care Instructions Hand Wash Expected Dispatch Days 1 ( Ready to Ship) Reviews Write Your Own Review Only registered users can write reviews. Please Sign in or create an account Disclaimer Product Disclaimer This product is handmade and may have slight variations or dissimilarities that are a natural outcome of the human involvement in the process. These minor variations of Stitches/Motifs add to its charm and ensure its uniqueness & authenticity. Product Quality Disclaimer All the sellers on boarded here are thoroughly verified weavers, artisans, societies and producer companies. All the sellers in india handmade have agreed to sell authentic and handmade products only. All the responsibility regarding the quality / authenticity of the product lies with the sellers. Skip to the end of the images gallery Skip to the beginning of the images gallery I'm a Buyer I'm a","Uttar Pradesh Speciality: Stylish elephant patchwork, eco-friendly, 100% natural burlap, waterproof, lightweight, durable More Information More Information Size 7''x5'' Dimensions 35X15X30 Size Unit INCH Color Khaki Material Jute Occasion Casual State of Origin Uttar Pradesh Care Instructions Hand Wash Expected Dispatch Days 1 ( Ready to Ship) Reviews Write Your Own Review Only registered users can write reviews. Please Sign in or create an account Disclaimer Product Disclaimer This product is handmade and may have slight variations or dissimilarities that are a natural outcome of the human involvement in the process. These minor variations of Stitches/Motifs add to its charm and ensure its uniqueness & authenticity. Product Quality Disclaimer All the sellers on boarded here are thoroughly verified weavers, artisans, societies and producer companies. All the sellers in india handmade have agreed to sell authentic and handmade products only. All the responsibility regarding the quality / authenticity of the product lies with the sellers. Skip to the end of the images gallery Skip to the beginning of the images gallery I'm a Buyer I'm a","40X15X35 cm Color: Khaki Material: Jute Occasion: Casual State of Origin: Uttar Pradesh Speciality: Stylish elephant patchwork, eco-friendly, 100% natural burlap, waterproof, lightweight, durable More Information More Information Size 7''x5'' Dimensions 35X15X30 Size Unit INCH Color Khaki Material Jute Occasion Casual State of Origin Uttar Pradesh Care Instructions Hand Wash Expected Dispatch Days 1 ( Ready to Ship) Reviews Write Your Own Review Only registered users can write reviews. Please Sign in or create an account Disclaimer Product Disclaimer This product is handmade and may have slight variations or dissimilarities that are a natural outcome of the human involvement in the process. These minor variations of Stitches/Motifs add to its charm and ensure its uniqueness & authenticity. Product Quality Disclaimer All the sellers on boarded here are thoroughly verified weavers, artisans, societies and producer companies. All the sellers in india handmade have agreed to sell authentic and handmade products only. All the responsibility regarding the quality / authenticity of the product lies with the sellers. Skip to the end of the images gallery Skip to the beginning of the images gallery I'm a Buyer I'm a",IndiaHandmade,https://www.indiahandmade.com/catalog/product/view/id/16860/s/shop-eco-friendly-jute-carry-bag-online-india/category/473/,Handicraft Bag Size: Onesize,Jute Occasion: Casual,Uttar Pradesh,40X15X35 cm,jute,handicraft
Photo Frame Elephant 01,1499.0,1599.0,6.2539086929330825,other,other,,,,,IndiaHandmade,https://www.indiahandmade.com/catalog/product/view/id/17094/s/photo-frame-elephant01/category/473/,,,,,,
Handcrafted Wooden Kettle-Shaped Coaster Set,450.0,550.0,18.181818181818183,wood,other,"Handicraft Material: Premium quality wood offering durability and natural beauty Design: Whimsical kettle shape adds a playful yet elegant touch. Purpose: Protects tables and countertops from heat and moisture damage Size: Compact 5x4 inches, perfect for any table setting State of Origin: Uttar Pradesh How to Care? The wooden kettle-shaped tea coaster set combines utility and artistic appeal, making it an excellent addition to your home or a thoughtful gift for loved ones. Product Specification Item Type: Handicraft Material: Premium quality wood offering durability and natural beauty Design: Whimsical kettle shape adds a playful yet elegant touch. Purpose: Protects tables and countertops from heat and moisture damage Size: Compact 5x4 inches, perfect for any table setting State of Origin: Uttar Pradesh More Information More Information Item Type Handicraft Exact Size(L*B*H) 5X4 Size Unit INCH Color Brown Material WOOD State of Origin Uttar Pradesh Care Instructions USE AND CLEAN AND DRY PLACE Expected Dispatch Days 1 ( Ready to Ship) Reviews Write Your Own Review Only registered users can write reviews. Please Sign in or create an account Disclaimer Product Disclaimer This product is handmade and may have slight variations or dissimilarities that are a natural outcome of the human involvement in the process. These minor variations of Stitches/Motifs add to its charm and ensure its uniqueness & authenticity. Product Quality Disclaimer All the sellers on boarded here are thoroughly verified weavers, artisans, societies and producer companies. All the sellers in india handmade have agreed to sell authentic and handmade products only. All the responsibility regarding the quality / authenticity of the product lies with the sellers. Skip to the end of the images gallery Skip to the beginning of the images gallery I'm a Buyer I'm a","Premium quality wood offering durability and natural beauty Design: Whimsical kettle shape adds a playful yet elegant touch. Purpose: Protects tables and countertops from heat and moisture damage Size: Compact 5x4 inches, perfect for any table setting State of Origin: Uttar Pradesh How to Care? The wooden kettle-shaped tea coaster set combines utility and artistic appeal, making it an excellent addition to your home or a thoughtful gift for loved ones. Product Specification Item Type: Handicraft Material: Premium quality wood offering durability and natural beauty Design: Whimsical kettle shape adds a playful yet elegant touch. Purpose: Protects tables and countertops from heat and moisture damage Size: Compact 5x4 inches, perfect for any table setting State of Origin: Uttar Pradesh More Information More Information Item Type Handicraft Exact Size(L*B*H) 5X4 Size Unit INCH Color Brown Material WOOD State of Origin Uttar Pradesh Care Instructions USE AND CLEAN AND DRY PLACE Expected Dispatch Days 1 ( Ready to Ship) Reviews Write Your Own Review Only registered users can write reviews. Please Sign in or create an account Disclaimer Product Disclaimer This product is handmade and may have slight variations or dissimilarities that are a natural outcome of the human involvement in the process. These minor variations of Stitches/Motifs add to its charm and ensure its uniqueness & authenticity. Product Quality Disclaimer All the sellers on boarded here are thoroughly verified weavers, artisans, societies and producer companies. All the sellers in india handmade have agreed to sell authentic and handmade products only. All the responsibility regarding the quality / authenticity of the product lies with the sellers. Skip to the end of the images gallery Skip to the beginning of the images gallery I'm a Buyer I'm a","Uttar Pradesh How to Care? The wooden kettle-shaped tea coaster set combines utility and artistic appeal, making it an excellent addition to your home or a thoughtful gift for loved ones. Product Specification Item Type: Handicraft Material: Premium quality wood offering durability and natural beauty Design: Whimsical kettle shape adds a playful yet elegant touch. Purpose: Protects tables and countertops from heat and moisture damage Size: Compact 5x4 inches, perfect for any table setting State of Origin: Uttar Pradesh More Information More Information Item Type Handicraft Exact Size(L*B*H) 5X4 Size Unit INCH Color Brown Material WOOD State of Origin Uttar Pradesh Care Instructions USE AND CLEAN AND DRY PLACE Expected Dispatch Days 1 ( Ready to Ship) Reviews Write Your Own Review Only registered users can write reviews. Please Sign in or create an account Disclaimer Product Disclaimer This product is handmade and may have slight variations or dissimilarities that are a natural outcome of the human involvement in the process. These minor variations of Stitches/Motifs add to its charm and ensure its uniqueness & authenticity. Product Quality Disclaimer All the sellers on boarded here are thoroughly verified weavers, artisans, societies and producer companies. All the sellers in india handmade have agreed to sell authentic and handmade products only. All the responsibility regarding the quality / authenticity of the product lies with the sellers. Skip to the end of the images gallery Skip to the beginning of the images gallery I'm a Buyer I'm a",,IndiaHandmade,https://www.indiahandmade.com/catalog/product/view/id/17210/s/buy-handcrafted-wooden-kettle-shaped-coaster-set-online/category/473/,Handicraft,"Premium quality wood offering durability and natural beauty Design: Whimsical kettle shape adds a playful yet elegant touch. Purpose: Protects tables and countertops from heat and moisture damage Size: Compact 5x4 inches, perfect for any table setting",Uttar Pradesh,,wood,handicraft
Handmade Wooden Musical Flute,300.0,499.0,39.879759519038075,wood,other,"Handicraft Material: Bamboo Size: 30x2x2 cm Versatility: Suitable for classical music as well as contemporary tunes Origin: Delhi How to Care? To ensure its longevity, clean the flute regularly using a soft dusting cloth. Avoid exposing it to excessive moisture or direct sunlight, as these may affect the bamboo. Proper storage in a dry place is recommended. The handcrafted wooden flute is more than a musical instrument; it is a blend of tradition and artistry. Perfect for musicians at all levels, it promises to add a soulful touch to every performance. Product Specification The handcrafted wooden flute is a timeless musical instrument made from high-quality bamboo wood. Known for its authentic and soothing sound , this flute is cherished by musicians and enthusiasts alike. Whether you’re a beginner or a professional, the bansuri offers a unique gateway to explore the soulful melodies of traditional Indian music. Item Type: Handicraft Material: Bamboo Size: 30x2x2 cm Versatility: Suitable for classical music as well as contemporary tunes Origin: Delhi More Information More Information Item Type Handicraft Exact Size(L*B*H) 30x2x2 Size Onesize Size Unit CM Color Brown State of Origin Delhi Care Instructions Use a Dusting Cloth to Remove Dust Expected Dispatch Days 1 ( Ready to Ship) Reviews Write Your Own Review Only registered users can write reviews. Please Sign in or create an account Disclaimer Product Disclaimer This product is handmade and may have slight variations or dissimilarities that are a natural outcome of the human involvement in the process. These minor variations of Stitches/Motifs add to its charm and ensure its uniqueness & authenticity. Product Quality Disclaimer All the sellers on boarded here are thoroughly verified weavers, artisans, societies and producer companies. All the sellers in india handmade have agreed to sell authentic and handmade products only. All the responsibility regarding the quality / authenticity of the product lies with the sellers. Skip to the end of the images gallery Skip to the beginning of the images gallery I'm a Buyer I'm a","Bamboo Size: 30x2x2 cm Versatility: Suitable for classical music as well as contemporary tunes Origin: Delhi How to Care? To ensure its longevity, clean the flute regularly using a soft dusting cloth. Avoid exposing it to excessive moisture or direct sunlight, as these may affect the bamboo. Proper storage in a dry place is recommended. The handcrafted wooden flute is more than a musical instrument; it is a blend of tradition and artistry. Perfect for musicians at all levels, it promises to add a soulful touch to every performance. Product Specification The handcrafted wooden flute is a timeless musical instrument made from high-quality bamboo wood. Known for its authentic and soothing sound , this flute is cherished by musicians and enthusiasts alike. Whether you’re a beginner or a professional, the bansuri offers a unique gateway to explore the soulful melodies of traditional Indian music. Item Type: Handicraft Material: Bamboo Size: 30x2x2 cm Versatility: Suitable for classical music as well as contemporary tunes Origin: Delhi More Information More Information Item Type Handicraft Exact Size(L*B*H) 30x2x2 Size Onesize Size Unit CM Color Brown State of Origin Delhi Care Instructions Use a Dusting Cloth to Remove Dust Expected Dispatch Days 1 ( Ready to Ship) Reviews Write Your Own Review Only registered users can write reviews. Please Sign in or create an account Disclaimer Product Disclaimer This product is handmade and may have slight variations or dissimilarities that are a natural outcome of the human involvement in the process. These minor variations of Stitches/Motifs add to its charm and ensure its uniqueness & authenticity. Product Quality Disclaimer All the sellers on boarded here are thoroughly verified weavers, artisans, societies and producer companies. All the sellers in india handmade have agreed to sell authentic and handmade products only. All the responsibility regarding the quality / authenticity of the product lies with the sellers. Skip to the end of the images gallery Skip to the beginning of the images gallery I'm a Buyer I'm a",,,IndiaHandmade,https://www.indiahandmade.com/catalog/product/view/id/17409/s/buy-handmade-wooden-musical-flute-online/category/473/,Handicraft,"Bamboo Size: 30x2x2 cm Versatility: Suitable for classical music as well as contemporary tunes Origin: Delhi How to Care? To ensure its longevity, clean the flute regularly using a soft dusting cloth. Avoid exposing it to excessive moisture or direct sunlight, as these may affect the bamboo. Proper storage in a dry place is recommended. The handcrafted wooden flute is more than a musical instrument; it is a blend of tradition and artistry. Perfect for musicians at all levels, it promises to add a soulful touch to every performance. Product Specification The handcrafted wooden flute is a timeless musical instrument made from high-quality bamboo wood. Known for its authentic and soothing sound , this flute is cherished by musicians and enthusiasts alike. Whether you’re a beginner or a professional, the bansuri offers a unique gateway to explore the soulful melodies of traditional Indian music.",,,bamboo,handicraft
Prisha India Craft Copper Water Bottle with Vacuum Insulation,950.0,1850.0,48.64864864864865,copper,bottle,,"Inside Copper Outside Steel, Unique Design Product Specification FEATURES: Capacity: 800 ML, Height: 12"" inch, Diameter: 3"" inch, Weight: Approx 335 gram",,,IndiaHandmade,https://www.indiahandmade.com/catalog/product/view/id/18052/s/prisha-india-craft-copper-water-bottle-with-vacuum-insulation20/category/473/,,"Inside Copper Outside Steel, Unique Design Product Specification FEATURES: Capacity: 800 ML, Height: 12"" inch, Diameter: 3"" inch, Weight: Approx 335 gram",,,copper,
"Gi Craft Leather Lion Figurine | 12""",650.0,800.0,18.75,leather,other,,,,,IndiaHandmade,https://www.indiahandmade.com/catalog/product/view/id/15134/s/lions/category/473/,,,,,,
Leather Tiger Home Decor Piece,2200.0,2500.0,12.0,leather,other,,,,,IndiaHandmade,https://www.indiahandmade.com/catalog/product/view/id/15135/s/tiger/category/473/,,,,,,
Handmade Lotus Pendant Necklace | Yellow,300.0,350.0,14.285714285714285,other,necklace,"Handicraft Size: Onesize Color: Orange Material: Gold-toned string wire, metal pendant, pearl beads Occasion: Party State of Origin: Tamil Nadu Expected Dispatch Days: 1 (Ready to Ship) Care Instructions Keep the necklace away from water, perfumes, and moisture. After use, gently clean with a dry cotton cloth. Store in a soft pouch or jewellery box to maintain its finish and prevent scratches. Product Specification Speciality of the Product Handcrafted lotus pendant inspired by Indian heritage Rich orange enamel with elegant pearl detailing Lightweight and skin-friendly for comfortable wear Crafted by artisans from Tamil Nadu Suitable for both traditional and contemporary outfits More Information More Information Item Type Handicraft Size Onesize Color Yellow Material Gold Toned String Wire, Metal Pendants, Pearl Beads Occasion Party State of Origin Tamil Nadu Care Instructions Keep Away from Water, After Use Clean with Dry Cotton Cloth, Expected Dispatch Days 1 ( Ready to Ship) Reviews Write Your Own Review Only registered users can write reviews. Please Sign in or create an account Disclaimer Product Disclaimer This product is handmade and may have slight variations or dissimilarities that are a natural outcome of the human involvement in the process. These minor variations of Stitches/Motifs add to its charm and ensure its uniqueness & authenticity. Product Quality Disclaimer All the sellers on boarded here are thoroughly verified weavers, artisans, societies and producer companies. All the sellers in india handmade have agreed to sell authentic and handmade products only. All the responsibility regarding the quality / authenticity of the product lies with the sellers. Skip to the end of the images gallery Skip to the beginning of the images gallery I'm a Buyer I'm a","Gold-toned string wire, metal pendant, pearl beads Occasion: Party State of Origin: Tamil Nadu Expected Dispatch Days: 1 (Ready to Ship) Care Instructions Keep the necklace away from water, perfumes, and moisture. After use, gently clean with a dry cotton cloth. Store in a soft pouch or jewellery box to maintain its finish and prevent scratches. Product Specification Speciality of the Product Handcrafted lotus pendant inspired by Indian heritage Rich orange enamel with elegant pearl detailing Lightweight and skin-friendly for comfortable wear Crafted by artisans from Tamil Nadu Suitable for both traditional and contemporary outfits More Information More Information Item Type Handicraft Size Onesize Color Yellow Material Gold Toned String Wire, Metal Pendants, Pearl Beads Occasion Party State of Origin Tamil Nadu Care Instructions Keep Away from Water, After Use Clean with Dry Cotton Cloth, Expected Dispatch Days 1 ( Ready to Ship) Reviews Write Your Own Review Only registered users can write reviews. Please Sign in or create an account Disclaimer Product Disclaimer This product is handmade and may have slight variations or dissimilarities that are a natural outcome of the human involvement in the process. These minor variations of Stitches/Motifs add to its charm and ensure its uniqueness & authenticity. Product Quality Disclaimer All the sellers on boarded here are thoroughly verified weavers, artisans, societies and producer companies. All the sellers in india handmade have agreed to sell authentic and handmade products only. All the responsibility regarding the quality / authenticity of the product lies with the sellers. Skip to the end of the images gallery Skip to the beginning of the images gallery I'm a Buyer I'm a","Tamil Nadu Expected Dispatch Days: 1 (Ready to Ship) Care Instructions Keep the necklace away from water, perfumes, and moisture. After use, gently clean with a dry cotton cloth. Store in a soft pouch or jewellery box to maintain its finish and prevent scratches. Product Specification Speciality of the Product Handcrafted lotus pendant inspired by Indian heritage Rich orange enamel with elegant pearl detailing Lightweight and skin-friendly for comfortable wear Crafted by artisans from Tamil Nadu Suitable for both traditional and contemporary outfits More Information More Information Item Type Handicraft Size Onesize Color Yellow Material Gold Toned String Wire, Metal Pendants, Pearl Beads Occasion Party State of Origin Tamil Nadu Care Instructions Keep Away from Water, After Use Clean with Dry Cotton Cloth, Expected Dispatch Days 1 ( Ready to Ship) Reviews Write Your Own Review Only registered users can write reviews. Please Sign in or create an account Disclaimer Product Disclaimer This product is handmade and may have slight variations or dissimilarities that are a natural outcome of the human involvement in the process. These minor variations of Stitches/Motifs add to its charm and ensure its uniqueness & authenticity. Product Quality Disclaimer All the sellers on boarded here are thoroughly verified weavers, artisans, societies and producer companies. All the sellers in india handmade have agreed to sell authentic and handmade products only. All the responsibility regarding the quality / authenticity of the product lies with the sellers. Skip to the end of the images gallery Skip to the beginning of the images gallery I'm a Buyer I'm a",,IndiaHandmade,https://www.indiahandmade.com/catalog/product/view/id/19550/s/buy-handmade-lotus-pendant-necklace-in-yellow-online/category/473/,Handicraft Size: Onesize Color: Orange,"Gold-toned string wire, metal pendant, pearl beads Occasion: Party",Tamil Nadu,,metal,handicraft
Hand-Painted Jute Tote | Eco-Friendly,700.0,2000.0,65.0,jute,other,,"Made from high-quality jute, ensuring longevity and eco-friendliness. Vibrant and Stylish: A palette of green, pink, and blue with a striking red band for a bold contrast. Functional Design: Combining practicality with cultural artistry. Eco-Friendly Choice: Embrace sustainability with this tote crafted from natural jute material. More Information More Information Item Type Handicraft Dimensions 38*25*38 Color White Material jute Occasion Casual State of Origin Bihar Expected Dispatch Days 1 ( Ready to Ship) Reviews Write Your Own Review Only registered users can write reviews. Please Sign in or create an account Disclaimer Product Disclaimer This product is handmade and may have slight variations or dissimilarities that are a natural outcome of the human involvement in the process. These minor variations of Stitches/Motifs add to its charm and ensure its uniqueness & authenticity. Product Quality Disclaimer All the sellers on boarded here are thoroughly verified weavers, artisans, societies and producer companies. All the sellers in india handmade have agreed to sell authentic and handmade products only. All the responsibility regarding the quality / authenticity of the product lies with the sellers. Skip to the end of the images gallery Skip to the beginning of the images gallery I'm a Buyer I'm a",,,IndiaHandmade,https://www.indiahandmade.com/catalog/product/view/id/19706/s/jute-bag-hand-painted-eco-friendly-tote-featuring-traditional-vibrant-art-of-nature-and-mythology27/category/473/,,"Made from high-quality jute, ensuring longevity and eco-friendliness. Vibrant and Stylish: A palette of green, pink, and blue with a striking red band for a bold contrast. Functional Design: Combining practicality with cultural artistry. Eco-Friendly Choice: Embrace sustainability with this tote crafted from natural jute material.",,,jute,
Handcrafted Jute Purse| Beige,1499.0,,,jute,other,,,,,IndiaHandmade,https://www.indiahandmade.com/handcrafted-jute-purse-beige.html,,,,,,
Dastkar Crafts Home Berrien Outdoor Wicker Chairs,4999.0,6999.0,28.57551078725532,other,chair,"Handicraft Dimensions: 20.50"" W x 24.20"" D x 33.00"" H Material: Cane & Bamboo Occassion: Casual State of Origin: Uttar Pradesh More Information More Information Item Type Handicraft Size 24.2""D x 20.5""W x 33""H Size Unit Feet Material Cane & Bamboo State of Origin Uttar Pradesh Care Instructions Good in all Weather Color Beige Expected Dispatch Days 1 ( Ready to Ship) Reviews Write Your Own Review Only registered users can write reviews. Please Sign in or create an account Disclaimer Product Disclaimer This product is handmade and may have slight variations or dissimilarities that are a natural outcome of the human involvement in the process. These minor variations of Stitches/Motifs add to its charm and ensure its uniqueness & authenticity. Product Quality Disclaimer All the sellers on boarded here are thoroughly verified weavers, artisans, societies and producer companies. All the sellers in india handmade have agreed to sell authentic and handmade products only. All the responsibility regarding the quality / authenticity of the product lies with the sellers. Skip to the end of the images gallery Skip to the beginning of the images gallery I'm a Buyer I'm a","Cane & Bamboo Occassion: Casual State of Origin: Uttar Pradesh More Information More Information Item Type Handicraft Size 24.2""D x 20.5""W x 33""H Size Unit Feet Material Cane & Bamboo State of Origin Uttar Pradesh Care Instructions Good in all Weather Color Beige Expected Dispatch Days 1 ( Ready to Ship) Reviews Write Your Own Review Only registered users can write reviews. Please Sign in or create an account Disclaimer Product Disclaimer This product is handmade and may have slight variations or dissimilarities that are a natural outcome of the human involvement in the process. These minor variations of Stitches/Motifs add to its charm and ensure its uniqueness & authenticity. Product Quality Disclaimer All the sellers on boarded here are thoroughly verified weavers, artisans, societies and producer companies. All the sellers in india handmade have agreed to sell authentic and handmade products only. All the responsibility regarding the quality / authenticity of the product lies with the sellers. Skip to the end of the images gallery Skip to the beginning of the images gallery I'm a Buyer I'm a","Uttar Pradesh More Information More Information Item Type Handicraft Size 24.2""D x 20.5""W x 33""H Size Unit Feet Material Cane & Bamboo State of Origin Uttar Pradesh Care Instructions Good in all Weather Color Beige Expected Dispatch Days 1 ( Ready to Ship) Reviews Write Your Own Review Only registered users can write reviews. Please Sign in or create an account Disclaimer Product Disclaimer This product is handmade and may have slight variations or dissimilarities that are a natural outcome of the human involvement in the process. These minor variations of Stitches/Motifs add to its charm and ensure its uniqueness & authenticity. Product Quality Disclaimer All the sellers on boarded here are thoroughly verified weavers, artisans, societies and producer companies. All the sellers in india handmade have agreed to sell authentic and handmade products only. All the responsibility regarding the quality / authenticity of the product lies with the sellers. Skip to the end of the images gallery Skip to the beginning of the images gallery I'm a Buyer I'm a","20.50"" W x 24.20"" D x 33.00"" H Material: Cane & Bamboo Occassion: Casual State of Origin: Uttar Pradesh More Information More Information Item Type Handicraft Size 24.2""D x 20.5""W x 33""H Size Unit Feet Material Cane & Bamboo State of Origin Uttar Pradesh Care Instructions Good in all Weather Color Beige Expected Dispatch Days 1 ( Ready to Ship) Reviews Write Your Own Review Only registered users can write reviews. Please Sign in or create an account Disclaimer Product Disclaimer This product is handmade and may have slight variations or dissimilarities that are a natural outcome of the human involvement in the process. These minor variations of Stitches/Motifs add to its charm and ensure its uniqueness & authenticity. Product Quality Disclaimer All the sellers on boarded here are thoroughly verified weavers, artisans, societies and producer companies. All the sellers in india handmade have agreed to sell authentic and handmade products only. All the responsibility regarding the quality / authenticity of the product lies with the sellers. Skip to the end of the images gallery Skip to the beginning of the images gallery I'm a Buyer I'm a",IndiaHandmade,https://www.indiahandmade.com/dastkar-crafts-home-berrien-outdoor-wicker-chairs.html,Handicraft,Cane & Bamboo Occassion: Casual,Uttar Pradesh,,bamboo,handicraft
Rattan Cane Swing Chair with Cushion,7500.0,8999.0,16.6574063784865,cane,swing,"Handicraft Material: Cane & Bamboo State of Origin: Uttar Pradesh Care Instructions: Good in all weather More Information More Information Item Type Handicraft Size full size Size Unit INCH Material Cane & Bamboo State of Origin Uttar Pradesh Care Instructions Good in all seasons Color Beige Expected Dispatch Days 1 ( Ready to Ship) Reviews Write Your Own Review Only registered users can write reviews. Please Sign in or create an account Disclaimer Product Disclaimer This product is handmade and may have slight variations or dissimilarities that are a natural outcome of the human involvement in the process. These minor variations of Stitches/Motifs add to its charm and ensure its uniqueness & authenticity. Product Quality Disclaimer All the sellers on boarded here are thoroughly verified weavers, artisans, societies and producer companies. All the sellers in india handmade have agreed to sell authentic and handmade products only. All the responsibility regarding the quality / authenticity of the product lies with the sellers. Skip to the end of the images gallery Skip to the beginning of the images gallery I'm a Buyer I'm a","Cane & Bamboo State of Origin: Uttar Pradesh Care Instructions: Good in all weather More Information More Information Item Type Handicraft Size full size Size Unit INCH Material Cane & Bamboo State of Origin Uttar Pradesh Care Instructions Good in all seasons Color Beige Expected Dispatch Days 1 ( Ready to Ship) Reviews Write Your Own Review Only registered users can write reviews. Please Sign in or create an account Disclaimer Product Disclaimer This product is handmade and may have slight variations or dissimilarities that are a natural outcome of the human involvement in the process. These minor variations of Stitches/Motifs add to its charm and ensure its uniqueness & authenticity. Product Quality Disclaimer All the sellers on boarded here are thoroughly verified weavers, artisans, societies and producer companies. All the sellers in india handmade have agreed to sell authentic and handmade products only. All the responsibility regarding the quality / authenticity of the product lies with the sellers. Skip to the end of the images gallery Skip to the beginning of the images gallery I'm a Buyer I'm a","Uttar Pradesh Care Instructions: Good in all weather More Information More Information Item Type Handicraft Size full size Size Unit INCH Material Cane & Bamboo State of Origin Uttar Pradesh Care Instructions Good in all seasons Color Beige Expected Dispatch Days 1 ( Ready to Ship) Reviews Write Your Own Review Only registered users can write reviews. Please Sign in or create an account Disclaimer Product Disclaimer This product is handmade and may have slight variations or dissimilarities that are a natural outcome of the human involvement in the process. These minor variations of Stitches/Motifs add to its charm and ensure its uniqueness & authenticity. Product Quality Disclaimer All the sellers on boarded here are thoroughly verified weavers, artisans, societies and producer companies. All the sellers in india handmade have agreed to sell authentic and handmade products only. All the responsibility regarding the quality / authenticity of the product lies with the sellers. Skip to the end of the images gallery Skip to the beginning of the images gallery I'm a Buyer I'm a",,IndiaHandmade,https://www.indiahandmade.com/shop-rattan-cane-swing-chair-with-cushion-online.html,Handicraft,Cane & Bamboo,Uttar Pradesh,,bamboo,handicraft
Handmade Cane Rattan Magazine Shelf,2500.0,3299.0,24.21946044255835,cane,other,,,,,IndiaHandmade,https://www.indiahandmade.com/cane-wall-shelf-magzine-room-decor-shelf-cane-home-office-s-decoration-and-book-shelves-wooden-bamboo-cane-plant-contaier-shalf.html,,,,,,
Cane Sofa Set with Table,24500.0,26999.0,9.25589836660617,cane,sofa,"Handicraft Material: Cane and bamboo Elegant Design: Solid brown finish Lightweight & Durable: Easy to handle yet built to last Comfortable Seating: Padded armrests enhance relaxation Versatile Use: Suitable for homes, cafes and garden spaces State of Origin: Uttar Pradesh How to Care? Wipe with a dry or damp cloth to remove dust. Keep away from prolonged exposure to moisture. Avoid placing heavy objects to maintain shape. A blend of craftsmanship and sustainability, this Cane Sofa Set with Table enhances comfort and style. Whether placed in a cosy indoor setting or a breezy outdoor space, it offers a warm and inviting atmosphere. Product Specification Crafted with precision and care, the Cane Sofa Set with Table brings a touch of natural elegance to any space. Designed for both indoor and outdoor use, this beautifully handcrafted furniture set blends functionality with aesthetics. Its solid brown finish and timeless design make it a perfect addition to living rooms, gardens, cafés and more. Item Type: Handicraft Material: Cane and bamboo Elegant Design: Solid brown finish Lightweight & Durable: Easy to handle yet built to last Comfortable Seating: Padded armrests enhance relaxation Versatile Use: Suitable for homes, cafes and garden spaces State of Origin: Uttar Pradesh More Information More Information Item Type Handicraft Size full size Material Cane & Bamboo State of Origin Uttar Pradesh Care Instructions Good in all seasons Color Brown Expected Dispatch Days 1 ( Ready to Ship) Reviews Write Your Own Review Only registered users can write reviews. Please Sign in or create an account Disclaimer Product Disclaimer This product is handmade and may have slight variations or dissimilarities that are a natural outcome of the human involvement in the process. These minor variations of Stitches/Motifs add to its charm and ensure its uniqueness & authenticity. Product Quality Disclaimer All the sellers on boarded here are thoroughly verified weavers, artisans, societies and producer companies. All the sellers in india handmade have agreed to sell authentic and handmade products only. All the responsibility regarding the quality / authenticity of the product lies with the sellers. Skip to the end of the images gallery Skip to the beginning of the images gallery I'm a Buyer I'm a","Cane and bamboo Elegant Design: Solid brown finish Lightweight & Durable: Easy to handle yet built to last Comfortable Seating: Padded armrests enhance relaxation Versatile Use: Suitable for homes, cafes and garden spaces State of Origin: Uttar Pradesh How to Care? Wipe with a dry or damp cloth to remove dust. Keep away from prolonged exposure to moisture. Avoid placing heavy objects to maintain shape. A blend of craftsmanship and sustainability, this Cane Sofa Set with Table enhances comfort and style. Whether placed in a cosy indoor setting or a breezy outdoor space, it offers a warm and inviting atmosphere. Product Specification Crafted with precision and care, the Cane Sofa Set with Table brings a touch of natural elegance to any space. Designed for both indoor and outdoor use, this beautifully handcrafted furniture set blends functionality with aesthetics. Its solid brown finish and timeless design make it a perfect addition to living rooms, gardens, cafés and more. Item Type: Handicraft Material: Cane and bamboo Elegant Design: Solid brown finish Lightweight & Durable: Easy to handle yet built to last Comfortable Seating: Padded armrests enhance relaxation Versatile Use: Suitable for homes, cafes and garden spaces State of Origin: Uttar Pradesh More Information More Information Item Type Handicraft Size full size Material Cane & Bamboo State of Origin Uttar Pradesh Care Instructions Good in all seasons Color Brown Expected Dispatch Days 1 ( Ready to Ship) Reviews Write Your Own Review Only registered users can write reviews. Please Sign in or create an account Disclaimer Product Disclaimer This product is handmade and may have slight variations or dissimilarities that are a natural outcome of the human involvement in the process. These minor variations of Stitches/Motifs add to its charm and ensure its uniqueness & authenticity. Product Quality Disclaimer All the sellers on boarded here are thoroughly verified weavers, artisans, societies and producer companies. All the sellers in india handmade have agreed to sell authentic and handmade products only. All the responsibility regarding the quality / authenticity of the product lies with the sellers. Skip to the end of the images gallery Skip to the beginning of the images gallery I'm a Buyer I'm a","Uttar Pradesh How to Care? Wipe with a dry or damp cloth to remove dust. Keep away from prolonged exposure to moisture. Avoid placing heavy objects to maintain shape. A blend of craftsmanship and sustainability, this Cane Sofa Set with Table enhances comfort and style. Whether placed in a cosy indoor setting or a breezy outdoor space, it offers a warm and inviting atmosphere. Product Specification Crafted with precision and care, the Cane Sofa Set with Table brings a touch of natural elegance to any space. Designed for both indoor and outdoor use, this beautifully handcrafted furniture set blends functionality with aesthetics. Its solid brown finish and timeless design make it a perfect addition to living rooms, gardens, cafés and more. Item Type: Handicraft Material: Cane and bamboo Elegant Design: Solid brown finish Lightweight & Durable: Easy to handle yet built to last Comfortable Seating: Padded armrests enhance relaxation Versatile Use: Suitable for homes, cafes and garden spaces State of Origin: Uttar Pradesh More Information More Information Item Type Handicraft Size full size Material Cane & Bamboo State of Origin Uttar Pradesh Care Instructions Good in all seasons Color Brown Expected Dispatch Days 1 ( Ready to Ship) Reviews Write Your Own Review Only registered users can write reviews. Please Sign in or create an account Disclaimer Product Disclaimer This product is handmade and may have slight variations or dissimilarities that are a natural outcome of the human involvement in the process. These minor variations of Stitches/Motifs add to its charm and ensure its uniqueness & authenticity. Product Quality Disclaimer All the sellers on boarded here are thoroughly verified weavers, artisans, societies and producer companies. All the sellers in india handmade have agreed to sell authentic and handmade products only. All the responsibility regarding the quality / authenticity of the product lies with the sellers. Skip to the end of the images gallery Skip to the beginning of the images gallery I'm a Buyer I'm a",,IndiaHandmade,https://www.indiahandmade.com/buy-cane-sofa-set-with-table-online.html,Handicraft,"Cane and bamboo Elegant Design: Solid brown finish Lightweight & Durable: Easy to handle yet built to last Comfortable Seating: Padded armrests enhance relaxation Versatile Use: Suitable for homes, cafes and garden spaces",Uttar Pradesh,,bamboo,handicraft
Pure Handmade Wooden Sofa Set,34500.0,35999.0,4.164004555682102,wood,sofa,,,,,IndiaHandmade,https://www.indiahandmade.com/3-seater-sofa-set-with-cushion-and-2-side-tables.html,,,,,,
Bamboo Cane Sofa with Round Cushion for Home & Office | Outdoor Indoor Furniture,28599.0,35999.0,20.556126559071085,bamboo,sofa,,,,,IndiaHandmade,https://www.indiahandmade.com/handmade-wooden-bamboo-furniture-bamboo-cane-furniture/office-use-items/sofas-couches/dastkar-crafts-cane-sofa-with-red-round-cushion-bamboo-cane-sofa-cane-bent-sofa-set-furniture-for-home-sofa-for-outdoor-indoor-balcony-garden-chair-cane-sofa-set-furnitu,,,,,,
Cane & Bamboo Recliner Chair,4550.0,6999.0,34.99071295899414,bamboo,chair,"Handicraft Material: Cane & Bamboo Colour: Natural Brown Dimensions: 70D x 50W x 90H cm Size: Medium Special Feature: Foldable Recommended Uses: Garden, restaurant, cafe and more Pattern: Solid State of Origin: Uttar Pradesh Product Specification Crafted from premium-quality cane and bamboo, this recliner chair brings a blend of elegance and comfort to any space. Its natural brown hue complements various decor styles, making it a versatile addition to gardens, cafes, restaurants and outdoor settings. With a solid back design and foldable features, it offers both durability and convenience. More Information More Information Item Type Handicraft Size Onesize Dimensions 40X40X40 CM Size Unit CM GI Mapping ID 330 Color Brown Fabric Other Material Cane & Bamboo State of Origin Uttar Pradesh Care Instructions Good in all seasons Expected Dispatch Days 1 ( Ready to Ship) Reviews Write Your Own Review Only registered users can write reviews. Please Sign in or create an account Disclaimer Product Disclaimer This product is handmade and may have slight variations or dissimilarities that are a natural outcome of the human involvement in the process. These minor variations of Stitches/Motifs add to its charm and ensure its uniqueness & authenticity. Product Quality Disclaimer All the sellers on boarded here are thoroughly verified weavers, artisans, societies and producer companies. All the sellers in india handmade have agreed to sell authentic and handmade products only. All the responsibility regarding the quality / authenticity of the product lies with the sellers. Skip to the end of the images gallery Skip to the beginning of the images gallery I'm a Buyer I'm a","Cane & Bamboo Colour: Natural Brown Dimensions: 70D x 50W x 90H cm Size: Medium Special Feature: Foldable Recommended Uses: Garden, restaurant, cafe and more Pattern: Solid State of Origin: Uttar Pradesh Product Specification Crafted from premium-quality cane and bamboo, this recliner chair brings a blend of elegance and comfort to any space. Its natural brown hue complements various decor styles, making it a versatile addition to gardens, cafes, restaurants and outdoor settings. With a solid back design and foldable features, it offers both durability and convenience. More Information More Information Item Type Handicraft Size Onesize Dimensions 40X40X40 CM Size Unit CM GI Mapping ID 330 Color Brown Fabric Other Material Cane & Bamboo State of Origin Uttar Pradesh Care Instructions Good in all seasons Expected Dispatch Days 1 ( Ready to Ship) Reviews Write Your Own Review Only registered users can write reviews. Please Sign in or create an account Disclaimer Product Disclaimer This product is handmade and may have slight variations or dissimilarities that are a natural outcome of the human involvement in the process. These minor variations of Stitches/Motifs add to its charm and ensure its uniqueness & authenticity. Product Quality Disclaimer All the sellers on boarded here are thoroughly verified weavers, artisans, societies and producer companies. All the sellers in india handmade have agreed to sell authentic and handmade products only. All the responsibility regarding the quality / authenticity of the product lies with the sellers. Skip to the end of the images gallery Skip to the beginning of the images gallery I'm a Buyer I'm a","Uttar Pradesh Product Specification Crafted from premium-quality cane and bamboo, this recliner chair brings a blend of elegance and comfort to any space. Its natural brown hue complements various decor styles, making it a versatile addition to gardens, cafes, restaurants and outdoor settings. With a solid back design and foldable features, it offers both durability and convenience. More Information More Information Item Type Handicraft Size Onesize Dimensions 40X40X40 CM Size Unit CM GI Mapping ID 330 Color Brown Fabric Other Material Cane & Bamboo State of Origin Uttar Pradesh Care Instructions Good in all seasons Expected Dispatch Days 1 ( Ready to Ship) Reviews Write Your Own Review Only registered users can write reviews. Please Sign in or create an account Disclaimer Product Disclaimer This product is handmade and may have slight variations or dissimilarities that are a natural outcome of the human involvement in the process. These minor variations of Stitches/Motifs add to its charm and ensure its uniqueness & authenticity. Product Quality Disclaimer All the sellers on boarded here are thoroughly verified weavers, artisans, societies and producer companies. All the sellers in india handmade have agreed to sell authentic and handmade products only. All the responsibility regarding the quality / authenticity of the product lies with the sellers. Skip to the end of the images gallery Skip to the beginning of the images gallery I'm a Buyer I'm a","70D x 50W x 90H cm Size: Medium Special Feature: Foldable Recommended Uses: Garden, restaurant, cafe and more Pattern: Solid State of Origin: Uttar Pradesh Product Specification Crafted from premium-quality cane and bamboo, this recliner chair brings a blend of elegance and comfort to any space. Its natural brown hue complements various decor styles, making it a versatile addition to gardens, cafes, restaurants and outdoor settings. With a solid back design and foldable features, it offers both durability and convenience. More Information More Information Item Type Handicraft Size Onesize Dimensions 40X40X40 CM Size Unit CM GI Mapping ID 330 Color Brown Fabric Other Material Cane & Bamboo State of Origin Uttar Pradesh Care Instructions Good in all seasons Expected Dispatch Days 1 ( Ready to Ship) Reviews Write Your Own Review Only registered users can write reviews. Please Sign in or create an account Disclaimer Product Disclaimer This product is handmade and may have slight variations or dissimilarities that are a natural outcome of the human involvement in the process. These minor variations of Stitches/Motifs add to its charm and ensure its uniqueness & authenticity. Product Quality Disclaimer All the sellers on boarded here are thoroughly verified weavers, artisans, societies and producer companies. All the sellers in india handmade have agreed to sell authentic and handmade products only. All the responsibility regarding the quality / authenticity of the product lies with the sellers. Skip to the end of the images gallery Skip to the beginning of the images gallery I'm a Buyer I'm a",IndiaHandmade,https://www.indiahandmade.com/buy-cane-bamboo-recliner-chair-online.html,Handicraft,Cane & Bamboo Colour: Natural Brown,Uttar Pradesh,40X40X40 CM,bamboo,handicraft
JUTE AIPAN GIFT BAG,180.0,294.0,38.775510204081634,jute,bag,,,,,IndiaHandmade,https://www.indiahandmade.com/catalog/product/view/id/10562/s/jute-aipan-gift-bag/category/473/,,,,,,
Stainless Steel Copperware Dinner Thali Set for 2,5000.0,10000.0,50.0,copper,other,,"steel copper, Size: Each Glass: Height - 3.5"", Diameter - 2.8"", Weight - 150 gram",,,IndiaHandmade,https://www.indiahandmade.com/catalog/product/view/id/15548/s/buy-stainless-steel-copperware-dinner-thali-set-for-2/category/473/,,"steel copper, Size: Each Glass: Height - 3.5"", Diameter - 2.8"", Weight - 150 gram",,,copper,
Handcrafted Fish-Scale Pink Earrings,50.0,55.0,9.090909090909092,other,earrings,"Handicraft Size: 4''x3'' Colour: Pink Material: Fish scale Occasion: Casual State of Origin: West Bengal More Information More Information Item Type Handicraft Size 4''x3'' Size Unit INCH Color Pink Material fish scale Occasion Casual State of Origin West Bengal Care Instructions nor maly Expected Dispatch Days 1 ( Ready to Ship) Reviews Write Your Own Review Only registered users can write reviews. Please Sign in or create an account Disclaimer Product Disclaimer This product is handmade and may have slight variations or dissimilarities that are a natural outcome of the human involvement in the process. These minor variations of Stitches/Motifs add to its charm and ensure its uniqueness & authenticity. Product Quality Disclaimer All the sellers on boarded here are thoroughly verified weavers, artisans, societies and producer companies. All the sellers in india handmade have agreed to sell authentic and handmade products only. All the responsibility regarding the quality / authenticity of the product lies with the sellers. Skip to the end of the images gallery Skip to the beginning of the images gallery Related Products Check items to add to the cart or select all Handmade Tear Drop Earrings","Fish scale Occasion: Casual State of Origin: West Bengal More Information More Information Item Type Handicraft Size 4''x3'' Size Unit INCH Color Pink Material fish scale Occasion Casual State of Origin West Bengal Care Instructions nor maly Expected Dispatch Days 1 ( Ready to Ship) Reviews Write Your Own Review Only registered users can write reviews. Please Sign in or create an account Disclaimer Product Disclaimer This product is handmade and may have slight variations or dissimilarities that are a natural outcome of the human involvement in the process. These minor variations of Stitches/Motifs add to its charm and ensure its uniqueness & authenticity. Product Quality Disclaimer All the sellers on boarded here are thoroughly verified weavers, artisans, societies and producer companies. All the sellers in india handmade have agreed to sell authentic and handmade products only. All the responsibility regarding the quality / authenticity of the product lies with the sellers. Skip to the end of the images gallery Skip to the beginning of the images gallery Related Products Check items to add to the cart or select all Handmade Tear Drop Earrings","West Bengal More Information More Information Item Type Handicraft Size 4''x3'' Size Unit INCH Color Pink Material fish scale Occasion Casual State of Origin West Bengal Care Instructions nor maly Expected Dispatch Days 1 ( Ready to Ship) Reviews Write Your Own Review Only registered users can write reviews. Please Sign in or create an account Disclaimer Product Disclaimer This product is handmade and may have slight variations or dissimilarities that are a natural outcome of the human involvement in the process. These minor variations of Stitches/Motifs add to its charm and ensure its uniqueness & authenticity. Product Quality Disclaimer All the sellers on boarded here are thoroughly verified weavers, artisans, societies and producer companies. All the sellers in india handmade have agreed to sell authentic and handmade products only. All the responsibility regarding the quality / authenticity of the product lies with the sellers. Skip to the end of the images gallery Skip to the beginning of the images gallery Related Products Check items to add to the cart or select all Handmade Tear Drop Earrings",,IndiaHandmade,https://www.indiahandmade.com/buy-handcrafted-fish-scale-pink-earrings-online.html,Handicraft Size: 4''x3'' Colour: Pink,Fish scale Occasion: Casual,West Bengal,,fish scale occasion: casual,handicraft
Silk Thread Bangles | Dual Colour | 2*6,620.0,700.0,11.428571428571429,silk,other,"Handicraft Size: 2*6 (slim fit or young wearers) Color: Pastel Pink and Green Base Material: Durable Plastic Wrapping: Premium Quality Silk Thread Design: Butterfly and Floral Motifs with Rhinestones and Beads Origin: Tamil Nadu Occasion: Suitable for festive wear, casual ethnic days, or thoughtful gifts Texture: Smooth, soft finish with handcrafted detailing More Information More Information Item Type Handicraft Size 2.6 Color Multi Color Material Bangles - Plastic, Wrapping - Premium Quality Silk Thread, Pasting - Premium Quality Stones/Coins State of Origin Tamil Nadu Care Instructions Keep Away from Water: Avoid contact with water, moisture, or sweat to preserve the silk thread and embellishments. Store Safely: Store the bangles in a dry, airtight box or pouch to prevent dust, moisture, and damage. Avoid Chemicals: Keep them away from Expected Dispatch Days 1 ( Ready to Ship) Reviews Write Your Own Review Only registered users can write reviews. Please Sign in or create an account Disclaimer Product Disclaimer This product is handmade and may have slight variations or dissimilarities that are a natural outcome of the human involvement in the process. These minor variations of Stitches/Motifs add to its charm and ensure its uniqueness & authenticity. Product Quality Disclaimer All the sellers on boarded here are thoroughly verified weavers, artisans, societies and producer companies. All the sellers in india handmade have agreed to sell authentic and handmade products only. All the responsibility regarding the quality / authenticity of the product lies with the sellers. Skip to the end of the images gallery Skip to the beginning of the images gallery Related Products Check items to add to the cart or select all Rajasthani Lac Bangles","Durable Plastic Wrapping: Premium Quality Silk Thread Design: Butterfly and Floral Motifs with Rhinestones and Beads Origin: Tamil Nadu Occasion: Suitable for festive wear, casual ethnic days, or thoughtful gifts Texture: Smooth, soft finish with handcrafted detailing More Information More Information Item Type Handicraft Size 2.6 Color Multi Color Material Bangles - Plastic, Wrapping - Premium Quality Silk Thread, Pasting - Premium Quality Stones/Coins State of Origin Tamil Nadu Care Instructions Keep Away from Water: Avoid contact with water, moisture, or sweat to preserve the silk thread and embellishments. Store Safely: Store the bangles in a dry, airtight box or pouch to prevent dust, moisture, and damage. Avoid Chemicals: Keep them away from Expected Dispatch Days 1 ( Ready to Ship) Reviews Write Your Own Review Only registered users can write reviews. Please Sign in or create an account Disclaimer Product Disclaimer This product is handmade and may have slight variations or dissimilarities that are a natural outcome of the human involvement in the process. These minor variations of Stitches/Motifs add to its charm and ensure its uniqueness & authenticity. Product Quality Disclaimer All the sellers on boarded here are thoroughly verified weavers, artisans, societies and producer companies. All the sellers in india handmade have agreed to sell authentic and handmade products only. All the responsibility regarding the quality / authenticity of the product lies with the sellers. Skip to the end of the images gallery Skip to the beginning of the images gallery Related Products Check items to add to the cart or select all Rajasthani Lac Bangles",,,IndiaHandmade,https://www.indiahandmade.com/catalog/product/view/id/18345/s/buy-handmade-silk-thread-bangles-in-pastel-hues-online/category/473/,Handicraft Size: 2*6 (slim fit or young wearers) Color: Pastel Pink and Green Base,"Durable Plastic Wrapping: Premium Quality Silk Thread Design: Butterfly and Floral Motifs with Rhinestones and Beads Origin: Tamil Nadu Occasion: Suitable for festive wear, casual ethnic days, or thoughtful gifts Texture: Smooth, soft finish with handcrafted detailing",,,silk,handicraft
Silk Thread Bangle CBS001 2 6,240.0,270.0,11.11111111111111,silk,other,,,,,IndiaHandmade,https://www.indiahandmade.com/catalog/product/view/id/18851/s/silk-thread-bangle-cbs001-2-6/category/473/,,,,,,
Handcrafted Silk Thread Bangles | Set of 2 | Gold,240.0,270.0,11.11111111111111,silk,other,"Handicraft Material: Plastic base wrapped with premium silk thread Embellishments: High-quality golden coins and stones Lightweight and comfortable for extended wear Available in multiple sizes to suit different preferences Versatile design that pairs effortlessly with ethnic outfits Thoughtful gift choice for special occasions More Information More Information Item Type Handicraft Size 2.8 Color Gold Material Bangles - Plastic, Wrapping - Premium Quality Silk Thread, Pasting - Premium Quality Stones/Coins State of Origin Tamil Nadu Care Instructions Keep Away from Water: Avoid contact with water, moisture, or sweat to preserve the silk thread and embellishments. Store Safely: Store the bangles in a dry, airtight box or pouch to prevent dust, moisture, and damage. Avoid Chemicals: Keep them away from Expected Dispatch Days 1 ( Ready to Ship) Reviews Write Your Own Review Only registered users can write reviews. Please Sign in or create an account Disclaimer Product Disclaimer This product is handmade and may have slight variations or dissimilarities that are a natural outcome of the human involvement in the process. These minor variations of Stitches/Motifs add to its charm and ensure its uniqueness & authenticity. Product Quality Disclaimer All the sellers on boarded here are thoroughly verified weavers, artisans, societies and producer companies. All the sellers in india handmade have agreed to sell authentic and handmade products only. All the responsibility regarding the quality / authenticity of the product lies with the sellers. Skip to the end of the images gallery Skip to the beginning of the images gallery Related Products Check items to add to the cart or select all Rajasthani Lac Bangles","Plastic base wrapped with premium silk thread Embellishments: High-quality golden coins and stones Lightweight and comfortable for extended wear Available in multiple sizes to suit different preferences Versatile design that pairs effortlessly with ethnic outfits Thoughtful gift choice for special occasions More Information More Information Item Type Handicraft Size 2.8 Color Gold Material Bangles - Plastic, Wrapping - Premium Quality Silk Thread, Pasting - Premium Quality Stones/Coins State of Origin Tamil Nadu Care Instructions Keep Away from Water: Avoid contact with water, moisture, or sweat to preserve the silk thread and embellishments. Store Safely: Store the bangles in a dry, airtight box or pouch to prevent dust, moisture, and damage. Avoid Chemicals: Keep them away from Expected Dispatch Days 1 ( Ready to Ship) Reviews Write Your Own Review Only registered users can write reviews. Please Sign in or create an account Disclaimer Product Disclaimer This product is handmade and may have slight variations or dissimilarities that are a natural outcome of the human involvement in the process. These minor variations of Stitches/Motifs add to its charm and ensure its uniqueness & authenticity. Product Quality Disclaimer All the sellers on boarded here are thoroughly verified weavers, artisans, societies and producer companies. All the sellers in india handmade have agreed to sell authentic and handmade products only. All the responsibility regarding the quality / authenticity of the product lies with the sellers. Skip to the end of the images gallery Skip to the beginning of the images gallery Related Products Check items to add to the cart or select all Rajasthani Lac Bangles",,,IndiaHandmade,https://www.indiahandmade.com/catalog/product/view/id/18852/s/buy-golden-silk-thread-bangles-with-coin-embellishments-online/category/473/,Handicraft,Plastic base wrapped with premium silk thread Embellishments: High-quality golden coins and stones Lightweight and comfortable for extended wear Available in multiple sizes to suit different preferences Versatile design that pairs effortlessly with ethnic outfits Thoughtful gift choice for special occasions,,,silk,handicraft
Jamnasha Exports Elegant Leaf Style Adjustable Ring Nature Inspired Jewelry for Women Perfect for Gift Shoppers Symbolizing Growth and Renewal Ideal for Both Casual and Formal Wear,500.0,999.0,49.94994994994995,other,table,,,,,IndiaHandmade,https://www.indiahandmade.com/catalog/product/view/id/18867/s/jamnasha-exports-elegant-leaf-style-adjustable-ring-nature-inspired-jewelry-for-women-perfect-for-gift-shoppers-symbolizing-growth-and-renewal-ideal-for-both-casual-and-formal-wear/category/473/,,,,,,
Steel/Copper Jug with 2 Tumblers | 900 ml & 250 ml,2250.0,4000.0,43.75,copper,other,,"steel copper, color: silver & brown, jug dimension: weight(grams): 320, capacity (ml): 900, height(inch): 9.50"", width/diameter(inch): 3.20"" More Information More Information Item Type Handicraft Exact Size(L*B*H) 7*7*25 Size Unit INCH Color Silver Material steel copper State of Origin Haryana Care Instructions Hand Wash Only Expected Dispatch Days 1 ( Ready to Ship) Reviews Write Your Own Review Only registered users can write reviews. Please Sign in or create an account Disclaimer Product Disclaimer This product is handmade and may have slight variations or dissimilarities that are a natural outcome of the human involvement in the process. These minor variations of Stitches/Motifs add to its charm and ensure its uniqueness & authenticity. Product Quality Disclaimer All the sellers on boarded here are thoroughly verified weavers, artisans, societies and producer companies. All the sellers in india handmade have agreed to sell authentic and handmade products only. All the responsibility regarding the quality / authenticity of the product lies with the sellers. Skip to the end of the images gallery Skip to the beginning of the images gallery Related Products Check items to add to the cart or select all Prisha India Craft Pure Copper Maharaja Jug  1800 ML Pitcher with 4 Tumbler Volume 300 ML Special Price ₹2,200.00 Regular Price ₹4,400.00 50% OFF Add to Cart Add to Wish List Add to Compare Prisha India Craft Pure Copper Jug Pitcher With Glass Special Price ₹2,000.00 Regular Price ₹3,800.00 47% OFF Add to Cart Add to Wish List Add to Compare Prisha India Craft Pure Copper Jug Pitcher  1800 ML with 4 Copper Glass Tumbler 300 ML Special Price ₹2,800.00 Regular Price ₹5,500.00 49% OFF Add to Cart Add to Wish List Add to Compare Prisha India Craft Pure Copper Jug  with 3 Glass Special Price ₹2,500.00 Regular Price ₹4,250.00 41% OFF Add to Cart Add to Wish List Add to Compare I'm a Buyer I'm a",,,IndiaHandmade,https://www.indiahandmade.com/catalog/product/view/id/18949/s/buy-steel-copper-jug-with-2-tumblers-900-ml-250-ml/category/473/,,"steel copper, color: silver & brown, jug dimension: weight(grams): 320, capacity (ml): 900, height(inch): 9.50"", width/diameter(inch): 3.20""",,,copper,
Silk Thread Bangles | Lavender | 2*2,220.0,300.0,26.666666666666668,silk,other,"Handicraft Size: 2*2 (Ideal for petite wrists or snug fit) Color: Lilac (Soft pastel purple) Material: Base: Lightweight, skin-friendly plastic Wrapping: Premium-quality silk thread State of Origin: Tamil Nadu, India Occasion: Daily ethnic wear, festivals, weddings, gifting, and special occasions More Information More Information Item Type Handicraft Size 2.2 Color Fluorescent Pink Material Bangles - Plastic, Wrapping - Premium Quality Silk Thread, Pasting - Premium Quality Stones/Coins State of Origin Tamil Nadu Care Instructions Keep Away from Water: Avoid contact with water, moisture, or sweat to preserve the silk thread and embellishments. Store Safely: Store the bangles in a dry, airtight box or pouch to prevent dust, moisture, and damage. Avoid Chemicals: Keep them away from Expected Dispatch Days 1 ( Ready to Ship) Reviews Write Your Own Review Only registered users can write reviews. Please Sign in or create an account Disclaimer Product Disclaimer This product is handmade and may have slight variations or dissimilarities that are a natural outcome of the human involvement in the process. These minor variations of Stitches/Motifs add to its charm and ensure its uniqueness & authenticity. Product Quality Disclaimer All the sellers on boarded here are thoroughly verified weavers, artisans, societies and producer companies. All the sellers in india handmade have agreed to sell authentic and handmade products only. All the responsibility regarding the quality / authenticity of the product lies with the sellers. Skip to the end of the images gallery Skip to the beginning of the images gallery Related Products Check items to add to the cart or select all Rajasthani Lac Bangles","Base: Lightweight, skin-friendly plastic Wrapping: Premium-quality silk thread State of Origin: Tamil Nadu, India Occasion: Daily ethnic wear, festivals, weddings, gifting, and special occasions More Information More Information Item Type Handicraft Size 2.2 Color Fluorescent Pink Material Bangles - Plastic, Wrapping - Premium Quality Silk Thread, Pasting - Premium Quality Stones/Coins State of Origin Tamil Nadu Care Instructions Keep Away from Water: Avoid contact with water, moisture, or sweat to preserve the silk thread and embellishments. Store Safely: Store the bangles in a dry, airtight box or pouch to prevent dust, moisture, and damage. Avoid Chemicals: Keep them away from Expected Dispatch Days 1 ( Ready to Ship) Reviews Write Your Own Review Only registered users can write reviews. Please Sign in or create an account Disclaimer Product Disclaimer This product is handmade and may have slight variations or dissimilarities that are a natural outcome of the human involvement in the process. These minor variations of Stitches/Motifs add to its charm and ensure its uniqueness & authenticity. Product Quality Disclaimer All the sellers on boarded here are thoroughly verified weavers, artisans, societies and producer companies. All the sellers in india handmade have agreed to sell authentic and handmade products only. All the responsibility regarding the quality / authenticity of the product lies with the sellers. Skip to the end of the images gallery Skip to the beginning of the images gallery Related Products Check items to add to the cart or select all Rajasthani Lac Bangles","Tamil Nadu, India Occasion: Daily ethnic wear, festivals, weddings, gifting, and special occasions More Information More Information Item Type Handicraft Size 2.2 Color Fluorescent Pink Material Bangles - Plastic, Wrapping - Premium Quality Silk Thread, Pasting - Premium Quality Stones/Coins State of Origin Tamil Nadu Care Instructions Keep Away from Water: Avoid contact with water, moisture, or sweat to preserve the silk thread and embellishments. Store Safely: Store the bangles in a dry, airtight box or pouch to prevent dust, moisture, and damage. Avoid Chemicals: Keep them away from Expected Dispatch Days 1 ( Ready to Ship) Reviews Write Your Own Review Only registered users can write reviews. Please Sign in or create an account Disclaimer Product Disclaimer This product is handmade and may have slight variations or dissimilarities that are a natural outcome of the human involvement in the process. These minor variations of Stitches/Motifs add to its charm and ensure its uniqueness & authenticity. Product Quality Disclaimer All the sellers on boarded here are thoroughly verified weavers, artisans, societies and producer companies. All the sellers in india handmade have agreed to sell authentic and handmade products only. All the responsibility regarding the quality / authenticity of the product lies with the sellers. Skip to the end of the images gallery Skip to the beginning of the images gallery Related Products Check items to add to the cart or select all Rajasthani Lac Bangles",,IndiaHandmade,https://www.indiahandmade.com/catalog/product/view/id/18966/s/buy-lavender-silk-thread-bangles-online/category/473/,Handicraft Size: 2*2 (Ideal for petite wrists or snug fit) Color: Lilac (Soft pastel purple),"Base: Lightweight, skin-friendly plastic Wrapping: Premium-quality silk thread",Tamil Nadu,,silk,handicraft
Silk Thread Bangles | Fluorescent | 2*8,1200.0,1500.0,20.0,silk,other,"Handicraft Size: 2*8 (ideal for broader wrists or loose fit) Color: Fluorescent Pink Base Material: Durable, Lightweight Plastic Thread Wrapping: Premium Silk Thread Embellishments: Hand-applied Kundan stones in floral/geometric motifs State of Origin: Tamil Nadu Occasion: Suitable for weddings, festivals, family gatherings, and gifting Texture: Smooth silk surface with raised stone embellishments More Information More Information Item Type Handicraft Size 2.8 Color Pink Material Bangles - Plastic, Wrapping - Premium Quality Silk Thread, Pasting - Premium Quality Stones/Coins State of Origin Tamil Nadu Care Instructions Keep Away from Water: Avoid contact with water, moisture, or sweat to preserve the silk thread and embellishments. Store Safely: Store the bangles in a dry, airtight box or pouch to prevent dust, moisture, and damage. Avoid Chemicals: Keep them away from Expected Dispatch Days 1 ( Ready to Ship) Reviews Write Your Own Review Only registered users can write reviews. Please Sign in or create an account Disclaimer Product Disclaimer This product is handmade and may have slight variations or dissimilarities that are a natural outcome of the human involvement in the process. These minor variations of Stitches/Motifs add to its charm and ensure its uniqueness & authenticity. Product Quality Disclaimer All the sellers on boarded here are thoroughly verified weavers, artisans, societies and producer companies. All the sellers in india handmade have agreed to sell authentic and handmade products only. All the responsibility regarding the quality / authenticity of the product lies with the sellers. Skip to the end of the images gallery Skip to the beginning of the images gallery Related Products Check items to add to the cart or select all Silk Thread Bangles","Durable, Lightweight Plastic Thread Wrapping: Premium Silk Thread Embellishments: Hand-applied Kundan stones in floral/geometric motifs State of Origin: Tamil Nadu Occasion: Suitable for weddings, festivals, family gatherings, and gifting Texture: Smooth silk surface with raised stone embellishments More Information More Information Item Type Handicraft Size 2.8 Color Pink Material Bangles - Plastic, Wrapping - Premium Quality Silk Thread, Pasting - Premium Quality Stones/Coins State of Origin Tamil Nadu Care Instructions Keep Away from Water: Avoid contact with water, moisture, or sweat to preserve the silk thread and embellishments. Store Safely: Store the bangles in a dry, airtight box or pouch to prevent dust, moisture, and damage. Avoid Chemicals: Keep them away from Expected Dispatch Days 1 ( Ready to Ship) Reviews Write Your Own Review Only registered users can write reviews. Please Sign in or create an account Disclaimer Product Disclaimer This product is handmade and may have slight variations or dissimilarities that are a natural outcome of the human involvement in the process. These minor variations of Stitches/Motifs add to its charm and ensure its uniqueness & authenticity. Product Quality Disclaimer All the sellers on boarded here are thoroughly verified weavers, artisans, societies and producer companies. All the sellers in india handmade have agreed to sell authentic and handmade products only. All the responsibility regarding the quality / authenticity of the product lies with the sellers. Skip to the end of the images gallery Skip to the beginning of the images gallery Related Products Check items to add to the cart or select all Silk Thread Bangles","Tamil Nadu Occasion: Suitable for weddings, festivals, family gatherings, and gifting Texture: Smooth silk surface with raised stone embellishments More Information More Information Item Type Handicraft Size 2.8 Color Pink Material Bangles - Plastic, Wrapping - Premium Quality Silk Thread, Pasting - Premium Quality Stones/Coins State of Origin Tamil Nadu Care Instructions Keep Away from Water: Avoid contact with water, moisture, or sweat to preserve the silk thread and embellishments. Store Safely: Store the bangles in a dry, airtight box or pouch to prevent dust, moisture, and damage. Avoid Chemicals: Keep them away from Expected Dispatch Days 1 ( Ready to Ship) Reviews Write Your Own Review Only registered users can write reviews. Please Sign in or create an account Disclaimer Product Disclaimer This product is handmade and may have slight variations or dissimilarities that are a natural outcome of the human involvement in the process. These minor variations of Stitches/Motifs add to its charm and ensure its uniqueness & authenticity. Product Quality Disclaimer All the sellers on boarded here are thoroughly verified weavers, artisans, societies and producer companies. All the sellers in india handmade have agreed to sell authentic and handmade products only. All the responsibility regarding the quality / authenticity of the product lies with the sellers. Skip to the end of the images gallery Skip to the beginning of the images gallery Related Products Check items to add to the cart or select all Silk Thread Bangles",,IndiaHandmade,https://www.indiahandmade.com/catalog/product/view/id/18977/s/buy-silk-thread-bangles-in-fluorescent-pink-for-ethnic-wear-online/category/473/,Handicraft Size: 2*8 (ideal for broader wrists or loose fit) Color: Fluorescent Pink Base,"Durable, Lightweight Plastic Thread Wrapping: Premium Silk Thread Embellishments: Hand-applied Kundan stones in floral/geometric motifs",Tamil Nadu,,silk,handicraft
Gold Tone String Wire | Pink Flower Stone Pendants,220.0,280.0,21.428571428571427,stone,other,,,,,IndiaHandmade,https://www.indiahandmade.com/catalog/product/view/id/19214/s/in-nl-stone-01/category/473/,,,,,,
Ginni & Threadwork Black Silk Thread Earrings,450.0,800.0,43.75,silk,earrings,,,,,IndiaHandmade,https://www.indiahandmade.com/buy-ginni-threadwork-black-fabric-earrings.html,,,,,,
Handmade Kolhapuri Chappal for Women,579.0,1099.0,47.315741583257505,other,other,"Handicraft Color: Maroon Size: 11 Material: Leather Occasion: Casual State of Origin: Rajasthan Care Instructions: Preserve the beauty of your Kolhapuri Chappal by keeping it away from water. This ensures the longevity of its intricate design and unmatched comfort. More Information More Information Item Type Handicraft Color Maroon Size 11 Material Leather Occasion Casual State of Origin Rajasthan Care Instructions No to use in water Expected Dispatch Days 1 ( Ready to Ship) Reviews 3 Write Your Own Review Only registered users can write reviews. Please Sign in or create an account Disclaimer Product Disclaimer This product is handmade and may have slight variations or dissimilarities that are a natural outcome of the human involvement in the process. These minor variations of Stitches/Motifs add to its charm and ensure its uniqueness & authenticity. Product Quality Disclaimer All the sellers on boarded here are thoroughly verified weavers, artisans, societies and producer companies. All the sellers in india handmade have agreed to sell authentic and handmade products only. All the responsibility regarding the quality / authenticity of the product lies with the sellers. Skip to the end of the images gallery Skip to the beginning of the images gallery Related Products Antique Kolhapuri Footwear for ladies Special Price ₹579.00 Regular Price ₹1,099.00 47% OFF Add to Wish List Add to Compare Antique Kolhapuri Footwear Add to Wish List Add to Compare I'm a Buyer I'm a","Leather Occasion: Casual State of Origin: Rajasthan Care Instructions: Preserve the beauty of your Kolhapuri Chappal by keeping it away from water. This ensures the longevity of its intricate design and unmatched comfort. More Information More Information Item Type Handicraft Color Maroon Size 11 Material Leather Occasion Casual State of Origin Rajasthan Care Instructions No to use in water Expected Dispatch Days 1 ( Ready to Ship) Reviews 3 Write Your Own Review Only registered users can write reviews. Please Sign in or create an account Disclaimer Product Disclaimer This product is handmade and may have slight variations or dissimilarities that are a natural outcome of the human involvement in the process. These minor variations of Stitches/Motifs add to its charm and ensure its uniqueness & authenticity. Product Quality Disclaimer All the sellers on boarded here are thoroughly verified weavers, artisans, societies and producer companies. All the sellers in india handmade have agreed to sell authentic and handmade products only. All the responsibility regarding the quality / authenticity of the product lies with the sellers. Skip to the end of the images gallery Skip to the beginning of the images gallery Related Products Antique Kolhapuri Footwear for ladies Special Price ₹579.00 Regular Price ₹1,099.00 47% OFF Add to Wish List Add to Compare Antique Kolhapuri Footwear Add to Wish List Add to Compare I'm a Buyer I'm a","Rajasthan Care Instructions: Preserve the beauty of your Kolhapuri Chappal by keeping it away from water. This ensures the longevity of its intricate design and unmatched comfort. More Information More Information Item Type Handicraft Color Maroon Size 11 Material Leather Occasion Casual State of Origin Rajasthan Care Instructions No to use in water Expected Dispatch Days 1 ( Ready to Ship) Reviews 3 Write Your Own Review Only registered users can write reviews. Please Sign in or create an account Disclaimer Product Disclaimer This product is handmade and may have slight variations or dissimilarities that are a natural outcome of the human involvement in the process. These minor variations of Stitches/Motifs add to its charm and ensure its uniqueness & authenticity. Product Quality Disclaimer All the sellers on boarded here are thoroughly verified weavers, artisans, societies and producer companies. All the sellers in india handmade have agreed to sell authentic and handmade products only. All the responsibility regarding the quality / authenticity of the product lies with the sellers. Skip to the end of the images gallery Skip to the beginning of the images gallery Related Products Antique Kolhapuri Footwear for ladies Special Price ₹579.00 Regular Price ₹1,099.00 47% OFF Add to Wish List Add to Compare Antique Kolhapuri Footwear Add to Wish List Add to Compare I'm a Buyer I'm a",,IndiaHandmade,https://www.indiahandmade.com/buy-handmade-kolhapuri-chappals-online.html,Handicraft Color: Maroon Size: 11,Leather Occasion: Casual,Rajasthan,,leather,handicraft
Handcrafted Copper Dinner Thali Set for 2,5000.0,10000.0,50.0,copper,other,,,,,IndiaHandmade,https://www.indiahandmade.com/catalog/product/view/id/15546/s/buy-handcrafted-copper-dinner-thali-set-for-2/category/473/,,,,,,
Handcrafted Pure Copper Thali Set for 2,5000.0,10000.0,50.0,copper,other,,"Pure Copper, Weight: Aprox 130 Gram, Height: 4.5"" INCH, Width/Diameter: 3.5"" INCH , Capacity: 375 ML & Each Bowl Diameter 4.2 inches, Height 1.8 inches, Depth 1.7 inches, Capacity - 200 ml, Weight approx 90 grams More Information More Information Item Type Handicraft Exact Size(L*B*H) 12*12*2 Size Unit INCH Color Gold Material copper State of Origin Haryana Care Instructions HAND WASH Expected Dispatch Days 1 ( Ready to Ship) Reviews Write Your Own Review Only registered users can write reviews. Please Sign in or create an account Disclaimer Product Disclaimer This product is handmade and may have slight variations or dissimilarities that are a natural outcome of the human involvement in the process. These minor variations of Stitches/Motifs add to its charm and ensure its uniqueness & authenticity. Product Quality Disclaimer All the sellers on boarded here are thoroughly verified weavers, artisans, societies and producer companies. All the sellers in india handmade have agreed to sell authentic and handmade products only. All the responsibility regarding the quality / authenticity of the product lies with the sellers. Skip to the end of the images gallery Skip to the beginning of the images gallery Related Products Check items to add to the cart or select all Handcrafted Copper Hammered Dinner Thali Set for 2 Special Price ₹5,000.00 Regular Price ₹10,000.00 50% OFF Add to Wish List Add to Compare Handcrafted Copper Dinner Thali Set",,,IndiaHandmade,https://www.indiahandmade.com/catalog/product/view/id/15549/s/buy-handcrafted-pure-copper-thali-set-for-2/category/473/,,"Pure Copper, Weight: Aprox 130 Gram, Height: 4.5"" INCH, Width/Diameter: 3.5"" INCH , Capacity: 375 ML & Each Bowl Diameter 4.2 inches, Height 1.8 inches, Depth 1.7 inches, Capacity - 200 ml, Weight approx 90 grams",,,copper,
Handcrafted Wooden Side Tables | Set of 2,4300.0,5900.0,27.11864406779661,wood,table,"Handicraft Dimensions: 14"" x 12"" x 21"" Drawer with Decorative Handle: Ensures secure storage for small items Open Shelf: Ideal for books or decorative pieces Intricate Carvings: Enhances the traditional appeal Material: Durable, high-quality wood State of Origin: Uttar Pradesh How to Care? Keep the side tables in a clean, dry place. Wipe with a soft cloth to remove dust and avoid direct exposure to moisture. These handcrafted wooden side tables combine timeless design with practicality, making them an excellent choice for enhancing your living space while keeping it organised. Product Specification Item Type: Handicraft Dimensions: 14"" x 12"" x 21"" Drawer with Decorative Handle: Ensures secure storage for small items Open Shelf: Ideal for books or decorative pieces Intricate Carvings: Enhances the traditional appeal Material: Durable, high-quality wood State of Origin: Uttar Pradesh More Information More Information Item Type Handicraft Exact Size(L*B*H) 14X12X21 Size Unit INCH Color Brown Material WOOD State of Origin Uttar Pradesh Care Instructions USE AND CLEAN AND DRY PLACE Expected Dispatch Days 1 ( Ready to Ship) Reviews Write Your Own Review Only registered users can write reviews. Please Sign in or create an account Disclaimer Product Disclaimer This product is handmade and may have slight variations or dissimilarities that are a natural outcome of the human involvement in the process. These minor variations of Stitches/Motifs add to its charm and ensure its uniqueness & authenticity. Product Quality Disclaimer All the sellers on boarded here are thoroughly verified weavers, artisans, societies and producer companies. All the sellers in india handmade have agreed to sell authentic and handmade products only. All the responsibility regarding the quality / authenticity of the product lies with the sellers. Skip to the end of the images gallery Skip to the beginning of the images gallery I'm a Buyer I'm a","Durable, high-quality wood State of Origin: Uttar Pradesh How to Care? Keep the side tables in a clean, dry place. Wipe with a soft cloth to remove dust and avoid direct exposure to moisture. These handcrafted wooden side tables combine timeless design with practicality, making them an excellent choice for enhancing your living space while keeping it organised. Product Specification Item Type: Handicraft Dimensions: 14"" x 12"" x 21"" Drawer with Decorative Handle: Ensures secure storage for small items Open Shelf: Ideal for books or decorative pieces Intricate Carvings: Enhances the traditional appeal Material: Durable, high-quality wood State of Origin: Uttar Pradesh More Information More Information Item Type Handicraft Exact Size(L*B*H) 14X12X21 Size Unit INCH Color Brown Material WOOD State of Origin Uttar Pradesh Care Instructions USE AND CLEAN AND DRY PLACE Expected Dispatch Days 1 ( Ready to Ship) Reviews Write Your Own Review Only registered users can write reviews. Please Sign in or create an account Disclaimer Product Disclaimer This product is handmade and may have slight variations or dissimilarities that are a natural outcome of the human involvement in the process. These minor variations of Stitches/Motifs add to its charm and ensure its uniqueness & authenticity. Product Quality Disclaimer All the sellers on boarded here are thoroughly verified weavers, artisans, societies and producer companies. All the sellers in india handmade have agreed to sell authentic and handmade products only. All the responsibility regarding the quality / authenticity of the product lies with the sellers. Skip to the end of the images gallery Skip to the beginning of the images gallery I'm a Buyer I'm a","Uttar Pradesh How to Care? Keep the side tables in a clean, dry place. Wipe with a soft cloth to remove dust and avoid direct exposure to moisture. These handcrafted wooden side tables combine timeless design with practicality, making them an excellent choice for enhancing your living space while keeping it organised. Product Specification Item Type: Handicraft Dimensions: 14"" x 12"" x 21"" Drawer with Decorative Handle: Ensures secure storage for small items Open Shelf: Ideal for books or decorative pieces Intricate Carvings: Enhances the traditional appeal Material: Durable, high-quality wood State of Origin: Uttar Pradesh More Information More Information Item Type Handicraft Exact Size(L*B*H) 14X12X21 Size Unit INCH Color Brown Material WOOD State of Origin Uttar Pradesh Care Instructions USE AND CLEAN AND DRY PLACE Expected Dispatch Days 1 ( Ready to Ship) Reviews Write Your Own Review Only registered users can write reviews. Please Sign in or create an account Disclaimer Product Disclaimer This product is handmade and may have slight variations or dissimilarities that are a natural outcome of the human involvement in the process. These minor variations of Stitches/Motifs add to its charm and ensure its uniqueness & authenticity. Product Quality Disclaimer All the sellers on boarded here are thoroughly verified weavers, artisans, societies and producer companies. All the sellers in india handmade have agreed to sell authentic and handmade products only. All the responsibility regarding the quality / authenticity of the product lies with the sellers. Skip to the end of the images gallery Skip to the beginning of the images gallery I'm a Buyer I'm a","14"" x 12"" x 21"" Drawer with Decorative Handle: Ensures secure storage for small items Open Shelf: Ideal for books or decorative pieces Intricate Carvings: Enhances the traditional appeal Material: Durable, high-quality wood State of Origin: Uttar Pradesh How to Care? Keep the side tables in a clean, dry place. Wipe with a soft cloth to remove dust and avoid direct exposure to moisture. These handcrafted wooden side tables combine timeless design with practicality, making them an excellent choice for enhancing your living space while keeping it organised. Product Specification Item Type: Handicraft Dimensions: 14"" x 12"" x 21"" Drawer with Decorative Handle: Ensures secure storage for small items Open Shelf: Ideal for books or decorative pieces Intricate Carvings: Enhances the traditional appeal Material: Durable, high-quality wood State of Origin: Uttar Pradesh More Information More Information Item Type Handicraft Exact Size(L*B*H) 14X12X21 Size Unit INCH Color Brown Material WOOD State of Origin Uttar Pradesh Care Instructions USE AND CLEAN AND DRY PLACE Expected Dispatch Days 1 ( Ready to Ship) Reviews Write Your Own Review Only registered users can write reviews. Please Sign in or create an account Disclaimer Product Disclaimer This product is handmade and may have slight variations or dissimilarities that are a natural outcome of the human involvement in the process. These minor variations of Stitches/Motifs add to its charm and ensure its uniqueness & authenticity. Product Quality Disclaimer All the sellers on boarded here are thoroughly verified weavers, artisans, societies and producer companies. All the sellers in india handmade have agreed to sell authentic and handmade products only. All the responsibility regarding the quality / authenticity of the product lies with the sellers. Skip to the end of the images gallery Skip to the beginning of the images gallery I'm a Buyer I'm a",IndiaHandmade,https://www.indiahandmade.com/catalog/product/view/id/17235/s/shop-handcrafted-wooden-side-tables-online/category/473/,Handicraft,"Durable, high-quality wood",Uttar Pradesh,14X12X21,wood,handicraft
Copper Plating Dry Fruit Container,1250.0,2500.0,50.0,copper,other,"Handicraft Exact Size (LxBxH): 8 x 21 x 27 inches Color: Gold Material: Metal with copper plating State of Origin: Haryana More Information More Information Item Type Handicraft Exact Size(L*B*H) 8*21*27 Size Unit INCH Color Gold Material metal State of Origin Haryana Care Instructions Hand Wash Only Expected Dispatch Days 1 ( Ready to Ship) Reviews Write Your Own Review Only registered users can write reviews. Please Sign in or create an account Disclaimer Product Disclaimer This product is handmade and may have slight variations or dissimilarities that are a natural outcome of the human involvement in the process. These minor variations of Stitches/Motifs add to its charm and ensure its uniqueness & authenticity. Product Quality Disclaimer All the sellers on boarded here are thoroughly verified weavers, artisans, societies and producer companies. All the sellers in india handmade have agreed to sell authentic and handmade products only. All the responsibility regarding the quality / authenticity of the product lies with the sellers. Skip to the end of the images gallery Skip to the beginning of the images gallery Related Products Check items to add to the cart or select all Dry Fruit Container Decorative Serving Bowls Set with Tray Special Price ₹1,300.00 Regular Price ₹2,600.00 50% OFF Add to Cart Add to Wish List Add to Compare Copper Plating Dry Fruit Serving Bowl","Metal with copper plating State of Origin: Haryana More Information More Information Item Type Handicraft Exact Size(L*B*H) 8*21*27 Size Unit INCH Color Gold Material metal State of Origin Haryana Care Instructions Hand Wash Only Expected Dispatch Days 1 ( Ready to Ship) Reviews Write Your Own Review Only registered users can write reviews. Please Sign in or create an account Disclaimer Product Disclaimer This product is handmade and may have slight variations or dissimilarities that are a natural outcome of the human involvement in the process. These minor variations of Stitches/Motifs add to its charm and ensure its uniqueness & authenticity. Product Quality Disclaimer All the sellers on boarded here are thoroughly verified weavers, artisans, societies and producer companies. All the sellers in india handmade have agreed to sell authentic and handmade products only. All the responsibility regarding the quality / authenticity of the product lies with the sellers. Skip to the end of the images gallery Skip to the beginning of the images gallery Related Products Check items to add to the cart or select all Dry Fruit Container Decorative Serving Bowls Set with Tray Special Price ₹1,300.00 Regular Price ₹2,600.00 50% OFF Add to Cart Add to Wish List Add to Compare Copper Plating Dry Fruit Serving Bowl","Haryana More Information More Information Item Type Handicraft Exact Size(L*B*H) 8*21*27 Size Unit INCH Color Gold Material metal State of Origin Haryana Care Instructions Hand Wash Only Expected Dispatch Days 1 ( Ready to Ship) Reviews Write Your Own Review Only registered users can write reviews. Please Sign in or create an account Disclaimer Product Disclaimer This product is handmade and may have slight variations or dissimilarities that are a natural outcome of the human involvement in the process. These minor variations of Stitches/Motifs add to its charm and ensure its uniqueness & authenticity. Product Quality Disclaimer All the sellers on boarded here are thoroughly verified weavers, artisans, societies and producer companies. All the sellers in india handmade have agreed to sell authentic and handmade products only. All the responsibility regarding the quality / authenticity of the product lies with the sellers. Skip to the end of the images gallery Skip to the beginning of the images gallery Related Products Check items to add to the cart or select all Dry Fruit Container Decorative Serving Bowls Set with Tray Special Price ₹1,300.00 Regular Price ₹2,600.00 50% OFF Add to Cart Add to Wish List Add to Compare Copper Plating Dry Fruit Serving Bowl",,IndiaHandmade,https://www.indiahandmade.com/catalog/product/view/id/18028/s/buy-handmade-copper-dry-fruit-container-set-online/category/473/,Handicraft Exact Size (LxBxH): 8 x 21 x 27 inches Color: Gold,Metal with copper plating,Haryana,,copper,handicraft
Cane Sofa Set | Set of 4,35000.0,40000.0,12.5,cane,sofa,,,,,IndiaHandmade,https://www.indiahandmade.com/catalog/product/view/id/19667/s/cane-sofa-set22/category/473/,,,,,,
Handcrafted Block Printed Bottle Bag  Eco Friendly Reusable Wine Tote Perfect for Gifting and Storage-Pink-Onesize,220.0,,,other,bottle,,"100% Cotton with Handcrafted Block Print. Eco-Friendly: Reusable and sustainable, reducing the need for disposable bags. Design: Available in various vibrant and elegant designs to suit any occasion More Information More Information Item Type Handicraft Size Onesize Color Pink Material Cotton Occasion Office State of Origin Uttar Pradesh Care Instructions Hand wash cold, lay flat to dry. Iron on low if needed. Expected Dispatch Days 1 ( Ready to Ship) Reviews Write Your Own Review Only registered users can write reviews. Please Sign in or create an account Disclaimer Product Disclaimer This product is handmade and may have slight variations or dissimilarities that are a natural outcome of the human involvement in the process. These minor variations of Stitches/Motifs add to its charm and ensure its uniqueness & authenticity. Product Quality Disclaimer All the sellers on boarded here are thoroughly verified weavers, artisans, societies and producer companies. All the sellers in india handmade have agreed to sell authentic and handmade products only. All the responsibility regarding the quality / authenticity of the product lies with the sellers. Skip to the end of the images gallery Skip to the beginning of the images gallery I'm a Buyer I'm a",,"Fits standard-sized wine and champagne bottles. Material: 100% Cotton with Handcrafted Block Print. Eco-Friendly: Reusable and sustainable, reducing the need for disposable bags. Design: Available in various vibrant and elegant designs to suit any occasion More Information More Information Item Type Handicraft Size Onesize Color Pink Material Cotton Occasion Office State of Origin Uttar Pradesh Care Instructions Hand wash cold, lay flat to dry. Iron on low if needed. Expected Dispatch Days 1 ( Ready to Ship) Reviews Write Your Own Review Only registered users can write reviews. Please Sign in or create an account Disclaimer Product Disclaimer This product is handmade and may have slight variations or dissimilarities that are a natural outcome of the human involvement in the process. These minor variations of Stitches/Motifs add to its charm and ensure its uniqueness & authenticity. Product Quality Disclaimer All the sellers on boarded here are thoroughly verified weavers, artisans, societies and producer companies. All the sellers in india handmade have agreed to sell authentic and handmade products only. All the responsibility regarding the quality / authenticity of the product lies with the sellers. Skip to the end of the images gallery Skip to the beginning of the images gallery I'm a Buyer I'm a",IndiaHandmade,https://www.indiahandmade.com/catalog/product/view/id/16607/s/handcrafted-block-printed-bottle-bag-eco-friendly-reusable-wine-tote-perfect-for-gifting-and-storage-pink-onesize/category/473/,,"100% Cotton with Handcrafted Block Print. Eco-Friendly: Reusable and sustainable, reducing the need for disposable bags. Design: Available in various vibrant and elegant designs to suit any occasion",,,cotton,
Handcrafted Embroidered Sling Bag | Cotton Design | 22.86X15.24X22.86 cm,299.0,399.0,25.062656641604008,cotton,bag,,,,,IndiaHandmade,https://www.indiahandmade.com/catalog/product/view/id/16953/s/handcrafted-embroidered-sling-bag-traditional-woolen-cotton-design/category/473/,,,,,,
Handcrafted Jute Bottle Bag | 1 Litre Capacity,280.0,350.0,20.0,jute,bottle,"Handloom Capacity: Fits bottles up to 1 litre Dimensions: 13cm x 5cm Material: Jute Colour: Natural brown State of Origin: Bihar, India How to Care? To maintain the durability and appearance of your handcrafted jute bottle bag, gently clean it with a damp cloth. Avoid using harsh detergents or machine washing to preserve the texture and colour. This handcrafted jute bottle bag offers a stylish and eco-friendly solution for carrying your bottle. It’s a perfect choice for those committed to sustainability and aesthetics. Product Specification The handcrafted jute bottle bag is a perfect companion for eco-conscious individuals who seek style and functionality. Designed to carry bottles of up to 1 litre capacity, this bag blends sustainability with elegance, offering a natural, earthy look in a compact form. Made from high-quality jute, it provides an eco-friendly alternative to plastic bags while keeping your bottle secure and protected. Item Type: Handloom Capacity: Fits bottles up to 1 litre Dimensions: 13cm x 5cm Material: Jute Colour: Natural brown State of Origin: Bihar, India More Information More Information Item Type Handloom Size Onesize Dimensions Height: 13cm & Width: 5cm Color Brown Fabric Khadi Material Jute State of Origin Bihar Expected Dispatch Days 1 ( Ready to Ship) Reviews Write Your Own Review Only registered users can write reviews. Please Sign in or create an account Disclaimer Product Disclaimer This product is handmade and may have slight variations or dissimilarities that are a natural outcome of the human involvement in the process. These minor variations of Stitches/Motifs add to its charm and ensure its uniqueness & authenticity. Product Quality Disclaimer All the sellers on boarded here are thoroughly verified weavers, artisans, societies and producer companies. All the sellers in india handmade have agreed to sell authentic and handmade products only. All the responsibility regarding the quality / authenticity of the product lies with the sellers. Skip to the end of the images gallery Skip to the beginning of the images gallery I'm a Buyer I'm a","Jute Colour: Natural brown State of Origin: Bihar, India How to Care? To maintain the durability and appearance of your handcrafted jute bottle bag, gently clean it with a damp cloth. Avoid using harsh detergents or machine washing to preserve the texture and colour. This handcrafted jute bottle bag offers a stylish and eco-friendly solution for carrying your bottle. It’s a perfect choice for those committed to sustainability and aesthetics. Product Specification The handcrafted jute bottle bag is a perfect companion for eco-conscious individuals who seek style and functionality. Designed to carry bottles of up to 1 litre capacity, this bag blends sustainability with elegance, offering a natural, earthy look in a compact form. Made from high-quality jute, it provides an eco-friendly alternative to plastic bags while keeping your bottle secure and protected. Item Type: Handloom Capacity: Fits bottles up to 1 litre Dimensions: 13cm x 5cm Material: Jute Colour: Natural brown State of Origin: Bihar, India More Information More Information Item Type Handloom Size Onesize Dimensions Height: 13cm & Width: 5cm Color Brown Fabric Khadi Material Jute State of Origin Bihar Expected Dispatch Days 1 ( Ready to Ship) Reviews Write Your Own Review Only registered users can write reviews. Please Sign in or create an account Disclaimer Product Disclaimer This product is handmade and may have slight variations or dissimilarities that are a natural outcome of the human involvement in the process. These minor variations of Stitches/Motifs add to its charm and ensure its uniqueness & authenticity. Product Quality Disclaimer All the sellers on boarded here are thoroughly verified weavers, artisans, societies and producer companies. All the sellers in india handmade have agreed to sell authentic and handmade products only. All the responsibility regarding the quality / authenticity of the product lies with the sellers. Skip to the end of the images gallery Skip to the beginning of the images gallery I'm a Buyer I'm a","Bihar, India How to Care? To maintain the durability and appearance of your handcrafted jute bottle bag, gently clean it with a damp cloth. Avoid using harsh detergents or machine washing to preserve the texture and colour. This handcrafted jute bottle bag offers a stylish and eco-friendly solution for carrying your bottle. It’s a perfect choice for those committed to sustainability and aesthetics. Product Specification The handcrafted jute bottle bag is a perfect companion for eco-conscious individuals who seek style and functionality. Designed to carry bottles of up to 1 litre capacity, this bag blends sustainability with elegance, offering a natural, earthy look in a compact form. Made from high-quality jute, it provides an eco-friendly alternative to plastic bags while keeping your bottle secure and protected. Item Type: Handloom Capacity: Fits bottles up to 1 litre Dimensions: 13cm x 5cm Material: Jute Colour: Natural brown State of Origin: Bihar, India More Information More Information Item Type Handloom Size Onesize Dimensions Height: 13cm & Width: 5cm Color Brown Fabric Khadi Material Jute State of Origin Bihar Expected Dispatch Days 1 ( Ready to Ship) Reviews Write Your Own Review Only registered users can write reviews. Please Sign in or create an account Disclaimer Product Disclaimer This product is handmade and may have slight variations or dissimilarities that are a natural outcome of the human involvement in the process. These minor variations of Stitches/Motifs add to its charm and ensure its uniqueness & authenticity. Product Quality Disclaimer All the sellers on boarded here are thoroughly verified weavers, artisans, societies and producer companies. All the sellers in india handmade have agreed to sell authentic and handmade products only. All the responsibility regarding the quality / authenticity of the product lies with the sellers. Skip to the end of the images gallery Skip to the beginning of the images gallery I'm a Buyer I'm a","13cm x 5cm Material: Jute Colour: Natural brown State of Origin: Bihar, India How to Care? To maintain the durability and appearance of your handcrafted jute bottle bag, gently clean it with a damp cloth. Avoid using harsh detergents or machine washing to preserve the texture and colour. This handcrafted jute bottle bag offers a stylish and eco-friendly solution for carrying your bottle. It’s a perfect choice for those committed to sustainability and aesthetics. Product Specification The handcrafted jute bottle bag is a perfect companion for eco-conscious individuals who seek style and functionality. Designed to carry bottles of up to 1 litre capacity, this bag blends sustainability with elegance, offering a natural, earthy look in a compact form. Made from high-quality jute, it provides an eco-friendly alternative to plastic bags while keeping your bottle secure and protected. Item Type: Handloom Capacity: Fits bottles up to 1 litre Dimensions: 13cm x 5cm Material: Jute Colour: Natural brown State of Origin: Bihar, India More Information More Information Item Type Handloom Size Onesize Dimensions Height: 13cm & Width: 5cm Color Brown Fabric Khadi Material Jute State of Origin Bihar Expected Dispatch Days 1 ( Ready to Ship) Reviews Write Your Own Review Only registered users can write reviews. Please Sign in or create an account Disclaimer Product Disclaimer This product is handmade and may have slight variations or dissimilarities that are a natural outcome of the human involvement in the process. These minor variations of Stitches/Motifs add to its charm and ensure its uniqueness & authenticity. Product Quality Disclaimer All the sellers on boarded here are thoroughly verified weavers, artisans, societies and producer companies. All the sellers in india handmade have agreed to sell authentic and handmade products only. All the responsibility regarding the quality / authenticity of the product lies with the sellers. Skip to the end of the images gallery Skip to the beginning of the images gallery I'm a Buyer I'm a",IndiaHandmade,https://www.indiahandmade.com/catalog/product/view/id/17003/s/buy-handcrafted-jute-bottle-bag-online/category/473/,Handloom Capacity: Fits bottles up to 1 litre,Jute Colour: Natural brown,Bihar,,jute,handloom
Cane Rocking Chair with Cushion,5550.0,6999.0,20.70295756536648,cane,chair,"Handicraft Material: Cane and bamboo Dimensions: 154D x 49W x 89H cm Style: Antique, handcrafted masterpiece Special Features: Lightweight, foldable, cushion-backed Assembly: No assembly required, ready to use Usage: Ideal for homes, cafés, gardens and offices State of Origin: Uttar Pradesh How to Care? Clean with a dry or damp cloth to remove dust. Avoid direct exposure to harsh sunlight or moisture to maintain durability. Store in a dry place when not in use. A perfect blend of style, comfort and sustainability, this Cane Rocking Chair with Cushion is an excellent choice for those who appreciate handcrafted furniture. Product Specification Experience comfort and elegance with this handcrafted Cane Rocking Chair with Cushion. Made from premium bamboo wood , this eco-friendly chair blends traditional craftsmanship with a modern aesthetic. Its rich brown finish and solid back design make it a perfect addition to any indoor or outdoor setting, be it a garden, café, restaurant, office or living room. Item Type: Handicraft Material: Cane and bamboo Dimensions: 154D x 49W x 89H cm Style: Antique, handcrafted masterpiece Special Features: Lightweight, foldable, cushion-backed Assembly: No assembly required, ready to use Usage: Ideal for homes, cafés, gardens and offices State of Origin: Uttar Pradesh More Information More Information Item Type Handicraft Size Full SIZE CHAIR Material Cane & Bamboo State of Origin Uttar Pradesh Color Brown Expected Dispatch Days 1 ( Ready to Ship) Reviews Write Your Own Review Only registered users can write reviews. Please Sign in or create an account Disclaimer Product Disclaimer This product is handmade and may have slight variations or dissimilarities that are a natural outcome of the human involvement in the process. These minor variations of Stitches/Motifs add to its charm and ensure its uniqueness & authenticity. Product Quality Disclaimer All the sellers on boarded here are thoroughly verified weavers, artisans, societies and producer companies. All the sellers in india handmade have agreed to sell authentic and handmade products only. All the responsibility regarding the quality / authenticity of the product lies with the sellers. Skip to the end of the images gallery Skip to the beginning of the images gallery I'm a Buyer I'm a","Cane and bamboo Dimensions: 154D x 49W x 89H cm Style: Antique, handcrafted masterpiece Special Features: Lightweight, foldable, cushion-backed Assembly: No assembly required, ready to use Usage: Ideal for homes, cafés, gardens and offices State of Origin: Uttar Pradesh How to Care? Clean with a dry or damp cloth to remove dust. Avoid direct exposure to harsh sunlight or moisture to maintain durability. Store in a dry place when not in use. A perfect blend of style, comfort and sustainability, this Cane Rocking Chair with Cushion is an excellent choice for those who appreciate handcrafted furniture. Product Specification Experience comfort and elegance with this handcrafted Cane Rocking Chair with Cushion. Made from premium bamboo wood , this eco-friendly chair blends traditional craftsmanship with a modern aesthetic. Its rich brown finish and solid back design make it a perfect addition to any indoor or outdoor setting, be it a garden, café, restaurant, office or living room. Item Type: Handicraft Material: Cane and bamboo Dimensions: 154D x 49W x 89H cm Style: Antique, handcrafted masterpiece Special Features: Lightweight, foldable, cushion-backed Assembly: No assembly required, ready to use Usage: Ideal for homes, cafés, gardens and offices State of Origin: Uttar Pradesh More Information More Information Item Type Handicraft Size Full SIZE CHAIR Material Cane & Bamboo State of Origin Uttar Pradesh Color Brown Expected Dispatch Days 1 ( Ready to Ship) Reviews Write Your Own Review Only registered users can write reviews. Please Sign in or create an account Disclaimer Product Disclaimer This product is handmade and may have slight variations or dissimilarities that are a natural outcome of the human involvement in the process. These minor variations of Stitches/Motifs add to its charm and ensure its uniqueness & authenticity. Product Quality Disclaimer All the sellers on boarded here are thoroughly verified weavers, artisans, societies and producer companies. All the sellers in india handmade have agreed to sell authentic and handmade products only. All the responsibility regarding the quality / authenticity of the product lies with the sellers. Skip to the end of the images gallery Skip to the beginning of the images gallery I'm a Buyer I'm a","Uttar Pradesh How to Care? Clean with a dry or damp cloth to remove dust. Avoid direct exposure to harsh sunlight or moisture to maintain durability. Store in a dry place when not in use. A perfect blend of style, comfort and sustainability, this Cane Rocking Chair with Cushion is an excellent choice for those who appreciate handcrafted furniture. Product Specification Experience comfort and elegance with this handcrafted Cane Rocking Chair with Cushion. Made from premium bamboo wood , this eco-friendly chair blends traditional craftsmanship with a modern aesthetic. Its rich brown finish and solid back design make it a perfect addition to any indoor or outdoor setting, be it a garden, café, restaurant, office or living room. Item Type: Handicraft Material: Cane and bamboo Dimensions: 154D x 49W x 89H cm Style: Antique, handcrafted masterpiece Special Features: Lightweight, foldable, cushion-backed Assembly: No assembly required, ready to use Usage: Ideal for homes, cafés, gardens and offices State of Origin: Uttar Pradesh More Information More Information Item Type Handicraft Size Full SIZE CHAIR Material Cane & Bamboo State of Origin Uttar Pradesh Color Brown Expected Dispatch Days 1 ( Ready to Ship) Reviews Write Your Own Review Only registered users can write reviews. Please Sign in or create an account Disclaimer Product Disclaimer This product is handmade and may have slight variations or dissimilarities that are a natural outcome of the human involvement in the process. These minor variations of Stitches/Motifs add to its charm and ensure its uniqueness & authenticity. Product Quality Disclaimer All the sellers on boarded here are thoroughly verified weavers, artisans, societies and producer companies. All the sellers in india handmade have agreed to sell authentic and handmade products only. All the responsibility regarding the quality / authenticity of the product lies with the sellers. Skip to the end of the images gallery Skip to the beginning of the images gallery I'm a Buyer I'm a","154D x 49W x 89H cm Style: Antique, handcrafted masterpiece Special Features: Lightweight, foldable, cushion-backed Assembly: No assembly required, ready to use Usage: Ideal for homes, cafés, gardens and offices State of Origin: Uttar Pradesh How to Care? Clean with a dry or damp cloth to remove dust. Avoid direct exposure to harsh sunlight or moisture to maintain durability. Store in a dry place when not in use. A perfect blend of style, comfort and sustainability, this Cane Rocking Chair with Cushion is an excellent choice for those who appreciate handcrafted furniture. Product Specification Experience comfort and elegance with this handcrafted Cane Rocking Chair with Cushion. Made from premium bamboo wood , this eco-friendly chair blends traditional craftsmanship with a modern aesthetic. Its rich brown finish and solid back design make it a perfect addition to any indoor or outdoor setting, be it a garden, café, restaurant, office or living room. Item Type: Handicraft Material: Cane and bamboo Dimensions: 154D x 49W x 89H cm Style: Antique, handcrafted masterpiece Special Features: Lightweight, foldable, cushion-backed Assembly: No assembly required, ready to use Usage: Ideal for homes, cafés, gardens and offices State of Origin: Uttar Pradesh More Information More Information Item Type Handicraft Size Full SIZE CHAIR Material Cane & Bamboo State of Origin Uttar Pradesh Color Brown Expected Dispatch Days 1 ( Ready to Ship) Reviews Write Your Own Review Only registered users can write reviews. Please Sign in or create an account Disclaimer Product Disclaimer This product is handmade and may have slight variations or dissimilarities that are a natural outcome of the human involvement in the process. These minor variations of Stitches/Motifs add to its charm and ensure its uniqueness & authenticity. Product Quality Disclaimer All the sellers on boarded here are thoroughly verified weavers, artisans, societies and producer companies. All the sellers in india handmade have agreed to sell authentic and handmade products only. All the responsibility regarding the quality / authenticity of the product lies with the sellers. Skip to the end of the images gallery Skip to the beginning of the images gallery I'm a Buyer I'm a",IndiaHandmade,https://www.indiahandmade.com/buy-cane-rocking-chair-with-cushion-online.html,Handicraft,Cane and bamboo,Uttar Pradesh,,bamboo,handicraft
Bamboo & Cane Sofa Set with Table and Cushions,31500.0,32000.0,1.5625,bamboo,sofa,"Handicraft Material: High-quality bamboo and cane Dimensions: 48.3D x 157.5W x 88.9H cm Colour: Brown with a solid pattern Arm Style: Padded for extra comfort Usage: Suitable for living rooms, gardens, lawns and cafés State of Origin: Uttar Pradesh How to Care? Maintaining this sofa set is effortless. Simply dust it regularly or clean it with a damp cloth, followed by drying. For deep cleaning , a vacuum cleaner can be used. This handcrafted bamboo and cane set is a perfect blend of elegance, functionality and sustainability. Whether placed indoors or outdoors, it enhances any space with its natural appeal. Product Specification Crafted with precision, this Bamboo & Cane Sofa Set is a testament to fine craftsmanship and eco-conscious living. Designed to blend seamlessly into any space, its warm brown tone and natural texture bring a touch of rustic elegance to gardens, living rooms or cafés. The set includes a sturdy table and plush cushions, ensuring both style and comfort. Item Type: Handicraft Material: High-quality bamboo and cane Dimensions: 48.3D x 157.5W x 88.9H cm Colour: Brown with a solid pattern Arm Style: Padded for extra comfort Usage: Suitable for living rooms, gardens, lawns and cafés State of Origin: Uttar Pradesh More Information More Information Item Type Handicraft Size full size Material Cane & Bamboo State of Origin Uttar Pradesh Care Instructions Good in all seasons Color Brown Expected Dispatch Days 1 ( Ready to Ship) Reviews Write Your Own Review Only registered users can write reviews. Please Sign in or create an account Disclaimer Product Disclaimer This product is handmade and may have slight variations or dissimilarities that are a natural outcome of the human involvement in the process. These minor variations of Stitches/Motifs add to its charm and ensure its uniqueness & authenticity. Product Quality Disclaimer All the sellers on boarded here are thoroughly verified weavers, artisans, societies and producer companies. All the sellers in india handmade have agreed to sell authentic and handmade products only. All the responsibility regarding the quality / authenticity of the product lies with the sellers. Skip to the end of the images gallery Skip to the beginning of the images gallery I'm a Buyer I'm a","High-quality bamboo and cane Dimensions: 48.3D x 157.5W x 88.9H cm Colour: Brown with a solid pattern Arm Style: Padded for extra comfort Usage: Suitable for living rooms, gardens, lawns and cafés State of Origin: Uttar Pradesh How to Care? Maintaining this sofa set is effortless. Simply dust it regularly or clean it with a damp cloth, followed by drying. For deep cleaning , a vacuum cleaner can be used. This handcrafted bamboo and cane set is a perfect blend of elegance, functionality and sustainability. Whether placed indoors or outdoors, it enhances any space with its natural appeal. Product Specification Crafted with precision, this Bamboo & Cane Sofa Set is a testament to fine craftsmanship and eco-conscious living. Designed to blend seamlessly into any space, its warm brown tone and natural texture bring a touch of rustic elegance to gardens, living rooms or cafés. The set includes a sturdy table and plush cushions, ensuring both style and comfort. Item Type: Handicraft Material: High-quality bamboo and cane Dimensions: 48.3D x 157.5W x 88.9H cm Colour: Brown with a solid pattern Arm Style: Padded for extra comfort Usage: Suitable for living rooms, gardens, lawns and cafés State of Origin: Uttar Pradesh More Information More Information Item Type Handicraft Size full size Material Cane & Bamboo State of Origin Uttar Pradesh Care Instructions Good in all seasons Color Brown Expected Dispatch Days 1 ( Ready to Ship) Reviews Write Your Own Review Only registered users can write reviews. Please Sign in or create an account Disclaimer Product Disclaimer This product is handmade and may have slight variations or dissimilarities that are a natural outcome of the human involvement in the process. These minor variations of Stitches/Motifs add to its charm and ensure its uniqueness & authenticity. Product Quality Disclaimer All the sellers on boarded here are thoroughly verified weavers, artisans, societies and producer companies. All the sellers in india handmade have agreed to sell authentic and handmade products only. All the responsibility regarding the quality / authenticity of the product lies with the sellers. Skip to the end of the images gallery Skip to the beginning of the images gallery I'm a Buyer I'm a","Uttar Pradesh How to Care? Maintaining this sofa set is effortless. Simply dust it regularly or clean it with a damp cloth, followed by drying. For deep cleaning , a vacuum cleaner can be used. This handcrafted bamboo and cane set is a perfect blend of elegance, functionality and sustainability. Whether placed indoors or outdoors, it enhances any space with its natural appeal. Product Specification Crafted with precision, this Bamboo & Cane Sofa Set is a testament to fine craftsmanship and eco-conscious living. Designed to blend seamlessly into any space, its warm brown tone and natural texture bring a touch of rustic elegance to gardens, living rooms or cafés. The set includes a sturdy table and plush cushions, ensuring both style and comfort. Item Type: Handicraft Material: High-quality bamboo and cane Dimensions: 48.3D x 157.5W x 88.9H cm Colour: Brown with a solid pattern Arm Style: Padded for extra comfort Usage: Suitable for living rooms, gardens, lawns and cafés State of Origin: Uttar Pradesh More Information More Information Item Type Handicraft Size full size Material Cane & Bamboo State of Origin Uttar Pradesh Care Instructions Good in all seasons Color Brown Expected Dispatch Days 1 ( Ready to Ship) Reviews Write Your Own Review Only registered users can write reviews. Please Sign in or create an account Disclaimer Product Disclaimer This product is handmade and may have slight variations or dissimilarities that are a natural outcome of the human involvement in the process. These minor variations of Stitches/Motifs add to its charm and ensure its uniqueness & authenticity. Product Quality Disclaimer All the sellers on boarded here are thoroughly verified weavers, artisans, societies and producer companies. All the sellers in india handmade have agreed to sell authentic and handmade products only. All the responsibility regarding the quality / authenticity of the product lies with the sellers. Skip to the end of the images gallery Skip to the beginning of the images gallery I'm a Buyer I'm a","48.3D x 157.5W x 88.9H cm Colour: Brown with a solid pattern Arm Style: Padded for extra comfort Usage: Suitable for living rooms, gardens, lawns and cafés State of Origin: Uttar Pradesh How to Care? Maintaining this sofa set is effortless. Simply dust it regularly or clean it with a damp cloth, followed by drying. For deep cleaning , a vacuum cleaner can be used. This handcrafted bamboo and cane set is a perfect blend of elegance, functionality and sustainability. Whether placed indoors or outdoors, it enhances any space with its natural appeal. Product Specification Crafted with precision, this Bamboo & Cane Sofa Set is a testament to fine craftsmanship and eco-conscious living. Designed to blend seamlessly into any space, its warm brown tone and natural texture bring a touch of rustic elegance to gardens, living rooms or cafés. The set includes a sturdy table and plush cushions, ensuring both style and comfort. Item Type: Handicraft Material: High-quality bamboo and cane Dimensions: 48.3D x 157.5W x 88.9H cm Colour: Brown with a solid pattern Arm Style: Padded for extra comfort Usage: Suitable for living rooms, gardens, lawns and cafés State of Origin: Uttar Pradesh More Information More Information Item Type Handicraft Size full size Material Cane & Bamboo State of Origin Uttar Pradesh Care Instructions Good in all seasons Color Brown Expected Dispatch Days 1 ( Ready to Ship) Reviews Write Your Own Review Only registered users can write reviews. Please Sign in or create an account Disclaimer Product Disclaimer This product is handmade and may have slight variations or dissimilarities that are a natural outcome of the human involvement in the process. These minor variations of Stitches/Motifs add to its charm and ensure its uniqueness & authenticity. Product Quality Disclaimer All the sellers on boarded here are thoroughly verified weavers, artisans, societies and producer companies. All the sellers in india handmade have agreed to sell authentic and handmade products only. All the responsibility regarding the quality / authenticity of the product lies with the sellers. Skip to the end of the images gallery Skip to the beginning of the images gallery I'm a Buyer I'm a",IndiaHandmade,https://www.indiahandmade.com/buy-bamboo-cane-sofa-set-with-table-and-cushions-online.html,Handicraft,High-quality bamboo and cane,Uttar Pradesh,,bamboo,handicraft
Handmade Boho Rattan Wall Shelf | 16.5 Inch | Floating Style,2599.0,3999.0,35.00875218804701,cane,other,,,,,IndiaHandmade,https://www.indiahandmade.com/handmade-wooden-bamboo-furniture-bamboo-cane-furniture/office-use-items/wall-shelves/dastkar-crafts-wall-shelves-rattan-shelf-16-5inch-handmade-boho-wall-decor-floating-rustic-decor-for-bathroom-nursery-bedroom-wall-mounted-natrual-rattan-and-wood-storage,,,,,,
Handcrafted Wooden Partition Screen,16500.0,18500.0,10.81081081081081,wood,other,"Handicraft Material : Made from premium, eco-friendly wood for lasting durability Size : 72x70 inches Finish : A luxurious dark wood finish that highlights natural grains Design : Features intricate circular carvings, blending traditional artistry with contemporary design Versatility : Suitable for both dividing spaces and serving as an elegant décor element State of Origin: Uttar Pradesh How to Care? Keep the wooden partition screen in a dry place to maintain its quality . Wipe it with a soft, dry cloth to remove dust and preserve its rich finish. Enhance your interiors with this finely crafted wooden partition screen. Its timeless design and practical functionality make it an ideal addition to any living or working space. Product Specification The handcrafted wooden partition screen is a perfect blend of functionality and aesthetics. Designed to define spaces while enhancing interior décor, this coffee brown partition offers timeless elegance. Its intricate craftsmanship and high-quality materials make it a standout piece, seamlessly fitting into any home or office environment. Item Type: Handicraft Material : Made from premium, eco-friendly wood for lasting durability Size : 72x70 inches Finish : A luxurious dark wood finish that highlights natural grains Design : Features intricate circular carvings, blending traditional artistry with contemporary design Versatility : Suitable for both dividing spaces and serving as an elegant décor element State of Origin: Uttar Pradesh More Information More Information Item Type Handicraft Exact Size(L*B*H) 72x70 Size Unit INCH Color Coffee Brown Material wood State of Origin Uttar Pradesh Care Instructions dry place Expected Dispatch Days 1 ( Ready to Ship) Reviews Write Your Own Review Only registered users can write reviews. Please Sign in or create an account Disclaimer Product Disclaimer This product is handmade and may have slight variations or dissimilarities that are a natural outcome of the human involvement in the process. These minor variations of Stitches/Motifs add to its charm and ensure its uniqueness & authenticity. Product Quality Disclaimer All the sellers on boarded here are thoroughly verified weavers, artisans, societies and producer companies. All the sellers in india handmade have agreed to sell authentic and handmade products only. All the responsibility regarding the quality / authenticity of the product lies with the sellers. Skip to the end of the images gallery Skip to the beginning of the images gallery I'm a Buyer I'm a","Made from premium, eco-friendly wood for lasting durability Size : 72x70 inches Finish : A luxurious dark wood finish that highlights natural grains Design : Features intricate circular carvings, blending traditional artistry with contemporary design Versatility : Suitable for both dividing spaces and serving as an elegant décor element State of Origin: Uttar Pradesh How to Care? Keep the wooden partition screen in a dry place to maintain its quality . Wipe it with a soft, dry cloth to remove dust and preserve its rich finish. Enhance your interiors with this finely crafted wooden partition screen. Its timeless design and practical functionality make it an ideal addition to any living or working space. Product Specification The handcrafted wooden partition screen is a perfect blend of functionality and aesthetics. Designed to define spaces while enhancing interior décor, this coffee brown partition offers timeless elegance. Its intricate craftsmanship and high-quality materials make it a standout piece, seamlessly fitting into any home or office environment. Item Type: Handicraft Material : Made from premium, eco-friendly wood for lasting durability Size : 72x70 inches Finish : A luxurious dark wood finish that highlights natural grains Design : Features intricate circular carvings, blending traditional artistry with contemporary design Versatility : Suitable for both dividing spaces and serving as an elegant décor element State of Origin: Uttar Pradesh More Information More Information Item Type Handicraft Exact Size(L*B*H) 72x70 Size Unit INCH Color Coffee Brown Material wood State of Origin Uttar Pradesh Care Instructions dry place Expected Dispatch Days 1 ( Ready to Ship) Reviews Write Your Own Review Only registered users can write reviews. Please Sign in or create an account Disclaimer Product Disclaimer This product is handmade and may have slight variations or dissimilarities that are a natural outcome of the human involvement in the process. These minor variations of Stitches/Motifs add to its charm and ensure its uniqueness & authenticity. Product Quality Disclaimer All the sellers on boarded here are thoroughly verified weavers, artisans, societies and producer companies. All the sellers in india handmade have agreed to sell authentic and handmade products only. All the responsibility regarding the quality / authenticity of the product lies with the sellers. Skip to the end of the images gallery Skip to the beginning of the images gallery I'm a Buyer I'm a","Uttar Pradesh How to Care? Keep the wooden partition screen in a dry place to maintain its quality . Wipe it with a soft, dry cloth to remove dust and preserve its rich finish. Enhance your interiors with this finely crafted wooden partition screen. Its timeless design and practical functionality make it an ideal addition to any living or working space. Product Specification The handcrafted wooden partition screen is a perfect blend of functionality and aesthetics. Designed to define spaces while enhancing interior décor, this coffee brown partition offers timeless elegance. Its intricate craftsmanship and high-quality materials make it a standout piece, seamlessly fitting into any home or office environment. Item Type: Handicraft Material : Made from premium, eco-friendly wood for lasting durability Size : 72x70 inches Finish : A luxurious dark wood finish that highlights natural grains Design : Features intricate circular carvings, blending traditional artistry with contemporary design Versatility : Suitable for both dividing spaces and serving as an elegant décor element State of Origin: Uttar Pradesh More Information More Information Item Type Handicraft Exact Size(L*B*H) 72x70 Size Unit INCH Color Coffee Brown Material wood State of Origin Uttar Pradesh Care Instructions dry place Expected Dispatch Days 1 ( Ready to Ship) Reviews Write Your Own Review Only registered users can write reviews. Please Sign in or create an account Disclaimer Product Disclaimer This product is handmade and may have slight variations or dissimilarities that are a natural outcome of the human involvement in the process. These minor variations of Stitches/Motifs add to its charm and ensure its uniqueness & authenticity. Product Quality Disclaimer All the sellers on boarded here are thoroughly verified weavers, artisans, societies and producer companies. All the sellers in india handmade have agreed to sell authentic and handmade products only. All the responsibility regarding the quality / authenticity of the product lies with the sellers. Skip to the end of the images gallery Skip to the beginning of the images gallery I'm a Buyer I'm a",,IndiaHandmade,https://www.indiahandmade.com/catalog/product/view/id/17187/s/order-handcrafted-wooden-partition-screen-online/category/473/,"Handicraft Material : Made from premium, eco-friendly wood for lasting durability Size : 72x70 inches Finish : A luxurious dark wood finish that highlights natural grains Design : Features intricate circular carvings, blending traditional artistry with contemporary design Versatility : Suitable for both dividing spaces and serving as an elegant décor element State of Origin: Uttar Pradesh","Made from premium, eco-friendly wood for lasting durability Size : 72x70 inches Finish : A luxurious dark wood finish that highlights natural grains Design : Features intricate circular carvings, blending traditional artistry with contemporary design Versatility : Suitable for both dividing spaces and serving as an elegant décor element",Uttar Pradesh,,wood,handicraft
Handcrafted Wooden Partition Screen,16500.0,18500.0,10.81081081081081,wood,other,"Handicraft Size: 72x70 inches Finish: Available in natural wood, stained, painted or lacquered Usage: Ideal for dividing spaces, adding privacy or serving as a decorative backdrop. Versatility: Can transform spaces into functional areas like reading nooks or meditation corners State of Origin: Uttar Pradesh How to Care? To maintain its timeless beauty, clean the screen with a dry cotton cloth. Avoid exposure to moisture to preserve the wood and finish. This Handcrafted Wooden Partition Screen seamlessly combines utility and elegance. Its sturdy construction, intricate detailing and adaptability make it a must-have for enhancing interiors with style and purpose. Product Specification The Handcrafted Wooden Partition Screen is a versatile and artistic addition to any interior space. Designed with care and precision, it blends functionality with aesthetic appeal, making it ideal for homes, offices and event settings. Its brown hue and intricate craftsmanship speak to the rich traditions of Uttar Pradesh. Item Type: Handicraft Size: 72x70 inches Finish: Available in natural wood, stained, painted or lacquered Usage: Ideal for dividing spaces, adding privacy or serving as a decorative backdrop. Versatility: Can transform spaces into functional areas like reading nooks or meditation corners State of Origin: Uttar Pradesh More Information More Information Item Type Handicraft Exact Size(L*B*H) 72x70 Size Unit INCH Color Brown Material WOOD State of Origin Uttar Pradesh Care Instructions DRY COTTON CLEANING Expected Dispatch Days 1 ( Ready to Ship) Reviews Write Your Own Review Only registered users can write reviews. Please Sign in or create an account Disclaimer Product Disclaimer This product is handmade and may have slight variations or dissimilarities that are a natural outcome of the human involvement in the process. These minor variations of Stitches/Motifs add to its charm and ensure its uniqueness & authenticity. Product Quality Disclaimer All the sellers on boarded here are thoroughly verified weavers, artisans, societies and producer companies. All the sellers in india handmade have agreed to sell authentic and handmade products only. All the responsibility regarding the quality / authenticity of the product lies with the sellers. Skip to the end of the images gallery Skip to the beginning of the images gallery Related Products Check items to add to the cart or select all Handcrafted Wooden Partition Screen Special Price ₹16,500.00 Regular Price ₹18,500.00 11% OFF Add to Cart Add to Wish List Add to Compare I'm a Buyer I'm a",,"Uttar Pradesh How to Care? To maintain its timeless beauty, clean the screen with a dry cotton cloth. Avoid exposure to moisture to preserve the wood and finish. This Handcrafted Wooden Partition Screen seamlessly combines utility and elegance. Its sturdy construction, intricate detailing and adaptability make it a must-have for enhancing interiors with style and purpose. Product Specification The Handcrafted Wooden Partition Screen is a versatile and artistic addition to any interior space. Designed with care and precision, it blends functionality with aesthetic appeal, making it ideal for homes, offices and event settings. Its brown hue and intricate craftsmanship speak to the rich traditions of Uttar Pradesh. Item Type: Handicraft Size: 72x70 inches Finish: Available in natural wood, stained, painted or lacquered Usage: Ideal for dividing spaces, adding privacy or serving as a decorative backdrop. Versatility: Can transform spaces into functional areas like reading nooks or meditation corners State of Origin: Uttar Pradesh More Information More Information Item Type Handicraft Exact Size(L*B*H) 72x70 Size Unit INCH Color Brown Material WOOD State of Origin Uttar Pradesh Care Instructions DRY COTTON CLEANING Expected Dispatch Days 1 ( Ready to Ship) Reviews Write Your Own Review Only registered users can write reviews. Please Sign in or create an account Disclaimer Product Disclaimer This product is handmade and may have slight variations or dissimilarities that are a natural outcome of the human involvement in the process. These minor variations of Stitches/Motifs add to its charm and ensure its uniqueness & authenticity. Product Quality Disclaimer All the sellers on boarded here are thoroughly verified weavers, artisans, societies and producer companies. All the sellers in india handmade have agreed to sell authentic and handmade products only. All the responsibility regarding the quality / authenticity of the product lies with the sellers. Skip to the end of the images gallery Skip to the beginning of the images gallery Related Products Check items to add to the cart or select all Handcrafted Wooden Partition Screen Special Price ₹16,500.00 Regular Price ₹18,500.00 11% OFF Add to Cart Add to Wish List Add to Compare I'm a Buyer I'm a",,IndiaHandmade,https://www.indiahandmade.com/catalog/product/view/id/17208/s/handcrafted-wooden-partition-screen-for-sale-online/category/473/,"Handicraft Size: 72x70 inches Finish: Available in natural wood, stained, painted or lacquered Usage: Ideal for dividing spaces, adding privacy or serving as a decorative backdrop. Versatility: Can transform spaces into functional areas like reading nooks or meditation corners State of Origin: Uttar Pradesh",,Uttar Pradesh,,,handicraft
Handmade Wooden Partition Screen,16500.0,18500.0,10.81081081081081,wood,other,"Handicraft Size: 72x70 inches Functionality: Ideal for separating rooms, ensuring privacy and adding decorative value Versatility: Doubles as a decorative backdrop or to create functional spaces like reading nooks or home offices State of Origin: Uttar Pradesh How to Care? Keep the partition in a clean, dry area to maintain its pristine condition. Use a soft cloth for regular dusting. Combining utility and artistry, the Handcrafted Wooden Partition is a functional decor element that enhances privacy and elegance in any setting. Product Specification The Handcrafted Wooden Partition is a versatile and stylish addition to any space, designed to combine functionality with aesthetic appeal. Crafted from premium-quality wood like oak, pine, teak or bamboo, this partition is both durable and elegant. Its timeless design ensures it blends seamlessly into diverse decor styles while offering a practical solution for room division. Item Type: Handicraft Size: 72x70 inches Functionality: Ideal for separating rooms, ensuring privacy and adding decorative value Versatility: Doubles as a decorative backdrop or to create functional spaces like reading nooks or home offices State of Origin: Uttar Pradesh More Information More Information Item Type Handicraft Exact Size(L*B*H) 72x70 Size Unit INCH Color Brown Material WOOD State of Origin Uttar Pradesh Care Instructions USE AND CLEAN AND DRY PLACE Expected Dispatch Days 1 ( Ready to Ship) Reviews Write Your Own Review Only registered users can write reviews. Please Sign in or create an account Disclaimer Product Disclaimer This product is handmade and may have slight variations or dissimilarities that are a natural outcome of the human involvement in the process. These minor variations of Stitches/Motifs add to its charm and ensure its uniqueness & authenticity. Product Quality Disclaimer All the sellers on boarded here are thoroughly verified weavers, artisans, societies and producer companies. All the sellers in india handmade have agreed to sell authentic and handmade products only. All the responsibility regarding the quality / authenticity of the product lies with the sellers. Skip to the end of the images gallery Skip to the beginning of the images gallery I'm a Buyer I'm a",,"Uttar Pradesh How to Care? Keep the partition in a clean, dry area to maintain its pristine condition. Use a soft cloth for regular dusting. Combining utility and artistry, the Handcrafted Wooden Partition is a functional decor element that enhances privacy and elegance in any setting. Product Specification The Handcrafted Wooden Partition is a versatile and stylish addition to any space, designed to combine functionality with aesthetic appeal. Crafted from premium-quality wood like oak, pine, teak or bamboo, this partition is both durable and elegant. Its timeless design ensures it blends seamlessly into diverse decor styles while offering a practical solution for room division. Item Type: Handicraft Size: 72x70 inches Functionality: Ideal for separating rooms, ensuring privacy and adding decorative value Versatility: Doubles as a decorative backdrop or to create functional spaces like reading nooks or home offices State of Origin: Uttar Pradesh More Information More Information Item Type Handicraft Exact Size(L*B*H) 72x70 Size Unit INCH Color Brown Material WOOD State of Origin Uttar Pradesh Care Instructions USE AND CLEAN AND DRY PLACE Expected Dispatch Days 1 ( Ready to Ship) Reviews Write Your Own Review Only registered users can write reviews. Please Sign in or create an account Disclaimer Product Disclaimer This product is handmade and may have slight variations or dissimilarities that are a natural outcome of the human involvement in the process. These minor variations of Stitches/Motifs add to its charm and ensure its uniqueness & authenticity. Product Quality Disclaimer All the sellers on boarded here are thoroughly verified weavers, artisans, societies and producer companies. All the sellers in india handmade have agreed to sell authentic and handmade products only. All the responsibility regarding the quality / authenticity of the product lies with the sellers. Skip to the end of the images gallery Skip to the beginning of the images gallery I'm a Buyer I'm a",,IndiaHandmade,https://www.indiahandmade.com/catalog/product/view/id/17214/s/buy-handmade-wooden-partition-screen-online/category/473/,"Handicraft Size: 72x70 inches Functionality: Ideal for separating rooms, ensuring privacy and adding decorative value Versatility: Doubles as a decorative backdrop or to create functional spaces like reading nooks or home offices State of Origin: Uttar Pradesh",,Uttar Pradesh,,,handicraft
Handcrafted Jute Purse for Ladies,740.0,849.0,12.838633686690224,jute,other,"Handicraft Material : Natural jute Design : Vibrant yellow and green Functionality : Equipped with a zipper closure and sturdy double handle Occasion : Ideal for casual outings or daily errands State of Origin : Maharashtra How to Care? To maintain its charm, clean the purse gently with a dry cloth. Avoid exposing it to water or direct sunlight for prolonged periods. Store in a cool, dry place when not in use. The handcrafted jute purse is a delightful blend of functionality, sustainability and artistry. Its vibrant design and sturdy build make it a must-have for your everyday needs. Product Specification This handcrafted jute purse is a stylish and eco-friendly accessory, perfect for casual outings. Made from natural jute fabric , its vibrant yellow and green hues make it a standout piece in your collection. Originating from Maharashtra, this purse combines utility with artisanal charm. Item Type: Handicraft Material : Natural jute Design : Vibrant yellow and green Functionality : Equipped with a zipper closure and sturdy double handle Occasion : Ideal for casual outings or daily errands State of Origin : Maharashtra More Information More Information Item Type Handicraft Size Onesize Color Multi Color Material Naturals Jute Fabric Occasion Casual State of Origin Maharashtra Expected Dispatch Days 1 ( Ready to Ship) Reviews Write Your Own Review Only registered users can write reviews. Please Sign in or create an account Disclaimer Product Disclaimer This product is handmade and may have slight variations or dissimilarities that are a natural outcome of the human involvement in the process. These minor variations of Stitches/Motifs add to its charm and ensure its uniqueness & authenticity. Product Quality Disclaimer All the sellers on boarded here are thoroughly verified weavers, artisans, societies and producer companies. All the sellers in india handmade have agreed to sell authentic and handmade products only. All the responsibility regarding the quality / authenticity of the product lies with the sellers. Skip to the end of the images gallery Skip to the beginning of the images gallery I'm a Buyer I'm a","Natural jute Design : Vibrant yellow and green Functionality : Equipped with a zipper closure and sturdy double handle Occasion : Ideal for casual outings or daily errands State of Origin : Maharashtra How to Care? To maintain its charm, clean the purse gently with a dry cloth. Avoid exposing it to water or direct sunlight for prolonged periods. Store in a cool, dry place when not in use. The handcrafted jute purse is a delightful blend of functionality, sustainability and artistry. Its vibrant design and sturdy build make it a must-have for your everyday needs. Product Specification This handcrafted jute purse is a stylish and eco-friendly accessory, perfect for casual outings. Made from natural jute fabric , its vibrant yellow and green hues make it a standout piece in your collection. Originating from Maharashtra, this purse combines utility with artisanal charm. Item Type: Handicraft Material : Natural jute Design : Vibrant yellow and green Functionality : Equipped with a zipper closure and sturdy double handle Occasion : Ideal for casual outings or daily errands State of Origin : Maharashtra More Information More Information Item Type Handicraft Size Onesize Color Multi Color Material Naturals Jute Fabric Occasion Casual State of Origin Maharashtra Expected Dispatch Days 1 ( Ready to Ship) Reviews Write Your Own Review Only registered users can write reviews. Please Sign in or create an account Disclaimer Product Disclaimer This product is handmade and may have slight variations or dissimilarities that are a natural outcome of the human involvement in the process. These minor variations of Stitches/Motifs add to its charm and ensure its uniqueness & authenticity. Product Quality Disclaimer All the sellers on boarded here are thoroughly verified weavers, artisans, societies and producer companies. All the sellers in india handmade have agreed to sell authentic and handmade products only. All the responsibility regarding the quality / authenticity of the product lies with the sellers. Skip to the end of the images gallery Skip to the beginning of the images gallery I'm a Buyer I'm a","Maharashtra How to Care? To maintain its charm, clean the purse gently with a dry cloth. Avoid exposing it to water or direct sunlight for prolonged periods. Store in a cool, dry place when not in use. The handcrafted jute purse is a delightful blend of functionality, sustainability and artistry. Its vibrant design and sturdy build make it a must-have for your everyday needs. Product Specification This handcrafted jute purse is a stylish and eco-friendly accessory, perfect for casual outings. Made from natural jute fabric , its vibrant yellow and green hues make it a standout piece in your collection. Originating from Maharashtra, this purse combines utility with artisanal charm. Item Type: Handicraft Material : Natural jute Design : Vibrant yellow and green Functionality : Equipped with a zipper closure and sturdy double handle Occasion : Ideal for casual outings or daily errands State of Origin : Maharashtra More Information More Information Item Type Handicraft Size Onesize Color Multi Color Material Naturals Jute Fabric Occasion Casual State of Origin Maharashtra Expected Dispatch Days 1 ( Ready to Ship) Reviews Write Your Own Review Only registered users can write reviews. Please Sign in or create an account Disclaimer Product Disclaimer This product is handmade and may have slight variations or dissimilarities that are a natural outcome of the human involvement in the process. These minor variations of Stitches/Motifs add to its charm and ensure its uniqueness & authenticity. Product Quality Disclaimer All the sellers on boarded here are thoroughly verified weavers, artisans, societies and producer companies. All the sellers in india handmade have agreed to sell authentic and handmade products only. All the responsibility regarding the quality / authenticity of the product lies with the sellers. Skip to the end of the images gallery Skip to the beginning of the images gallery I'm a Buyer I'm a",,IndiaHandmade,https://www.indiahandmade.com/catalog/product/view/id/17247/s/buy-handcrafted-jute-purse-for-ladies-online/category/473/,Handicraft Material : Natural jute Design : Vibrant yellow and green Functionality : Equipped with a zipper closure and sturdy double handle Occasion : Ideal for casual outings or daily errands State of Origin : Maharashtra,Natural jute Design : Vibrant yellow and green Functionality : Equipped with a zipper closure and sturdy double handle Occasion : Ideal for casual outings or daily errands,Maharashtra,,jute,handicraft
Handcrafted Vijaysar Wooden Tumbler,499.0,699.0,28.61230329041488,wood,other,"Handicraft Material : Premium Vijaysar wood Dimensions : 10x35 cm Benefits : Supports blood sugar regulation, promotes better circulation and relieves joint discomfort State of Origin : Tamil Nadu How to Care? To maintain its efficacy and longevity, keep the tumbler in a dry place after use. Clean it gently with a soft cloth and avoid exposure to excessive moisture. The handcrafted Vijaysar wooden tumbler is more than a drinking accessory; it is a holistic wellness tool. Its natural benefits, coupled with exquisite craftsmanship, make it an invaluable part of a healthy lifestyle. Product Specification The handcrafted Vijaysar wooden tumbler is a unique Ayurvedic wellness product made from the finest Vijaysar wood, renowned for its medicinal properties. Originating from Tamil Nadu, this tumbler seamlessly blends traditional knowledge with practical utility, offering a natural and eco-friendly solution for health-conscious individuals. Item Type: Handicraft Material : Premium Vijaysar wood Dimensions : 10x35 cm Benefits : Supports blood sugar regulation, promotes better circulation and relieves joint discomfort State of Origin : Tamil Nadu More Information More Information Item Type Handicraft Exact Size(L*B*H) 10*35 Size Onesize Size Unit CM Color Brown Material wood State of Origin Tamil Nadu Care Instructions Keep in dry Place Expected Dispatch Days 1 ( Ready to Ship) Reviews Write Your Own Review Only registered users can write reviews. Please Sign in or create an account Disclaimer Product Disclaimer This product is handmade and may have slight variations or dissimilarities that are a natural outcome of the human involvement in the process. These minor variations of Stitches/Motifs add to its charm and ensure its uniqueness & authenticity. Product Quality Disclaimer All the sellers on boarded here are thoroughly verified weavers, artisans, societies and producer companies. All the sellers in india handmade have agreed to sell authentic and handmade products only. All the responsibility regarding the quality / authenticity of the product lies with the sellers. Skip to the end of the images gallery Skip to the beginning of the images gallery I'm a Buyer I'm a","Premium Vijaysar wood Dimensions : 10x35 cm Benefits : Supports blood sugar regulation, promotes better circulation and relieves joint discomfort State of Origin : Tamil Nadu How to Care? To maintain its efficacy and longevity, keep the tumbler in a dry place after use. Clean it gently with a soft cloth and avoid exposure to excessive moisture. The handcrafted Vijaysar wooden tumbler is more than a drinking accessory; it is a holistic wellness tool. Its natural benefits, coupled with exquisite craftsmanship, make it an invaluable part of a healthy lifestyle. Product Specification The handcrafted Vijaysar wooden tumbler is a unique Ayurvedic wellness product made from the finest Vijaysar wood, renowned for its medicinal properties. Originating from Tamil Nadu, this tumbler seamlessly blends traditional knowledge with practical utility, offering a natural and eco-friendly solution for health-conscious individuals. Item Type: Handicraft Material : Premium Vijaysar wood Dimensions : 10x35 cm Benefits : Supports blood sugar regulation, promotes better circulation and relieves joint discomfort State of Origin : Tamil Nadu More Information More Information Item Type Handicraft Exact Size(L*B*H) 10*35 Size Onesize Size Unit CM Color Brown Material wood State of Origin Tamil Nadu Care Instructions Keep in dry Place Expected Dispatch Days 1 ( Ready to Ship) Reviews Write Your Own Review Only registered users can write reviews. Please Sign in or create an account Disclaimer Product Disclaimer This product is handmade and may have slight variations or dissimilarities that are a natural outcome of the human involvement in the process. These minor variations of Stitches/Motifs add to its charm and ensure its uniqueness & authenticity. Product Quality Disclaimer All the sellers on boarded here are thoroughly verified weavers, artisans, societies and producer companies. All the sellers in india handmade have agreed to sell authentic and handmade products only. All the responsibility regarding the quality / authenticity of the product lies with the sellers. Skip to the end of the images gallery Skip to the beginning of the images gallery I'm a Buyer I'm a","Tamil Nadu How to Care? To maintain its efficacy and longevity, keep the tumbler in a dry place after use. Clean it gently with a soft cloth and avoid exposure to excessive moisture. The handcrafted Vijaysar wooden tumbler is more than a drinking accessory; it is a holistic wellness tool. Its natural benefits, coupled with exquisite craftsmanship, make it an invaluable part of a healthy lifestyle. Product Specification The handcrafted Vijaysar wooden tumbler is a unique Ayurvedic wellness product made from the finest Vijaysar wood, renowned for its medicinal properties. Originating from Tamil Nadu, this tumbler seamlessly blends traditional knowledge with practical utility, offering a natural and eco-friendly solution for health-conscious individuals. Item Type: Handicraft Material : Premium Vijaysar wood Dimensions : 10x35 cm Benefits : Supports blood sugar regulation, promotes better circulation and relieves joint discomfort State of Origin : Tamil Nadu More Information More Information Item Type Handicraft Exact Size(L*B*H) 10*35 Size Onesize Size Unit CM Color Brown Material wood State of Origin Tamil Nadu Care Instructions Keep in dry Place Expected Dispatch Days 1 ( Ready to Ship) Reviews Write Your Own Review Only registered users can write reviews. Please Sign in or create an account Disclaimer Product Disclaimer This product is handmade and may have slight variations or dissimilarities that are a natural outcome of the human involvement in the process. These minor variations of Stitches/Motifs add to its charm and ensure its uniqueness & authenticity. Product Quality Disclaimer All the sellers on boarded here are thoroughly verified weavers, artisans, societies and producer companies. All the sellers in india handmade have agreed to sell authentic and handmade products only. All the responsibility regarding the quality / authenticity of the product lies with the sellers. Skip to the end of the images gallery Skip to the beginning of the images gallery I'm a Buyer I'm a","10x35 cm Benefits : Supports blood sugar regulation, promotes better circulation and relieves joint discomfort State of Origin : Tamil Nadu How to Care? To maintain its efficacy and longevity, keep the tumbler in a dry place after use. Clean it gently with a soft cloth and avoid exposure to excessive moisture. The handcrafted Vijaysar wooden tumbler is more than a drinking accessory; it is a holistic wellness tool. Its natural benefits, coupled with exquisite craftsmanship, make it an invaluable part of a healthy lifestyle. Product Specification The handcrafted Vijaysar wooden tumbler is a unique Ayurvedic wellness product made from the finest Vijaysar wood, renowned for its medicinal properties. Originating from Tamil Nadu, this tumbler seamlessly blends traditional knowledge with practical utility, offering a natural and eco-friendly solution for health-conscious individuals. Item Type: Handicraft Material : Premium Vijaysar wood Dimensions : 10x35 cm Benefits : Supports blood sugar regulation, promotes better circulation and relieves joint discomfort State of Origin : Tamil Nadu More Information More Information Item Type Handicraft Exact Size(L*B*H) 10*35 Size Onesize Size Unit CM Color Brown Material wood State of Origin Tamil Nadu Care Instructions Keep in dry Place Expected Dispatch Days 1 ( Ready to Ship) Reviews Write Your Own Review Only registered users can write reviews. Please Sign in or create an account Disclaimer Product Disclaimer This product is handmade and may have slight variations or dissimilarities that are a natural outcome of the human involvement in the process. These minor variations of Stitches/Motifs add to its charm and ensure its uniqueness & authenticity. Product Quality Disclaimer All the sellers on boarded here are thoroughly verified weavers, artisans, societies and producer companies. All the sellers in india handmade have agreed to sell authentic and handmade products only. All the responsibility regarding the quality / authenticity of the product lies with the sellers. Skip to the end of the images gallery Skip to the beginning of the images gallery I'm a Buyer I'm a",IndiaHandmade,https://www.indiahandmade.com/catalog/product/view/id/17432/s/buy-handcrafted-vijaysar-wooden-tumbler-online/category/473/,"Handicraft Material : Premium Vijaysar wood Dimensions : 10x35 cm Benefits : Supports blood sugar regulation, promotes better circulation and relieves joint discomfort State of Origin : Tamil Nadu",Premium Vijaysar wood,Tamil Nadu,,wood,handicraft
wooden stool table coffeetable,650.0,1299.0,49.96150885296382,wood,stool,,,,,IndiaHandmade,https://www.indiahandmade.com/catalog/product/view/id/17532/s/wooden-stool-table-coffeetable/category/473/,,,,,,
Crochet Shell Dangler Earrings | Purple,199.0,398.0,50.0,other,earrings,"Handicraft Size: Onesize Colour: Purple Material: Shell Occasion: Party More Information More Information Item Type Handicraft Size Onesize Color Purple Material Shell Occasion Party State of Origin Haryana Expected Dispatch Days 1 ( Ready to Ship) Reviews 3 Write Your Own Review Ratings 15 from 1 Buyers 5 1 4 0 3 0 2 0 1 0 Only registered users can write reviews. Please Sign in or create an account Disclaimer Product Disclaimer This product is handmade and may have slight variations or dissimilarities that are a natural outcome of the human involvement in the process. These minor variations of Stitches/Motifs add to its charm and ensure its uniqueness & authenticity. Product Quality Disclaimer All the sellers on boarded here are thoroughly verified weavers, artisans, societies and producer companies. All the sellers in india handmade have agreed to sell authentic and handmade products only. All the responsibility regarding the quality / authenticity of the product lies with the sellers. Skip to the end of the images gallery Skip to the beginning of the images gallery I'm a Buyer I'm a","Shell Occasion: Party More Information More Information Item Type Handicraft Size Onesize Color Purple Material Shell Occasion Party State of Origin Haryana Expected Dispatch Days 1 ( Ready to Ship) Reviews 3 Write Your Own Review Ratings 15 from 1 Buyers 5 1 4 0 3 0 2 0 1 0 Only registered users can write reviews. Please Sign in or create an account Disclaimer Product Disclaimer This product is handmade and may have slight variations or dissimilarities that are a natural outcome of the human involvement in the process. These minor variations of Stitches/Motifs add to its charm and ensure its uniqueness & authenticity. Product Quality Disclaimer All the sellers on boarded here are thoroughly verified weavers, artisans, societies and producer companies. All the sellers in india handmade have agreed to sell authentic and handmade products only. All the responsibility regarding the quality / authenticity of the product lies with the sellers. Skip to the end of the images gallery Skip to the beginning of the images gallery I'm a Buyer I'm a",,,IndiaHandmade,https://www.indiahandmade.com/catalog/product/view/id/17904/s/buy-crochet-shell-dangler-earrings-in-purple-online/category/473/,Handicraft Size: Onesize Colour: Purple,Shell Occasion: Party,,,shell occasion: party,handicraft
Crochet Shell Dangler Earrings | White,199.0,398.0,50.0,other,earrings,"Handicraft Colour: White Material: Crochet thread Size: Onesize Occasion: Party, Casual Care Instructions: Keep dry, clean with a soft cloth More Information More Information Item Type Handicraft Size Onesize Color White Material Thread Occasion Wedding State of Origin Haryana Expected Dispatch Days 1 ( Ready to Ship) Reviews Write Your Own Review Only registered users can write reviews. Please Sign in or create an account Disclaimer Product Disclaimer This product is handmade and may have slight variations or dissimilarities that are a natural outcome of the human involvement in the process. These minor variations of Stitches/Motifs add to its charm and ensure its uniqueness & authenticity. Product Quality Disclaimer All the sellers on boarded here are thoroughly verified weavers, artisans, societies and producer companies. All the sellers in india handmade have agreed to sell authentic and handmade products only. All the responsibility regarding the quality / authenticity of the product lies with the sellers. Skip to the end of the images gallery Skip to the beginning of the images gallery I'm a Buyer I'm a","Crochet thread Size: Onesize Occasion: Party, Casual Care Instructions: Keep dry, clean with a soft cloth More Information More Information Item Type Handicraft Size Onesize Color White Material Thread Occasion Wedding State of Origin Haryana Expected Dispatch Days 1 ( Ready to Ship) Reviews Write Your Own Review Only registered users can write reviews. Please Sign in or create an account Disclaimer Product Disclaimer This product is handmade and may have slight variations or dissimilarities that are a natural outcome of the human involvement in the process. These minor variations of Stitches/Motifs add to its charm and ensure its uniqueness & authenticity. Product Quality Disclaimer All the sellers on boarded here are thoroughly verified weavers, artisans, societies and producer companies. All the sellers in india handmade have agreed to sell authentic and handmade products only. All the responsibility regarding the quality / authenticity of the product lies with the sellers. Skip to the end of the images gallery Skip to the beginning of the images gallery I'm a Buyer I'm a",,,IndiaHandmade,https://www.indiahandmade.com/catalog/product/view/id/17907/s/buy-crochet-shell-dangler-earrings-in-white-online/category/473/,Handicraft Colour: White,"Crochet thread Size: Onesize Occasion: Party, Casual",,,"crochet thread size: onesize occasion: party, casual",handicraft
Handmade Beaded Placemat | Set of 3,700.0,1400.0,50.0,other,other,"Handicraft Size: Diameter 12 inches (31 cm) Colour: Gold State of Origin: Haryana More Information More Information Item Type Handicraft Exact Size(L*B*H) 31 Size Unit INCH Color Gold State of Origin Haryana Care Instructions Hand Wash Only Expected Dispatch Days 1 ( Ready to Ship) Reviews Write Your Own Review Only registered users can write reviews. Please Sign in or create an account Disclaimer Product Disclaimer This product is handmade and may have slight variations or dissimilarities that are a natural outcome of the human involvement in the process. These minor variations of Stitches/Motifs add to its charm and ensure its uniqueness & authenticity. Product Quality Disclaimer All the sellers on boarded here are thoroughly verified weavers, artisans, societies and producer companies. All the sellers in india handmade have agreed to sell authentic and handmade products only. All the responsibility regarding the quality / authenticity of the product lies with the sellers. Skip to the end of the images gallery Skip to the beginning of the images gallery Related Products Check items to add to the cart or select all Handmade Golden Beaded Placemat Special Price ₹900.00 Regular Price ₹1,800.00 50% OFF Add to Cart Add to Wish List Add to Compare Golden Round Beaded Placemat",,"Haryana More Information More Information Item Type Handicraft Exact Size(L*B*H) 31 Size Unit INCH Color Gold State of Origin Haryana Care Instructions Hand Wash Only Expected Dispatch Days 1 ( Ready to Ship) Reviews Write Your Own Review Only registered users can write reviews. Please Sign in or create an account Disclaimer Product Disclaimer This product is handmade and may have slight variations or dissimilarities that are a natural outcome of the human involvement in the process. These minor variations of Stitches/Motifs add to its charm and ensure its uniqueness & authenticity. Product Quality Disclaimer All the sellers on boarded here are thoroughly verified weavers, artisans, societies and producer companies. All the sellers in india handmade have agreed to sell authentic and handmade products only. All the responsibility regarding the quality / authenticity of the product lies with the sellers. Skip to the end of the images gallery Skip to the beginning of the images gallery Related Products Check items to add to the cart or select all Handmade Golden Beaded Placemat Special Price ₹900.00 Regular Price ₹1,800.00 50% OFF Add to Cart Add to Wish List Add to Compare Golden Round Beaded Placemat",,IndiaHandmade,https://www.indiahandmade.com/catalog/product/view/id/18000/s/buy-handmade-round-beaded-placemat-in-golden-online/category/473/,Handicraft Size: Diameter 12 inches (31 cm) Colour: Gold State of Origin: Haryana,,Haryana,,,handicraft
Handcrafted Metal Plant Pot,490.0,980.0,50.0,other,other,"Handicraft Exact Size (LBH): 50x50x50 CM Color: Multi Material: Metal State of Origin: Haryana More Information More Information Item Type Handicraft Exact Size(L*B*H) 50*50*50 Size Unit CM Color Multi Color Material metal State of Origin Haryana Care Instructions HAND WASH Expected Dispatch Days 1 ( Ready to Ship) Reviews Write Your Own Review Only registered users can write reviews. Please Sign in or create an account Disclaimer Product Disclaimer This product is handmade and may have slight variations or dissimilarities that are a natural outcome of the human involvement in the process. These minor variations of Stitches/Motifs add to its charm and ensure its uniqueness & authenticity. Product Quality Disclaimer All the sellers on boarded here are thoroughly verified weavers, artisans, societies and producer companies. All the sellers in india handmade have agreed to sell authentic and handmade products only. All the responsibility regarding the quality / authenticity of the product lies with the sellers. Skip to the end of the images gallery Skip to the beginning of the images gallery Related Products Check items to add to the cart or select all Rattan Cane Plant Pot Holder","Metal State of Origin: Haryana More Information More Information Item Type Handicraft Exact Size(L*B*H) 50*50*50 Size Unit CM Color Multi Color Material metal State of Origin Haryana Care Instructions HAND WASH Expected Dispatch Days 1 ( Ready to Ship) Reviews Write Your Own Review Only registered users can write reviews. Please Sign in or create an account Disclaimer Product Disclaimer This product is handmade and may have slight variations or dissimilarities that are a natural outcome of the human involvement in the process. These minor variations of Stitches/Motifs add to its charm and ensure its uniqueness & authenticity. Product Quality Disclaimer All the sellers on boarded here are thoroughly verified weavers, artisans, societies and producer companies. All the sellers in india handmade have agreed to sell authentic and handmade products only. All the responsibility regarding the quality / authenticity of the product lies with the sellers. Skip to the end of the images gallery Skip to the beginning of the images gallery Related Products Check items to add to the cart or select all Rattan Cane Plant Pot Holder","Haryana More Information More Information Item Type Handicraft Exact Size(L*B*H) 50*50*50 Size Unit CM Color Multi Color Material metal State of Origin Haryana Care Instructions HAND WASH Expected Dispatch Days 1 ( Ready to Ship) Reviews Write Your Own Review Only registered users can write reviews. Please Sign in or create an account Disclaimer Product Disclaimer This product is handmade and may have slight variations or dissimilarities that are a natural outcome of the human involvement in the process. These minor variations of Stitches/Motifs add to its charm and ensure its uniqueness & authenticity. Product Quality Disclaimer All the sellers on boarded here are thoroughly verified weavers, artisans, societies and producer companies. All the sellers in india handmade have agreed to sell authentic and handmade products only. All the responsibility regarding the quality / authenticity of the product lies with the sellers. Skip to the end of the images gallery Skip to the beginning of the images gallery Related Products Check items to add to the cart or select all Rattan Cane Plant Pot Holder",,IndiaHandmade,https://www.indiahandmade.com/catalog/product/view/id/16312/s/buy-metal-pot-for-planters-online/category/473/,Handicraft Exact Size (LBH): 50x50x50 CM Color: Multi,Metal,Haryana,,metal,handicraft
Handcrafted Hammered Copper Coasters | 4 Inches | Set of 4,550.0,1100.0,50.0,copper,other,,,,,IndiaHandmade,https://www.indiahandmade.com/buy-handcrafted-hammered-copper-coasters-4-inches-set-of-4.html,,,,,,
Handcrafted Block Printed Bottle Bag  Eco Friendly Reusable Wine TotePerfect for Gifting and Storage,220.0,,,other,bottle,,"100% Cotton with Handcrafted Block Print. Eco-Friendly: Reusable and sustainable, reducing the need for disposable bags. Design: Available in various vibrant and elegant designs to suit any occasion. More Information More Information Item Type Handicraft Dimensions 33cm x 10.5 cm Material Cotton Occasion Office State of Origin Uttar Pradesh Care Instructions Hand wash cold, lay flat to dry. Iron on low if needed Expected Dispatch Days 1 ( Ready to Ship) Reviews Write Your Own Review Only registered users can write reviews. Please Sign in or create an account Disclaimer Product Disclaimer This product is handmade and may have slight variations or dissimilarities that are a natural outcome of the human involvement in the process. These minor variations of Stitches/Motifs add to its charm and ensure its uniqueness & authenticity. Product Quality Disclaimer All the sellers on boarded here are thoroughly verified weavers, artisans, societies and producer companies. All the sellers in india handmade have agreed to sell authentic and handmade products only. All the responsibility regarding the quality / authenticity of the product lies with the sellers. Skip to the end of the images gallery Skip to the beginning of the images gallery I'm a Buyer I'm a",,"Fits standard-sized wine and champagne bottles. Material: 100% Cotton with Handcrafted Block Print. Eco-Friendly: Reusable and sustainable, reducing the need for disposable bags. Design: Available in various vibrant and elegant designs to suit any occasion. More Information More Information Item Type Handicraft Dimensions 33cm x 10.5 cm Material Cotton Occasion Office State of Origin Uttar Pradesh Care Instructions Hand wash cold, lay flat to dry. Iron on low if needed Expected Dispatch Days 1 ( Ready to Ship) Reviews Write Your Own Review Only registered users can write reviews. Please Sign in or create an account Disclaimer Product Disclaimer This product is handmade and may have slight variations or dissimilarities that are a natural outcome of the human involvement in the process. These minor variations of Stitches/Motifs add to its charm and ensure its uniqueness & authenticity. Product Quality Disclaimer All the sellers on boarded here are thoroughly verified weavers, artisans, societies and producer companies. All the sellers in india handmade have agreed to sell authentic and handmade products only. All the responsibility regarding the quality / authenticity of the product lies with the sellers. Skip to the end of the images gallery Skip to the beginning of the images gallery I'm a Buyer I'm a",IndiaHandmade,https://www.indiahandmade.com/catalog/product/view/id/16596/s/handcrafted-block-printed-bottle-bag-eco-friendly-reusable-wine-toteperfect-for-gifting-and-storage/category/473/,,"100% Cotton with Handcrafted Block Print. Eco-Friendly: Reusable and sustainable, reducing the need for disposable bags. Design: Available in various vibrant and elegant designs to suit any occasion.",,,cotton,
Handcrafted Block Printed Cotton Bottle Bag | Reusable | Maroon,220.0,,,cotton,bottle,,"100% Cotton with Handcrafted Block Print. Eco-Friendly: Reusable and sustainable, reducing the need for disposable bags. Design: Available in various vibrant and elegant designs to suit any occasion. Care Instructions: Hand wash cold, lay flat to dry. Iron on low if needed. More Information More Information Item Type Handicraft Exact Size(L*B*H) 10*10*33 Size Onesize Size Unit CM Color Maroon Material Cotton Occasion Office State of Origin Uttar Pradesh Care Instructions Hand wash cold, lay flat to dry. Iron on low if needed Expected Dispatch Days 1 ( Ready to Ship) Reviews Write Your Own Review Only registered users can write reviews. Please Sign in or create an account Disclaimer Product Disclaimer This product is handmade and may have slight variations or dissimilarities that are a natural outcome of the human involvement in the process. These minor variations of Stitches/Motifs add to its charm and ensure its uniqueness & authenticity. Product Quality Disclaimer All the sellers on boarded here are thoroughly verified weavers, artisans, societies and producer companies. All the sellers in india handmade have agreed to sell authentic and handmade products only. All the responsibility regarding the quality / authenticity of the product lies with the sellers. Skip to the end of the images gallery Skip to the beginning of the images gallery I'm a Buyer I'm a",,"Fits standard-sized wine and champagne bottles. Material: 100% Cotton with Handcrafted Block Print. Eco-Friendly: Reusable and sustainable, reducing the need for disposable bags. Design: Available in various vibrant and elegant designs to suit any occasion. Care Instructions: Hand wash cold, lay flat to dry. Iron on low if needed. More Information More Information Item Type Handicraft Exact Size(L*B*H) 10*10*33 Size Onesize Size Unit CM Color Maroon Material Cotton Occasion Office State of Origin Uttar Pradesh Care Instructions Hand wash cold, lay flat to dry. Iron on low if needed Expected Dispatch Days 1 ( Ready to Ship) Reviews Write Your Own Review Only registered users can write reviews. Please Sign in or create an account Disclaimer Product Disclaimer This product is handmade and may have slight variations or dissimilarities that are a natural outcome of the human involvement in the process. These minor variations of Stitches/Motifs add to its charm and ensure its uniqueness & authenticity. Product Quality Disclaimer All the sellers on boarded here are thoroughly verified weavers, artisans, societies and producer companies. All the sellers in india handmade have agreed to sell authentic and handmade products only. All the responsibility regarding the quality / authenticity of the product lies with the sellers. Skip to the end of the images gallery Skip to the beginning of the images gallery I'm a Buyer I'm a",IndiaHandmade,https://www.indiahandmade.com/catalog/product/view/id/16599/s/del77353668/category/473/,,"100% Cotton with Handcrafted Block Print. Eco-Friendly: Reusable and sustainable, reducing the need for disposable bags. Design: Available in various vibrant and elegant designs to suit any occasion.",,,cotton,
Handcrafted Block Printed Cotton Bottle Bag | Reusable | Green,220.0,,,cotton,bottle,,"100% Cotton with Handcrafted Block Print. Eco-Friendly: Reusable and sustainable, reducing the need for disposable bags. Design: Available in various vibrant and elegant designs to suit any occasion. Care Instructions: Hand wash cold, lay flat to dry. Iron on low if needed. More Information More Information Item Type Handicraft Exact Size(L*B*H) 10*10*33 Size Onesize Size Unit CM Color Green Material Cotton Occasion Office State of Origin Uttar Pradesh Care Instructions Hand wash cold, lay flat to dry. Iron on low if needed Expected Dispatch Days 1 ( Ready to Ship) Reviews Write Your Own Review Only registered users can write reviews. Please Sign in or create an account Disclaimer Product Disclaimer This product is handmade and may have slight variations or dissimilarities that are a natural outcome of the human involvement in the process. These minor variations of Stitches/Motifs add to its charm and ensure its uniqueness & authenticity. Product Quality Disclaimer All the sellers on boarded here are thoroughly verified weavers, artisans, societies and producer companies. All the sellers in india handmade have agreed to sell authentic and handmade products only. All the responsibility regarding the quality / authenticity of the product lies with the sellers. Skip to the end of the images gallery Skip to the beginning of the images gallery I'm a Buyer I'm a",,"Fits standard-sized wine and champagne bottles. Material: 100% Cotton with Handcrafted Block Print. Eco-Friendly: Reusable and sustainable, reducing the need for disposable bags. Design: Available in various vibrant and elegant designs to suit any occasion. Care Instructions: Hand wash cold, lay flat to dry. Iron on low if needed. More Information More Information Item Type Handicraft Exact Size(L*B*H) 10*10*33 Size Onesize Size Unit CM Color Green Material Cotton Occasion Office State of Origin Uttar Pradesh Care Instructions Hand wash cold, lay flat to dry. Iron on low if needed Expected Dispatch Days 1 ( Ready to Ship) Reviews Write Your Own Review Only registered users can write reviews. Please Sign in or create an account Disclaimer Product Disclaimer This product is handmade and may have slight variations or dissimilarities that are a natural outcome of the human involvement in the process. These minor variations of Stitches/Motifs add to its charm and ensure its uniqueness & authenticity. Product Quality Disclaimer All the sellers on boarded here are thoroughly verified weavers, artisans, societies and producer companies. All the sellers in india handmade have agreed to sell authentic and handmade products only. All the responsibility regarding the quality / authenticity of the product lies with the sellers. Skip to the end of the images gallery Skip to the beginning of the images gallery I'm a Buyer I'm a",IndiaHandmade,https://www.indiahandmade.com/catalog/product/view/id/16602/s/del20498056/category/473/,,"100% Cotton with Handcrafted Block Print. Eco-Friendly: Reusable and sustainable, reducing the need for disposable bags. Design: Available in various vibrant and elegant designs to suit any occasion.",,,cotton,
Handcrafted Block Printed Cotton Bottle Bag | Reusable | Magenta Pink,220.0,,,cotton,bottle,,"100% Cotton with Handcrafted Block Print. Eco-Friendly: Reusable and sustainable, reducing the need for disposable bags. Design: Available in various vibrant and elegant designs to suit any occasion. Care Instructions: Hand wash cold, lay flat to dry. Iron on low if needed. More Information More Information Item Type Handicraft Exact Size(L*B*H) 33*10*10 Size Onesize Size Unit CM Color Pink Material Cotton Occasion Office State of Origin Uttar Pradesh Care Instructions Hand wash cold, lay flat to dry. Iron on low if needed Expected Dispatch Days 1 ( Ready to Ship) Reviews Write Your Own Review Only registered users can write reviews. Please Sign in or create an account Disclaimer Product Disclaimer This product is handmade and may have slight variations or dissimilarities that are a natural outcome of the human involvement in the process. These minor variations of Stitches/Motifs add to its charm and ensure its uniqueness & authenticity. Product Quality Disclaimer All the sellers on boarded here are thoroughly verified weavers, artisans, societies and producer companies. All the sellers in india handmade have agreed to sell authentic and handmade products only. All the responsibility regarding the quality / authenticity of the product lies with the sellers. Skip to the end of the images gallery Skip to the beginning of the images gallery I'm a Buyer I'm a",,"Fits standard-sized wine and champagne bottles. Material: 100% Cotton with Handcrafted Block Print. Eco-Friendly: Reusable and sustainable, reducing the need for disposable bags. Design: Available in various vibrant and elegant designs to suit any occasion. Care Instructions: Hand wash cold, lay flat to dry. Iron on low if needed. More Information More Information Item Type Handicraft Exact Size(L*B*H) 33*10*10 Size Onesize Size Unit CM Color Pink Material Cotton Occasion Office State of Origin Uttar Pradesh Care Instructions Hand wash cold, lay flat to dry. Iron on low if needed Expected Dispatch Days 1 ( Ready to Ship) Reviews Write Your Own Review Only registered users can write reviews. Please Sign in or create an account Disclaimer Product Disclaimer This product is handmade and may have slight variations or dissimilarities that are a natural outcome of the human involvement in the process. These minor variations of Stitches/Motifs add to its charm and ensure its uniqueness & authenticity. Product Quality Disclaimer All the sellers on boarded here are thoroughly verified weavers, artisans, societies and producer companies. All the sellers in india handmade have agreed to sell authentic and handmade products only. All the responsibility regarding the quality / authenticity of the product lies with the sellers. Skip to the end of the images gallery Skip to the beginning of the images gallery I'm a Buyer I'm a",IndiaHandmade,https://www.indiahandmade.com/catalog/product/view/id/16603/s/del96542196/category/473/,,"100% Cotton with Handcrafted Block Print. Eco-Friendly: Reusable and sustainable, reducing the need for disposable bags. Design: Available in various vibrant and elegant designs to suit any occasion.",,,cotton,
Handcrafted Block Printed Cotton Bottle Bag | Reusable | Green,220.0,,,cotton,bottle,,"100% Cotton with Handcrafted Block Print. Eco-Friendly: Reusable and sustainable, reducing the need for disposable bags. Design: Available in various vibrant and elegant designs to suit any occasion More Information More Information Item Type Handicraft Exact Size(L*B*H) 33*5*10 Size 4''x3'' Size Unit CM Color Green Material Cotton Occasion Office State of Origin Uttar Pradesh Care Instructions Hand wash cold, lay flat to dry. Iron on low if needed. Expected Dispatch Days 1 ( Ready to Ship) Reviews Write Your Own Review Only registered users can write reviews. Please Sign in or create an account Disclaimer Product Disclaimer This product is handmade and may have slight variations or dissimilarities that are a natural outcome of the human involvement in the process. These minor variations of Stitches/Motifs add to its charm and ensure its uniqueness & authenticity. Product Quality Disclaimer All the sellers on boarded here are thoroughly verified weavers, artisans, societies and producer companies. All the sellers in india handmade have agreed to sell authentic and handmade products only. All the responsibility regarding the quality / authenticity of the product lies with the sellers. Skip to the end of the images gallery Skip to the beginning of the images gallery I'm a Buyer I'm a",,"Fits standard-sized wine and champagne bottles. Material: 100% Cotton with Handcrafted Block Print. Eco-Friendly: Reusable and sustainable, reducing the need for disposable bags. Design: Available in various vibrant and elegant designs to suit any occasion More Information More Information Item Type Handicraft Exact Size(L*B*H) 33*5*10 Size 4''x3'' Size Unit CM Color Green Material Cotton Occasion Office State of Origin Uttar Pradesh Care Instructions Hand wash cold, lay flat to dry. Iron on low if needed. Expected Dispatch Days 1 ( Ready to Ship) Reviews Write Your Own Review Only registered users can write reviews. Please Sign in or create an account Disclaimer Product Disclaimer This product is handmade and may have slight variations or dissimilarities that are a natural outcome of the human involvement in the process. These minor variations of Stitches/Motifs add to its charm and ensure its uniqueness & authenticity. Product Quality Disclaimer All the sellers on boarded here are thoroughly verified weavers, artisans, societies and producer companies. All the sellers in india handmade have agreed to sell authentic and handmade products only. All the responsibility regarding the quality / authenticity of the product lies with the sellers. Skip to the end of the images gallery Skip to the beginning of the images gallery I'm a Buyer I'm a",IndiaHandmade,https://www.indiahandmade.com/catalog/product/view/id/16605/s/handcrafted-block-printed-bottle-bag-eco-friendly-reusable-wine-tote-perfect-for-gifting-and-storage-green-onesize/category/473/,,"100% Cotton with Handcrafted Block Print. Eco-Friendly: Reusable and sustainable, reducing the need for disposable bags. Design: Available in various vibrant and elegant designs to suit any occasion",,,cotton,
Handcrafted Block Printed Bottle Bag | Reusable | Blue,220.0,,,other,bottle,,"100% Cotton with Handcrafted Block Print. Eco-Friendly: Reusable and sustainable, reducing the need for disposable bags. Design: Available in various vibrant and elegant designs to suit any occasion More Information More Information Item Type Handicraft Size Onesize Color Blue Material Cotton Occasion Office State of Origin Uttar Pradesh Care Instructions Hand wash cold, lay flat to dry. Iron on low if needed. Expected Dispatch Days 1 ( Ready to Ship) Reviews Write Your Own Review Only registered users can write reviews. Please Sign in or create an account Disclaimer Product Disclaimer This product is handmade and may have slight variations or dissimilarities that are a natural outcome of the human involvement in the process. These minor variations of Stitches/Motifs add to its charm and ensure its uniqueness & authenticity. Product Quality Disclaimer All the sellers on boarded here are thoroughly verified weavers, artisans, societies and producer companies. All the sellers in india handmade have agreed to sell authentic and handmade products only. All the responsibility regarding the quality / authenticity of the product lies with the sellers. Skip to the end of the images gallery Skip to the beginning of the images gallery I'm a Buyer I'm a",,"Fits standard-sized wine and champagne bottles. Material: 100% Cotton with Handcrafted Block Print. Eco-Friendly: Reusable and sustainable, reducing the need for disposable bags. Design: Available in various vibrant and elegant designs to suit any occasion More Information More Information Item Type Handicraft Size Onesize Color Blue Material Cotton Occasion Office State of Origin Uttar Pradesh Care Instructions Hand wash cold, lay flat to dry. Iron on low if needed. Expected Dispatch Days 1 ( Ready to Ship) Reviews Write Your Own Review Only registered users can write reviews. Please Sign in or create an account Disclaimer Product Disclaimer This product is handmade and may have slight variations or dissimilarities that are a natural outcome of the human involvement in the process. These minor variations of Stitches/Motifs add to its charm and ensure its uniqueness & authenticity. Product Quality Disclaimer All the sellers on boarded here are thoroughly verified weavers, artisans, societies and producer companies. All the sellers in india handmade have agreed to sell authentic and handmade products only. All the responsibility regarding the quality / authenticity of the product lies with the sellers. Skip to the end of the images gallery Skip to the beginning of the images gallery I'm a Buyer I'm a",IndiaHandmade,https://www.indiahandmade.com/catalog/product/view/id/16610/s/handcrafted-block-printed-bottle-bag-eco-friendly-reusable-wine-tote-perfect-for-gifting-and-storage-blue-onesize/category/473/,,"100% Cotton with Handcrafted Block Print. Eco-Friendly: Reusable and sustainable, reducing the need for disposable bags. Design: Available in various vibrant and elegant designs to suit any occasion",,,cotton,
Leather Jumping Horse,450.0,500.0,10.0,leather,other,,,,,IndiaHandmade,https://www.indiahandmade.com/catalog/product/view/id/16844/s/leather-jumping-horse/category/473/,,,,,,
Handmade Crochet Floral Granny Stylish Utility Square Mobile Pouch with Sling,299.0,599.0,50.08347245409015,other,other,,,,,IndiaHandmade,https://www.indiahandmade.com/catalog/product/view/id/16978/s/stylish-utility-pouch-with-tulsi-beads-handcrafted-cotton-thread-mobile-pouch/category/473/,,,,,,
shyamal top earring,50.0,55.0,9.090909090909092,other,other,,,,,IndiaHandmade,https://www.indiahandmade.com/shyamal-top-earring-online.html,,,,,,
Trendy Silk Oxidised Peacock Jhumka Earrings - Yellow,350.0,698.0,49.8567335243553,silk,earrings,,,,,IndiaHandmade,https://www.indiahandmade.com/catalog/product/view/id/18963/s/trendy-silk-oxidised-peacock-jhumka-earrings-yellow/category/473/,,,,,,
Gold Tone String Wire | Green Lotus Pendants,249.0,300.0,17.0,other,other,,"Fine gold-plated wire with pearl and enamel embellishments. Elements: Green enamel lotus-shaped accents with teardrop-shaped mirror stones. Beads: Delicate gold-toned beads enhance its charm. Closure: Adjustable hook-and-ring clasp for a perfect fit. Lightweight: Comfortable for long wear. Occasion: Ideal for festive, ethnic, and fusion wear. More Information More Information Item Type Handicraft Size Onesize Color Green Material Gold Toned String Wire, Metal and Stone Pendants, Gold Plated Beads Occasion Party State of Origin Tamil Nadu Care Instructions Keep Away from Water, After Use Clean with Dry Cotton Cloth Expected Dispatch Days 1 ( Ready to Ship) Reviews Write Your Own Review Only registered users can write reviews. Please Sign in or create an account Disclaimer Product Disclaimer This product is handmade and may have slight variations or dissimilarities that are a natural outcome of the human involvement in the process. These minor variations of Stitches/Motifs add to its charm and ensure its uniqueness & authenticity. Product Quality Disclaimer All the sellers on boarded here are thoroughly verified weavers, artisans, societies and producer companies. All the sellers in india handmade have agreed to sell authentic and handmade products only. All the responsibility regarding the quality / authenticity of the product lies with the sellers. Skip to the end of the images gallery Skip to the beginning of the images gallery I'm a Buyer I'm a",,,IndiaHandmade,https://www.indiahandmade.com/catalog/product/view/id/19217/s/in-nl-lotus-02/category/473/,,"Fine gold-plated wire with pearl and enamel embellishments. Elements: Green enamel lotus-shaped accents with teardrop-shaped mirror stones. Beads: Delicate gold-toned beads enhance its charm. Closure: Adjustable hook-and-ring clasp for a perfect fit. Lightweight: Comfortable for long wear. Occasion: Ideal for festive, ethnic, and fusion wear.",,,stone,
Gold Tone String Wire | Lilac Studded Stones,350.0,400.0,12.5,stone,other,,,,,IndiaHandmade,https://www.indiahandmade.com/catalog/product/view/id/19221/s/in-nl-stone-03/category/473/,,,,,,
Twisted Chain Silver Hoop Earrings,399.0,699.0,42.91845493562232,other,earrings,,,,,IndiaHandmade,https://www.indiahandmade.com/catalog/product/view/id/19284/s/twisted-chain-silver-hoop-earrings/category/473/,,,,,,
Enamel Lotus & Kundan Pearl Necklace,300.0,350.0,14.285714285714285,other,necklace,,,,,IndiaHandmade,https://www.indiahandmade.com/catalog/product/view/id/19551/s/buy-enamel-lotus-kundan-pearl-necklace-online/category/473/,,,,,,
Dried Flowers & Leaves Bouquet,1100.0,,,other,other,,,,,IndiaHandmade,https://www.indiahandmade.com/catalog/product/view/id/14741/s/dried-flowers-and-leaves-bouquet24/category/473/,,,,,,
Dried Flowers and Leaves Bouquet | 12X6X16 inch,1100.0,,,other,other,,,,,IndiaHandmade,https://www.indiahandmade.com/catalog/product/view/id/14744/s/dried-flowers-and-leaves-bouquet24-multi/category/473/,,,,,,
DRIED FLOWERS AND LEAVES BOUQUET,1100.0,,,other,other,,,,,IndiaHandmade,https://www.indiahandmade.com/catalog/product/view/id/14749/s/dried-flowers-and-leaves-bouquet14/category/473/,,,,,,
Handcrafted Leather Camel Figurine | Set of 2,700.0,800.0,12.5,leather,other,,,,,IndiaHandmade,https://www.indiahandmade.com/handcrafted-leather-camel-figurine-set-of-2.html,,,,,,
Cane & Bamboo Baby Chair,1300.0,1350.0,3.7037037037037033,bamboo,chair,"Handicraft Material : Cane & Bamboo Dimensions : 51D x 51W x 54H cm Back Style : Solid Back Special Feature : Foldable for easy storage Comfort : Curved seat edge with a soft cushion for extra comfort Eco-Friendly : Made from sustainable materials Fully Assembled : No assembly required State of Origin: Uttar Pradesh How to Care? Maintaining this chair is simple. Wipe clean with a dry or slightly damp cloth to remove dust and stains. Keep away from direct sunlight and excessive moisture to preserve its natural finish. This handcrafted baby chair is a perfect blend of comfort, style and sustainability. Its ergonomic design supports a relaxed seating posture, making it an excellent addition to any nursery or play area. Product Specification Crafted from high-quality cane and bamboo , this baby chair combines durability with eco-friendliness. Designed with a solid backrest and a comfortable cushioned seat , it ensures a cosy seating experience for little ones. Its compact size and lightweight structure make it easy to move around, while the foldable design allows for convenient storage. Item Type: Handicraft Material : Cane & Bamboo Dimensions : 51D x 51W x 54H cm Back Style : Solid Back Special Feature : Foldable for easy storage Comfort : Curved seat edge with a soft cushion for extra comfort Eco-Friendly : Made from sustainable materials Fully Assembled : No assembly required State of Origin: Uttar Pradesh More Information More Information Item Type Handicraft Size Small Size Size Unit CM Material Cane & Bamboo State of Origin Uttar Pradesh Care Instructions Good in all seasons Color Brown Expected Dispatch Days 1 ( Ready to Ship) Reviews Write Your Own Review Only registered users can write reviews. Please Sign in or create an account Disclaimer Product Disclaimer This product is handmade and may have slight variations or dissimilarities that are a natural outcome of the human involvement in the process. These minor variations of Stitches/Motifs add to its charm and ensure its uniqueness & authenticity. Product Quality Disclaimer All the sellers on boarded here are thoroughly verified weavers, artisans, societies and producer companies. All the sellers in india handmade have agreed to sell authentic and handmade products only. All the responsibility regarding the quality / authenticity of the product lies with the sellers. Skip to the end of the images gallery Skip to the beginning of the images gallery I'm a Buyer I'm a","Cane & Bamboo Dimensions : 51D x 51W x 54H cm Back Style : Solid Back Special Feature : Foldable for easy storage Comfort : Curved seat edge with a soft cushion for extra comfort Eco-Friendly : Made from sustainable materials Fully Assembled : No assembly required State of Origin: Uttar Pradesh How to Care? Maintaining this chair is simple. Wipe clean with a dry or slightly damp cloth to remove dust and stains. Keep away from direct sunlight and excessive moisture to preserve its natural finish. This handcrafted baby chair is a perfect blend of comfort, style and sustainability. Its ergonomic design supports a relaxed seating posture, making it an excellent addition to any nursery or play area. Product Specification Crafted from high-quality cane and bamboo , this baby chair combines durability with eco-friendliness. Designed with a solid backrest and a comfortable cushioned seat , it ensures a cosy seating experience for little ones. Its compact size and lightweight structure make it easy to move around, while the foldable design allows for convenient storage. Item Type: Handicraft Material : Cane & Bamboo Dimensions : 51D x 51W x 54H cm Back Style : Solid Back Special Feature : Foldable for easy storage Comfort : Curved seat edge with a soft cushion for extra comfort Eco-Friendly : Made from sustainable materials Fully Assembled : No assembly required State of Origin: Uttar Pradesh More Information More Information Item Type Handicraft Size Small Size Size Unit CM Material Cane & Bamboo State of Origin Uttar Pradesh Care Instructions Good in all seasons Color Brown Expected Dispatch Days 1 ( Ready to Ship) Reviews Write Your Own Review Only registered users can write reviews. Please Sign in or create an account Disclaimer Product Disclaimer This product is handmade and may have slight variations or dissimilarities that are a natural outcome of the human involvement in the process. These minor variations of Stitches/Motifs add to its charm and ensure its uniqueness & authenticity. Product Quality Disclaimer All the sellers on boarded here are thoroughly verified weavers, artisans, societies and producer companies. All the sellers in india handmade have agreed to sell authentic and handmade products only. All the responsibility regarding the quality / authenticity of the product lies with the sellers. Skip to the end of the images gallery Skip to the beginning of the images gallery I'm a Buyer I'm a","Uttar Pradesh How to Care? Maintaining this chair is simple. Wipe clean with a dry or slightly damp cloth to remove dust and stains. Keep away from direct sunlight and excessive moisture to preserve its natural finish. This handcrafted baby chair is a perfect blend of comfort, style and sustainability. Its ergonomic design supports a relaxed seating posture, making it an excellent addition to any nursery or play area. Product Specification Crafted from high-quality cane and bamboo , this baby chair combines durability with eco-friendliness. Designed with a solid backrest and a comfortable cushioned seat , it ensures a cosy seating experience for little ones. Its compact size and lightweight structure make it easy to move around, while the foldable design allows for convenient storage. Item Type: Handicraft Material : Cane & Bamboo Dimensions : 51D x 51W x 54H cm Back Style : Solid Back Special Feature : Foldable for easy storage Comfort : Curved seat edge with a soft cushion for extra comfort Eco-Friendly : Made from sustainable materials Fully Assembled : No assembly required State of Origin: Uttar Pradesh More Information More Information Item Type Handicraft Size Small Size Size Unit CM Material Cane & Bamboo State of Origin Uttar Pradesh Care Instructions Good in all seasons Color Brown Expected Dispatch Days 1 ( Ready to Ship) Reviews Write Your Own Review Only registered users can write reviews. Please Sign in or create an account Disclaimer Product Disclaimer This product is handmade and may have slight variations or dissimilarities that are a natural outcome of the human involvement in the process. These minor variations of Stitches/Motifs add to its charm and ensure its uniqueness & authenticity. Product Quality Disclaimer All the sellers on boarded here are thoroughly verified weavers, artisans, societies and producer companies. All the sellers in india handmade have agreed to sell authentic and handmade products only. All the responsibility regarding the quality / authenticity of the product lies with the sellers. Skip to the end of the images gallery Skip to the beginning of the images gallery I'm a Buyer I'm a","51D x 51W x 54H cm Back Style : Solid Back Special Feature : Foldable for easy storage Comfort : Curved seat edge with a soft cushion for extra comfort Eco-Friendly : Made from sustainable materials Fully Assembled : No assembly required State of Origin: Uttar Pradesh How to Care? Maintaining this chair is simple. Wipe clean with a dry or slightly damp cloth to remove dust and stains. Keep away from direct sunlight and excessive moisture to preserve its natural finish. This handcrafted baby chair is a perfect blend of comfort, style and sustainability. Its ergonomic design supports a relaxed seating posture, making it an excellent addition to any nursery or play area. Product Specification Crafted from high-quality cane and bamboo , this baby chair combines durability with eco-friendliness. Designed with a solid backrest and a comfortable cushioned seat , it ensures a cosy seating experience for little ones. Its compact size and lightweight structure make it easy to move around, while the foldable design allows for convenient storage. Item Type: Handicraft Material : Cane & Bamboo Dimensions : 51D x 51W x 54H cm Back Style : Solid Back Special Feature : Foldable for easy storage Comfort : Curved seat edge with a soft cushion for extra comfort Eco-Friendly : Made from sustainable materials Fully Assembled : No assembly required State of Origin: Uttar Pradesh More Information More Information Item Type Handicraft Size Small Size Size Unit CM Material Cane & Bamboo State of Origin Uttar Pradesh Care Instructions Good in all seasons Color Brown Expected Dispatch Days 1 ( Ready to Ship) Reviews Write Your Own Review Only registered users can write reviews. Please Sign in or create an account Disclaimer Product Disclaimer This product is handmade and may have slight variations or dissimilarities that are a natural outcome of the human involvement in the process. These minor variations of Stitches/Motifs add to its charm and ensure its uniqueness & authenticity. Product Quality Disclaimer All the sellers on boarded here are thoroughly verified weavers, artisans, societies and producer companies. All the sellers in india handmade have agreed to sell authentic and handmade products only. All the responsibility regarding the quality / authenticity of the product lies with the sellers. Skip to the end of the images gallery Skip to the beginning of the images gallery I'm a Buyer I'm a",IndiaHandmade,https://www.indiahandmade.com/buy-cane-and-bamboo-baby-chair-online.html,Handicraft Material : Cane & Bamboo Dimensions : 51D x 51W x 54H cm Back Style : Solid Back Special Feature : Foldable for easy storage Comfort : Curved seat edge with a soft cushion for extra comfort Eco-Friendly : Made from sustainable materials Fully Assembled : No assembly required State of Origin: Uttar Pradesh,Cane & Bamboo,Uttar Pradesh,,bamboo,handicraft
Rattan and Cane Retro Sofa Set/Center Table with Glass Top | Beige | 3+2 Seater,30999.0,31999.0,3.125097659301853,cane,sofa,,,,,IndiaHandmade,https://www.indiahandmade.com/rattan-and-cane-retro-sofa-set-center-table-with-glass-top-beige-1-three-seater-2-one-seater.html,,,,,,
Bamboo 4-Seater Sofa Set with Cushions,20000.0,21500.0,6.976744186046512,bamboo,sofa,,,,,IndiaHandmade,https://www.indiahandmade.com/buy-bamboo-4-seater-sofa-set-with-cushions-online.html,,,,,,
Ratan Bamboo 5 Seater Sofa Pack with Cushion | Brown,22599.0,26999.0,16.29689988518093,bamboo,sofa,,"Natural cane and rattan Product is delivered flat packed/fully assembled condition WHOLE SET WILL BE SAME AS SHOWN IN PIcture (EXCEPT CENTER TABLE)- INLCUDING CUSHIONS (Color,design may vary)) WHOLE SET WILL BE SAME AS SHOWN IN PIcture (EXCEPT CENTER TABLE)- INLCUDING CUSHIONS (Color,design may vary)) Colour: Natural or custom More Information More Information Item Type Handicraft Size Full SIZE SOFA SET Material Cane & Bamboo State of Origin Uttar Pradesh Care Instructions Good in all Whether Color Beige Expected Dispatch Days 1 ( Ready to Ship) Reviews Write Your Own Review Only registered users can write reviews. Please Sign in or create an account Disclaimer Product Disclaimer This product is handmade and may have slight variations or dissimilarities that are a natural outcome of the human involvement in the process. These minor variations of Stitches/Motifs add to its charm and ensure its uniqueness & authenticity. Product Quality Disclaimer All the sellers on boarded here are thoroughly verified weavers, artisans, societies and producer companies. All the sellers in india handmade have agreed to sell authentic and handmade products only. All the responsibility regarding the quality / authenticity of the product lies with the sellers. Skip to the end of the images gallery Skip to the beginning of the images gallery I'm a Buyer I'm a",,,IndiaHandmade,https://www.indiahandmade.com/dastkar-crafts-ratan-bamboo-5-seater-sofa-pack-with-cushion-brown.html,,"Natural cane and rattan Product is delivered flat packed/fully assembled condition WHOLE SET WILL BE SAME AS SHOWN IN PIcture (EXCEPT CENTER TABLE)- INLCUDING CUSHIONS (Color,design may vary)) WHOLE SET WILL BE SAME AS SHOWN IN PIcture (EXCEPT CENTER TABLE)- INLCUDING CUSHIONS (Color,design may vary)) Colour: Natural or custom",,,cane,
Cane Sofa Set with Sectional Cushions,19999.0,22599.0,11.50493384663038,cane,sofa,"Handicraft Material: Cane & Bamboo Seat Capacity: 5 Seater Shape: Rectangular Arm Style: Padded Pattern: Solid Mattress Included: Yes Dimensions: 66(L) x 27(D) x 34(H) inches Delivery Condition: Pre-assembled Warranty: 1 Year on Manufacturing Defects State of Origin: Uttar Pradesh How to Care? This sofa set is suitable for all seasons. Regular dusting with a soft cloth and occasional wiping with a damp cloth will help maintain its pristine look. Avoid prolonged exposure to direct sunlight and moisture to preserve its natural texture . A blend of aesthetic appeal and functionality, this handcrafted cane sofa set from Uttar Pradesh enhances the ambience of any living space. Its sectional design and sturdy build make it a valuable addition to homes seeking elegance and comfort. Product Specification Crafted from premium cane and bamboo, this Cane Sofa Set with Sectional Cushions is a perfect addition to any living room. Designed for both comfort and durability, its natural brown finish blends seamlessly with various décor styles. The five-seater arrangement provides ample space for family and guests, while the sectional design ensures versatility in placement. Item Type: Handicraft Material: Cane & Bamboo Seat Capacity: 5 Seater Shape: Rectangular Arm Style: Padded Pattern: Solid Mattress Included: Yes Dimensions: 66(L) x 27(D) x 34(H) inches Delivery Condition: Pre-assembled Warranty: 1 Year on Manufacturing Defects State of Origin: Uttar Pradesh More Information More Information Item Type Handicraft Size Full SIZE SOFA SET Material Cane & Bamboo State of Origin Uttar Pradesh Care Instructions Good in all seasons Color Brown Expected Dispatch Days 1 ( Ready to Ship) Reviews Write Your Own Review Only registered users can write reviews. Please Sign in or create an account Disclaimer Product Disclaimer This product is handmade and may have slight variations or dissimilarities that are a natural outcome of the human involvement in the process. These minor variations of Stitches/Motifs add to its charm and ensure its uniqueness & authenticity. Product Quality Disclaimer All the sellers on boarded here are thoroughly verified weavers, artisans, societies and producer companies. All the sellers in india handmade have agreed to sell authentic and handmade products only. All the responsibility regarding the quality / authenticity of the product lies with the sellers. Skip to the end of the images gallery Skip to the beginning of the images gallery I'm a Buyer I'm a","Cane & Bamboo Seat Capacity: 5 Seater Shape: Rectangular Arm Style: Padded Pattern: Solid Mattress Included: Yes Dimensions: 66(L) x 27(D) x 34(H) inches Delivery Condition: Pre-assembled Warranty: 1 Year on Manufacturing Defects State of Origin: Uttar Pradesh How to Care? This sofa set is suitable for all seasons. Regular dusting with a soft cloth and occasional wiping with a damp cloth will help maintain its pristine look. Avoid prolonged exposure to direct sunlight and moisture to preserve its natural texture . A blend of aesthetic appeal and functionality, this handcrafted cane sofa set from Uttar Pradesh enhances the ambience of any living space. Its sectional design and sturdy build make it a valuable addition to homes seeking elegance and comfort. Product Specification Crafted from premium cane and bamboo, this Cane Sofa Set with Sectional Cushions is a perfect addition to any living room. Designed for both comfort and durability, its natural brown finish blends seamlessly with various décor styles. The five-seater arrangement provides ample space for family and guests, while the sectional design ensures versatility in placement. Item Type: Handicraft Material: Cane & Bamboo Seat Capacity: 5 Seater Shape: Rectangular Arm Style: Padded Pattern: Solid Mattress Included: Yes Dimensions: 66(L) x 27(D) x 34(H) inches Delivery Condition: Pre-assembled Warranty: 1 Year on Manufacturing Defects State of Origin: Uttar Pradesh More Information More Information Item Type Handicraft Size Full SIZE SOFA SET Material Cane & Bamboo State of Origin Uttar Pradesh Care Instructions Good in all seasons Color Brown Expected Dispatch Days 1 ( Ready to Ship) Reviews Write Your Own Review Only registered users can write reviews. Please Sign in or create an account Disclaimer Product Disclaimer This product is handmade and may have slight variations or dissimilarities that are a natural outcome of the human involvement in the process. These minor variations of Stitches/Motifs add to its charm and ensure its uniqueness & authenticity. Product Quality Disclaimer All the sellers on boarded here are thoroughly verified weavers, artisans, societies and producer companies. All the sellers in india handmade have agreed to sell authentic and handmade products only. All the responsibility regarding the quality / authenticity of the product lies with the sellers. Skip to the end of the images gallery Skip to the beginning of the images gallery I'm a Buyer I'm a","Uttar Pradesh How to Care? This sofa set is suitable for all seasons. Regular dusting with a soft cloth and occasional wiping with a damp cloth will help maintain its pristine look. Avoid prolonged exposure to direct sunlight and moisture to preserve its natural texture . A blend of aesthetic appeal and functionality, this handcrafted cane sofa set from Uttar Pradesh enhances the ambience of any living space. Its sectional design and sturdy build make it a valuable addition to homes seeking elegance and comfort. Product Specification Crafted from premium cane and bamboo, this Cane Sofa Set with Sectional Cushions is a perfect addition to any living room. Designed for both comfort and durability, its natural brown finish blends seamlessly with various décor styles. The five-seater arrangement provides ample space for family and guests, while the sectional design ensures versatility in placement. Item Type: Handicraft Material: Cane & Bamboo Seat Capacity: 5 Seater Shape: Rectangular Arm Style: Padded Pattern: Solid Mattress Included: Yes Dimensions: 66(L) x 27(D) x 34(H) inches Delivery Condition: Pre-assembled Warranty: 1 Year on Manufacturing Defects State of Origin: Uttar Pradesh More Information More Information Item Type Handicraft Size Full SIZE SOFA SET Material Cane & Bamboo State of Origin Uttar Pradesh Care Instructions Good in all seasons Color Brown Expected Dispatch Days 1 ( Ready to Ship) Reviews Write Your Own Review Only registered users can write reviews. Please Sign in or create an account Disclaimer Product Disclaimer This product is handmade and may have slight variations or dissimilarities that are a natural outcome of the human involvement in the process. These minor variations of Stitches/Motifs add to its charm and ensure its uniqueness & authenticity. Product Quality Disclaimer All the sellers on boarded here are thoroughly verified weavers, artisans, societies and producer companies. All the sellers in india handmade have agreed to sell authentic and handmade products only. All the responsibility regarding the quality / authenticity of the product lies with the sellers. Skip to the end of the images gallery Skip to the beginning of the images gallery I'm a Buyer I'm a","66(L) x 27(D) x 34(H) inches Delivery Condition: Pre-assembled Warranty: 1 Year on Manufacturing Defects State of Origin: Uttar Pradesh How to Care? This sofa set is suitable for all seasons. Regular dusting with a soft cloth and occasional wiping with a damp cloth will help maintain its pristine look. Avoid prolonged exposure to direct sunlight and moisture to preserve its natural texture . A blend of aesthetic appeal and functionality, this handcrafted cane sofa set from Uttar Pradesh enhances the ambience of any living space. Its sectional design and sturdy build make it a valuable addition to homes seeking elegance and comfort. Product Specification Crafted from premium cane and bamboo, this Cane Sofa Set with Sectional Cushions is a perfect addition to any living room. Designed for both comfort and durability, its natural brown finish blends seamlessly with various décor styles. The five-seater arrangement provides ample space for family and guests, while the sectional design ensures versatility in placement. Item Type: Handicraft Material: Cane & Bamboo Seat Capacity: 5 Seater Shape: Rectangular Arm Style: Padded Pattern: Solid Mattress Included: Yes Dimensions: 66(L) x 27(D) x 34(H) inches Delivery Condition: Pre-assembled Warranty: 1 Year on Manufacturing Defects State of Origin: Uttar Pradesh More Information More Information Item Type Handicraft Size Full SIZE SOFA SET Material Cane & Bamboo State of Origin Uttar Pradesh Care Instructions Good in all seasons Color Brown Expected Dispatch Days 1 ( Ready to Ship) Reviews Write Your Own Review Only registered users can write reviews. Please Sign in or create an account Disclaimer Product Disclaimer This product is handmade and may have slight variations or dissimilarities that are a natural outcome of the human involvement in the process. These minor variations of Stitches/Motifs add to its charm and ensure its uniqueness & authenticity. Product Quality Disclaimer All the sellers on boarded here are thoroughly verified weavers, artisans, societies and producer companies. All the sellers in india handmade have agreed to sell authentic and handmade products only. All the responsibility regarding the quality / authenticity of the product lies with the sellers. Skip to the end of the images gallery Skip to the beginning of the images gallery I'm a Buyer I'm a",IndiaHandmade,https://www.indiahandmade.com/buy-cane-sofa-set-with-sectional-cushions-online.html,Handicraft,Cane & Bamboo Seat Capacity: 5 Seater Shape: Rectangular Arm Style: Padded Pattern: Solid Mattress Included: Yes,Uttar Pradesh,66(L) x 27(D) x 34(H) inches,bamboo,handicraft
Cane & Bamboo 4-Seater Dining Table Set,19999.0,25999.0,23.07781068502635,bamboo,table,"Handicraft Material: High-quality cane & bamboo Colour: Dark brown Contents: 6 chairs and 1 centre table Application: Suitable for restaurants, stores, bars, hotels and cafes State of Origin: Uttar Pradesh How to Care? Maintaining this dining set is simple. Wipe the surface with a damp cloth to remove dust and spills. Avoid prolonged exposure to direct sunlight and excessive moisture to ensure longevity . The sturdy construction makes it ideal for all seasons with minimal upkeep. The Cane & Bamboo 6-Seater Dining Table Set is a timeless piece that enhances dining spaces with its natural elegance and durability. Ideal for both indoor and outdoor use , it offers a sustainable and stylish dining solution for homes and businesses alike. Its handcrafted appeal and functional design make it a valuable addition to any setting. Product Specification Crafted with precision and elegance, the Cane & Bamboo 6-Seater Dining Table Set is a perfect blend of sustainability and functionality. Designed to complement dining spaces, patios, cafes and restaurants , this handcrafted masterpiece brings warmth and natural beauty to any setting. The dark brown finish enhances its appeal, making it a stylish addition to modern and traditional interiors alike . With six chairs and a centre table, it offers ample space for a comfortable dining experience. Item Type: Handicraft Material: High-quality cane & bamboo Colour: Dark brown Contents: 6 chairs and 1 centre table Application: Suitable for restaurants, stores, bars, hotels and cafes State of Origin: Uttar Pradesh More Information More Information Item Type Handicraft Size FULL SIZE DINING SET Material Cane & Bamboo State of Origin Uttar Pradesh Care Instructions Good in all seasons Color Brown Expected Dispatch Days 1 ( Ready to Ship) Reviews Write Your Own Review Only registered users can write reviews. Please Sign in or create an account Disclaimer Product Disclaimer This product is handmade and may have slight variations or dissimilarities that are a natural outcome of the human involvement in the process. These minor variations of Stitches/Motifs add to its charm and ensure its uniqueness & authenticity. Product Quality Disclaimer All the sellers on boarded here are thoroughly verified weavers, artisans, societies and producer companies. All the sellers in india handmade have agreed to sell authentic and handmade products only. All the responsibility regarding the quality / authenticity of the product lies with the sellers. Skip to the end of the images gallery Skip to the beginning of the images gallery I'm a Buyer I'm a","High-quality cane & bamboo Colour: Dark brown Contents: 6 chairs and 1 centre table Application: Suitable for restaurants, stores, bars, hotels and cafes State of Origin: Uttar Pradesh How to Care? Maintaining this dining set is simple. Wipe the surface with a damp cloth to remove dust and spills. Avoid prolonged exposure to direct sunlight and excessive moisture to ensure longevity . The sturdy construction makes it ideal for all seasons with minimal upkeep. The Cane & Bamboo 6-Seater Dining Table Set is a timeless piece that enhances dining spaces with its natural elegance and durability. Ideal for both indoor and outdoor use , it offers a sustainable and stylish dining solution for homes and businesses alike. Its handcrafted appeal and functional design make it a valuable addition to any setting. Product Specification Crafted with precision and elegance, the Cane & Bamboo 6-Seater Dining Table Set is a perfect blend of sustainability and functionality. Designed to complement dining spaces, patios, cafes and restaurants , this handcrafted masterpiece brings warmth and natural beauty to any setting. The dark brown finish enhances its appeal, making it a stylish addition to modern and traditional interiors alike . With six chairs and a centre table, it offers ample space for a comfortable dining experience. Item Type: Handicraft Material: High-quality cane & bamboo Colour: Dark brown Contents: 6 chairs and 1 centre table Application: Suitable for restaurants, stores, bars, hotels and cafes State of Origin: Uttar Pradesh More Information More Information Item Type Handicraft Size FULL SIZE DINING SET Material Cane & Bamboo State of Origin Uttar Pradesh Care Instructions Good in all seasons Color Brown Expected Dispatch Days 1 ( Ready to Ship) Reviews Write Your Own Review Only registered users can write reviews. Please Sign in or create an account Disclaimer Product Disclaimer This product is handmade and may have slight variations or dissimilarities that are a natural outcome of the human involvement in the process. These minor variations of Stitches/Motifs add to its charm and ensure its uniqueness & authenticity. Product Quality Disclaimer All the sellers on boarded here are thoroughly verified weavers, artisans, societies and producer companies. All the sellers in india handmade have agreed to sell authentic and handmade products only. All the responsibility regarding the quality / authenticity of the product lies with the sellers. Skip to the end of the images gallery Skip to the beginning of the images gallery I'm a Buyer I'm a","Uttar Pradesh How to Care? Maintaining this dining set is simple. Wipe the surface with a damp cloth to remove dust and spills. Avoid prolonged exposure to direct sunlight and excessive moisture to ensure longevity . The sturdy construction makes it ideal for all seasons with minimal upkeep. The Cane & Bamboo 6-Seater Dining Table Set is a timeless piece that enhances dining spaces with its natural elegance and durability. Ideal for both indoor and outdoor use , it offers a sustainable and stylish dining solution for homes and businesses alike. Its handcrafted appeal and functional design make it a valuable addition to any setting. Product Specification Crafted with precision and elegance, the Cane & Bamboo 6-Seater Dining Table Set is a perfect blend of sustainability and functionality. Designed to complement dining spaces, patios, cafes and restaurants , this handcrafted masterpiece brings warmth and natural beauty to any setting. The dark brown finish enhances its appeal, making it a stylish addition to modern and traditional interiors alike . With six chairs and a centre table, it offers ample space for a comfortable dining experience. Item Type: Handicraft Material: High-quality cane & bamboo Colour: Dark brown Contents: 6 chairs and 1 centre table Application: Suitable for restaurants, stores, bars, hotels and cafes State of Origin: Uttar Pradesh More Information More Information Item Type Handicraft Size FULL SIZE DINING SET Material Cane & Bamboo State of Origin Uttar Pradesh Care Instructions Good in all seasons Color Brown Expected Dispatch Days 1 ( Ready to Ship) Reviews Write Your Own Review Only registered users can write reviews. Please Sign in or create an account Disclaimer Product Disclaimer This product is handmade and may have slight variations or dissimilarities that are a natural outcome of the human involvement in the process. These minor variations of Stitches/Motifs add to its charm and ensure its uniqueness & authenticity. Product Quality Disclaimer All the sellers on boarded here are thoroughly verified weavers, artisans, societies and producer companies. All the sellers in india handmade have agreed to sell authentic and handmade products only. All the responsibility regarding the quality / authenticity of the product lies with the sellers. Skip to the end of the images gallery Skip to the beginning of the images gallery I'm a Buyer I'm a",,IndiaHandmade,https://www.indiahandmade.com/buy-cane-bamboo-6-seater-dining-table-set-online.html,Handicraft,"High-quality cane & bamboo Colour: Dark brown Contents: 6 chairs and 1 centre table Application: Suitable for restaurants, stores, bars, hotels and cafes",Uttar Pradesh,,bamboo,handicraft
Bamboo Wooden Wall Hanging Flower Vases | Trapezoid 3D Shape | Pack of 3,499.0,999.0,50.050050050050054,bamboo,wall hanging,,,,,IndiaHandmade,https://www.indiahandmade.com/dastkar-crafts-bamboo-wooden-wall-hanging-flower-vases-trapezoid-3d-shape-pack-of-3.html,,,,,,
Handmade ladies Bag- Regular Use Yellow Coloured Light Weight,1599.0,,,other,bag,,,,,IndiaHandmade,https://www.indiahandmade.com/catalog/product/view/id/11211/s/handmade-ladies-bag-regular-use-yellow-coloured-light-weight/category/473/,,,,,,
Antique Metal Hanging Tealight Holder/Lantern,200.0,400.0,50.0,other,other,"Handicraft Exact Size (LBH): 7711 cm Color: Gold Material: Metal Occasion: Casual State of Origin: Haryana Care Instructions: Hand wash More Information More Information Item Type Handicraft Exact Size(L*B*H) 7*7*11 Size Unit CM Color Gold Material Metal Occasion Casual State of Origin Haryana Care Instructions HAND WASH Expected Dispatch Days 1 ( Ready to Ship) Reviews 1 Write Your Own Review Ratings 5 from 1 Buyers 5 1 4 0 3 0 2 0 1 0 Only registered users can write reviews. Please Sign in or create an account Disclaimer Product Disclaimer This product is handmade and may have slight variations or dissimilarities that are a natural outcome of the human involvement in the process. These minor variations of Stitches/Motifs add to its charm and ensure its uniqueness & authenticity. Product Quality Disclaimer All the sellers on boarded here are thoroughly verified weavers, artisans, societies and producer companies. All the sellers in india handmade have agreed to sell authentic and handmade products only. All the responsibility regarding the quality / authenticity of the product lies with the sellers. Skip to the end of the images gallery Skip to the beginning of the images gallery Related Products Check items to add to the cart or select all Multicolured Tea Light Holders with Complimentary Candles","Metal Occasion: Casual State of Origin: Haryana Care Instructions: Hand wash More Information More Information Item Type Handicraft Exact Size(L*B*H) 7*7*11 Size Unit CM Color Gold Material Metal Occasion Casual State of Origin Haryana Care Instructions HAND WASH Expected Dispatch Days 1 ( Ready to Ship) Reviews 1 Write Your Own Review Ratings 5 from 1 Buyers 5 1 4 0 3 0 2 0 1 0 Only registered users can write reviews. Please Sign in or create an account Disclaimer Product Disclaimer This product is handmade and may have slight variations or dissimilarities that are a natural outcome of the human involvement in the process. These minor variations of Stitches/Motifs add to its charm and ensure its uniqueness & authenticity. Product Quality Disclaimer All the sellers on boarded here are thoroughly verified weavers, artisans, societies and producer companies. All the sellers in india handmade have agreed to sell authentic and handmade products only. All the responsibility regarding the quality / authenticity of the product lies with the sellers. Skip to the end of the images gallery Skip to the beginning of the images gallery Related Products Check items to add to the cart or select all Multicolured Tea Light Holders with Complimentary Candles","Haryana Care Instructions: Hand wash More Information More Information Item Type Handicraft Exact Size(L*B*H) 7*7*11 Size Unit CM Color Gold Material Metal Occasion Casual State of Origin Haryana Care Instructions HAND WASH Expected Dispatch Days 1 ( Ready to Ship) Reviews 1 Write Your Own Review Ratings 5 from 1 Buyers 5 1 4 0 3 0 2 0 1 0 Only registered users can write reviews. Please Sign in or create an account Disclaimer Product Disclaimer This product is handmade and may have slight variations or dissimilarities that are a natural outcome of the human involvement in the process. These minor variations of Stitches/Motifs add to its charm and ensure its uniqueness & authenticity. Product Quality Disclaimer All the sellers on boarded here are thoroughly verified weavers, artisans, societies and producer companies. All the sellers in india handmade have agreed to sell authentic and handmade products only. All the responsibility regarding the quality / authenticity of the product lies with the sellers. Skip to the end of the images gallery Skip to the beginning of the images gallery Related Products Check items to add to the cart or select all Multicolured Tea Light Holders with Complimentary Candles",,IndiaHandmade,https://www.indiahandmade.com/catalog/product/view/id/16350/s/buy-antique-metal-hanging-tealight-holder-lantern-online/category/473/,Handicraft Exact Size (LBH): 7711 cm Color: Gold,Metal Occasion: Casual,Haryana,,metal,handicraft
Bamboo & Cane Rattan Swing Chair without Cushion and Rope,4999.0,6999.0,28.57551078725532,bamboo,swing,"Handicraft Material: Rattan, Cane & Bamboo Size: 63L x 50W Cm Occasion: Casual State of Origin: Uttar Pradesh More Information More Information Item Type Handicraft Size full size Size Unit Feet GI Mapping ID 330 Material Cane & Bamboo State of Origin Uttar Pradesh Care Instructions Good in all seasons Color Brown Expected Dispatch Days 1 ( Ready to Ship) Reviews Write Your Own Review Only registered users can write reviews. Please Sign in or create an account Disclaimer Product Disclaimer This product is handmade and may have slight variations or dissimilarities that are a natural outcome of the human involvement in the process. These minor variations of Stitches/Motifs add to its charm and ensure its uniqueness & authenticity. Product Quality Disclaimer All the sellers on boarded here are thoroughly verified weavers, artisans, societies and producer companies. All the sellers in india handmade have agreed to sell authentic and handmade products only. All the responsibility regarding the quality / authenticity of the product lies with the sellers. Skip to the end of the images gallery Skip to the beginning of the images gallery I'm a Buyer I'm a","Rattan, Cane & Bamboo Size: 63L x 50W Cm Occasion: Casual State of Origin: Uttar Pradesh More Information More Information Item Type Handicraft Size full size Size Unit Feet GI Mapping ID 330 Material Cane & Bamboo State of Origin Uttar Pradesh Care Instructions Good in all seasons Color Brown Expected Dispatch Days 1 ( Ready to Ship) Reviews Write Your Own Review Only registered users can write reviews. Please Sign in or create an account Disclaimer Product Disclaimer This product is handmade and may have slight variations or dissimilarities that are a natural outcome of the human involvement in the process. These minor variations of Stitches/Motifs add to its charm and ensure its uniqueness & authenticity. Product Quality Disclaimer All the sellers on boarded here are thoroughly verified weavers, artisans, societies and producer companies. All the sellers in india handmade have agreed to sell authentic and handmade products only. All the responsibility regarding the quality / authenticity of the product lies with the sellers. Skip to the end of the images gallery Skip to the beginning of the images gallery I'm a Buyer I'm a","Uttar Pradesh More Information More Information Item Type Handicraft Size full size Size Unit Feet GI Mapping ID 330 Material Cane & Bamboo State of Origin Uttar Pradesh Care Instructions Good in all seasons Color Brown Expected Dispatch Days 1 ( Ready to Ship) Reviews Write Your Own Review Only registered users can write reviews. Please Sign in or create an account Disclaimer Product Disclaimer This product is handmade and may have slight variations or dissimilarities that are a natural outcome of the human involvement in the process. These minor variations of Stitches/Motifs add to its charm and ensure its uniqueness & authenticity. Product Quality Disclaimer All the sellers on boarded here are thoroughly verified weavers, artisans, societies and producer companies. All the sellers in india handmade have agreed to sell authentic and handmade products only. All the responsibility regarding the quality / authenticity of the product lies with the sellers. Skip to the end of the images gallery Skip to the beginning of the images gallery I'm a Buyer I'm a",,IndiaHandmade,https://www.indiahandmade.com/buy-bamboo-cane-rattan-swing-chair-online.html,Handicraft,"Rattan, Cane & Bamboo Size: 63L x 50W Cm Occasion: Casual",Uttar Pradesh,,bamboo,handicraft
Handmade Terracotta Sparrow Flout,1600.0,,,terracotta,other,,,,,IndiaHandmade,https://www.indiahandmade.com/catalog/product/view/id/11930/s/sparrow-flout/category/473/,,,,,,
Embroidery Hoop Art | Floral Pattern,900.0,,,other,other,,,,,IndiaHandmade,https://www.indiahandmade.com/catalog/product/view/id/5129/s/embroidery-hoop/category/473/,,,,,,
Cane & Bamboo Outdoor Jhula,2450.0,2500.0,2.0,bamboo,other,"Handicraft Material: Cane & Bamboo Colour: Beige State of Origin: Uttar Pradesh More Information More Information Item Type Handicraft Size XXL Size Unit CM Material Cane & Bamboo State of Origin Uttar Pradesh Care Instructions Good in all seasons Color Brown Expected Dispatch Days 1 ( Ready to Ship) Reviews Write Your Own Review Only registered users can write reviews. Please Sign in or create an account Disclaimer Product Disclaimer This product is handmade and may have slight variations or dissimilarities that are a natural outcome of the human involvement in the process. These minor variations of Stitches/Motifs add to its charm and ensure its uniqueness & authenticity. Product Quality Disclaimer All the sellers on boarded here are thoroughly verified weavers, artisans, societies and producer companies. All the sellers in india handmade have agreed to sell authentic and handmade products only. All the responsibility regarding the quality / authenticity of the product lies with the sellers. Skip to the end of the images gallery Skip to the beginning of the images gallery I'm a Buyer I'm a","Cane & Bamboo Colour: Beige State of Origin: Uttar Pradesh More Information More Information Item Type Handicraft Size XXL Size Unit CM Material Cane & Bamboo State of Origin Uttar Pradesh Care Instructions Good in all seasons Color Brown Expected Dispatch Days 1 ( Ready to Ship) Reviews Write Your Own Review Only registered users can write reviews. Please Sign in or create an account Disclaimer Product Disclaimer This product is handmade and may have slight variations or dissimilarities that are a natural outcome of the human involvement in the process. These minor variations of Stitches/Motifs add to its charm and ensure its uniqueness & authenticity. Product Quality Disclaimer All the sellers on boarded here are thoroughly verified weavers, artisans, societies and producer companies. All the sellers in india handmade have agreed to sell authentic and handmade products only. All the responsibility regarding the quality / authenticity of the product lies with the sellers. Skip to the end of the images gallery Skip to the beginning of the images gallery I'm a Buyer I'm a","Uttar Pradesh More Information More Information Item Type Handicraft Size XXL Size Unit CM Material Cane & Bamboo State of Origin Uttar Pradesh Care Instructions Good in all seasons Color Brown Expected Dispatch Days 1 ( Ready to Ship) Reviews Write Your Own Review Only registered users can write reviews. Please Sign in or create an account Disclaimer Product Disclaimer This product is handmade and may have slight variations or dissimilarities that are a natural outcome of the human involvement in the process. These minor variations of Stitches/Motifs add to its charm and ensure its uniqueness & authenticity. Product Quality Disclaimer All the sellers on boarded here are thoroughly verified weavers, artisans, societies and producer companies. All the sellers in india handmade have agreed to sell authentic and handmade products only. All the responsibility regarding the quality / authenticity of the product lies with the sellers. Skip to the end of the images gallery Skip to the beginning of the images gallery I'm a Buyer I'm a",,IndiaHandmade,https://www.indiahandmade.com/buy-cane-bamboo-outdoor-jhula-online.html,Handicraft,Cane & Bamboo Colour: Beige,Uttar Pradesh,,bamboo,handicraft
Handcrafted Beaded Pure Cotton Potli | White,600.0,,,cotton,other,,,,,IndiaHandmade,https://www.indiahandmade.com/buy-handcrafted-beaded-pure-cotton-potli-white.html,,,,,,
Handcrafted Metal Flower Planter | 50x50x50 cm,490.0,980.0,50.0,other,planter,,,,,IndiaHandmade,https://www.indiahandmade.com/catalog/product/view/id/16313/s/buy-handcrafted-metal-flower-planter-50x50x50-cm/category/473/,,,,,,
Handcrafted Block Printed Cotton Bottle Bag | Reusable | Beige,220.0,,,cotton,bottle,,"100% Cotton with Handcrafted Block Print. Eco-Friendly: Reusable and sustainable, reducing the need for disposable bags. Design: Available in various vibrant and elegant designs to suit any occasion. Care Instructions: Hand wash cold, lay flat to dry. Iron on low if needed. More Information More Information Item Type Handicraft Exact Size(L*B*H) 10*10*33 Size Onesize Size Unit CM Color Beige Material Cotton Occasion Office State of Origin Uttar Pradesh Care Instructions Hand wash cold, lay flat to dry. Iron on low if needed Expected Dispatch Days 1 ( Ready to Ship) Reviews Write Your Own Review Only registered users can write reviews. Please Sign in or create an account Disclaimer Product Disclaimer This product is handmade and may have slight variations or dissimilarities that are a natural outcome of the human involvement in the process. These minor variations of Stitches/Motifs add to its charm and ensure its uniqueness & authenticity. Product Quality Disclaimer All the sellers on boarded here are thoroughly verified weavers, artisans, societies and producer companies. All the sellers in india handmade have agreed to sell authentic and handmade products only. All the responsibility regarding the quality / authenticity of the product lies with the sellers. Skip to the end of the images gallery Skip to the beginning of the images gallery I'm a Buyer I'm a",,"Fits standard-sized wine and champagne bottles. Material: 100% Cotton with Handcrafted Block Print. Eco-Friendly: Reusable and sustainable, reducing the need for disposable bags. Design: Available in various vibrant and elegant designs to suit any occasion. Care Instructions: Hand wash cold, lay flat to dry. Iron on low if needed. More Information More Information Item Type Handicraft Exact Size(L*B*H) 10*10*33 Size Onesize Size Unit CM Color Beige Material Cotton Occasion Office State of Origin Uttar Pradesh Care Instructions Hand wash cold, lay flat to dry. Iron on low if needed Expected Dispatch Days 1 ( Ready to Ship) Reviews Write Your Own Review Only registered users can write reviews. Please Sign in or create an account Disclaimer Product Disclaimer This product is handmade and may have slight variations or dissimilarities that are a natural outcome of the human involvement in the process. These minor variations of Stitches/Motifs add to its charm and ensure its uniqueness & authenticity. Product Quality Disclaimer All the sellers on boarded here are thoroughly verified weavers, artisans, societies and producer companies. All the sellers in india handmade have agreed to sell authentic and handmade products only. All the responsibility regarding the quality / authenticity of the product lies with the sellers. Skip to the end of the images gallery Skip to the beginning of the images gallery I'm a Buyer I'm a",IndiaHandmade,https://www.indiahandmade.com/catalog/product/view/id/16601/s/del98242326/category/473/,,"100% Cotton with Handcrafted Block Print. Eco-Friendly: Reusable and sustainable, reducing the need for disposable bags. Design: Available in various vibrant and elegant designs to suit any occasion.",,,cotton,
Handcrafted Block Printed Cotton Bottle Bag | Reusable | Rust,220.0,,,cotton,bottle,,"100% Cotton with Handcrafted Block Print. Eco-Friendly: Reusable and sustainable, reducing the need for disposable bags. Design: Available in various vibrant and elegant designs to suit any occasion More Information More Information Item Type Handicraft Exact Size(L*B*H) 10*5*33 Size 4''x3'' Size Unit CM Color Rust Material Cotton Occasion Office State of Origin Uttar Pradesh Care Instructions Hand wash cold, lay flat to dry. Iron on low if needed. Expected Dispatch Days 1 ( Ready to Ship) Reviews Write Your Own Review Only registered users can write reviews. Please Sign in or create an account Disclaimer Product Disclaimer This product is handmade and may have slight variations or dissimilarities that are a natural outcome of the human involvement in the process. These minor variations of Stitches/Motifs add to its charm and ensure its uniqueness & authenticity. Product Quality Disclaimer All the sellers on boarded here are thoroughly verified weavers, artisans, societies and producer companies. All the sellers in india handmade have agreed to sell authentic and handmade products only. All the responsibility regarding the quality / authenticity of the product lies with the sellers. Skip to the end of the images gallery Skip to the beginning of the images gallery I'm a Buyer I'm a",,"Fits standard-sized wine and champagne bottles. Material: 100% Cotton with Handcrafted Block Print. Eco-Friendly: Reusable and sustainable, reducing the need for disposable bags. Design: Available in various vibrant and elegant designs to suit any occasion More Information More Information Item Type Handicraft Exact Size(L*B*H) 10*5*33 Size 4''x3'' Size Unit CM Color Rust Material Cotton Occasion Office State of Origin Uttar Pradesh Care Instructions Hand wash cold, lay flat to dry. Iron on low if needed. Expected Dispatch Days 1 ( Ready to Ship) Reviews Write Your Own Review Only registered users can write reviews. Please Sign in or create an account Disclaimer Product Disclaimer This product is handmade and may have slight variations or dissimilarities that are a natural outcome of the human involvement in the process. These minor variations of Stitches/Motifs add to its charm and ensure its uniqueness & authenticity. Product Quality Disclaimer All the sellers on boarded here are thoroughly verified weavers, artisans, societies and producer companies. All the sellers in india handmade have agreed to sell authentic and handmade products only. All the responsibility regarding the quality / authenticity of the product lies with the sellers. Skip to the end of the images gallery Skip to the beginning of the images gallery I'm a Buyer I'm a",IndiaHandmade,https://www.indiahandmade.com/catalog/product/view/id/16609/s/handcrafted-block-printed-bottle-bag-eco-friendly-reusable-wine-tote-perfect-for-gifting-and-storage-rust-onesize/category/473/,,"100% Cotton with Handcrafted Block Print. Eco-Friendly: Reusable and sustainable, reducing the need for disposable bags. Design: Available in various vibrant and elegant designs to suit any occasion",,,cotton,
Bamboo Bottle Lite,750.0,1499.0,49.96664442961974,bamboo,bottle,,,,,IndiaHandmade,https://www.indiahandmade.com/catalog/product/view/id/16715/s/bamboo-bottle-lite/category/473/,,,,,,
Handmade Leather Trunk Up Elephant,500.0,1000.0,50.0,leather,other,,,,,IndiaHandmade,https://www.indiahandmade.com/catalog/product/view/id/17160/s/leather-elephant-trunk-up/category/473/,,,,,,
Handcrafted Wooden Partition Screen,16500.0,18500.0,10.81081081081081,wood,other,"Handicraft Material : Made from premium, eco-friendly wood for lasting durability Size : 104x80x40 Finish : A luxurious dark wood finish that highlights natural grains Design : Features intricate circular carvings, blending traditional artistry with contemporary design Versatility : Suitable for both dividing spaces and serving as an elegant décor element State of Origin: Uttar Pradesh How to Care? Keep the wooden partition screen in a dry place to maintain its quality. Wipe it with a soft, dry cloth to remove dust and preserve its rich finish. Enhance your interiors with this finely crafted wooden partition screen. Its timeless design and practical functionality make it an ideal addition to any living or working space. Product Specification The handcrafted wooden partition screen is a perfect blend of functionality and aesthetics. Designed to define spaces while enhancing interior décor, this coffee brown partition offers timeless elegance. Its intricate craftsmanship and high-quality materials make it a standout piece, seamlessly fitting into any home or office environment. Item Type: Handicraft Material : Made from premium, eco-friendly wood for lasting durability Size : 104x80x40 Finish : A luxurious dark wood finish that highlights natural grains Design : Features intricate circular carvings, blending traditional artistry with contemporary design Versatility : Suitable for both dividing spaces and serving as an elegant décor element State of Origin: Uttar Pradesh More Information More Information Item Type Handicraft Size Onesize Dimensions 104X80X40 Color Coffee Brown Material wood State of Origin Uttar Pradesh Care Instructions dry place Expected Dispatch Days 1 ( Ready to Ship) Reviews Write Your Own Review Only registered users can write reviews. Please Sign in or create an account Disclaimer Product Disclaimer This product is handmade and may have slight variations or dissimilarities that are a natural outcome of the human involvement in the process. These minor variations of Stitches/Motifs add to its charm and ensure its uniqueness & authenticity. Product Quality Disclaimer All the sellers on boarded here are thoroughly verified weavers, artisans, societies and producer companies. All the sellers in india handmade have agreed to sell authentic and handmade products only. All the responsibility regarding the quality / authenticity of the product lies with the sellers. Skip to the end of the images gallery Skip to the beginning of the images gallery I'm a Buyer I'm a","Made from premium, eco-friendly wood for lasting durability Size : 104x80x40 Finish : A luxurious dark wood finish that highlights natural grains Design : Features intricate circular carvings, blending traditional artistry with contemporary design Versatility : Suitable for both dividing spaces and serving as an elegant décor element State of Origin: Uttar Pradesh How to Care? Keep the wooden partition screen in a dry place to maintain its quality. Wipe it with a soft, dry cloth to remove dust and preserve its rich finish. Enhance your interiors with this finely crafted wooden partition screen. Its timeless design and practical functionality make it an ideal addition to any living or working space. Product Specification The handcrafted wooden partition screen is a perfect blend of functionality and aesthetics. Designed to define spaces while enhancing interior décor, this coffee brown partition offers timeless elegance. Its intricate craftsmanship and high-quality materials make it a standout piece, seamlessly fitting into any home or office environment. Item Type: Handicraft Material : Made from premium, eco-friendly wood for lasting durability Size : 104x80x40 Finish : A luxurious dark wood finish that highlights natural grains Design : Features intricate circular carvings, blending traditional artistry with contemporary design Versatility : Suitable for both dividing spaces and serving as an elegant décor element State of Origin: Uttar Pradesh More Information More Information Item Type Handicraft Size Onesize Dimensions 104X80X40 Color Coffee Brown Material wood State of Origin Uttar Pradesh Care Instructions dry place Expected Dispatch Days 1 ( Ready to Ship) Reviews Write Your Own Review Only registered users can write reviews. Please Sign in or create an account Disclaimer Product Disclaimer This product is handmade and may have slight variations or dissimilarities that are a natural outcome of the human involvement in the process. These minor variations of Stitches/Motifs add to its charm and ensure its uniqueness & authenticity. Product Quality Disclaimer All the sellers on boarded here are thoroughly verified weavers, artisans, societies and producer companies. All the sellers in india handmade have agreed to sell authentic and handmade products only. All the responsibility regarding the quality / authenticity of the product lies with the sellers. Skip to the end of the images gallery Skip to the beginning of the images gallery I'm a Buyer I'm a","Uttar Pradesh How to Care? Keep the wooden partition screen in a dry place to maintain its quality. Wipe it with a soft, dry cloth to remove dust and preserve its rich finish. Enhance your interiors with this finely crafted wooden partition screen. Its timeless design and practical functionality make it an ideal addition to any living or working space. Product Specification The handcrafted wooden partition screen is a perfect blend of functionality and aesthetics. Designed to define spaces while enhancing interior décor, this coffee brown partition offers timeless elegance. Its intricate craftsmanship and high-quality materials make it a standout piece, seamlessly fitting into any home or office environment. Item Type: Handicraft Material : Made from premium, eco-friendly wood for lasting durability Size : 104x80x40 Finish : A luxurious dark wood finish that highlights natural grains Design : Features intricate circular carvings, blending traditional artistry with contemporary design Versatility : Suitable for both dividing spaces and serving as an elegant décor element State of Origin: Uttar Pradesh More Information More Information Item Type Handicraft Size Onesize Dimensions 104X80X40 Color Coffee Brown Material wood State of Origin Uttar Pradesh Care Instructions dry place Expected Dispatch Days 1 ( Ready to Ship) Reviews Write Your Own Review Only registered users can write reviews. Please Sign in or create an account Disclaimer Product Disclaimer This product is handmade and may have slight variations or dissimilarities that are a natural outcome of the human involvement in the process. These minor variations of Stitches/Motifs add to its charm and ensure its uniqueness & authenticity. Product Quality Disclaimer All the sellers on boarded here are thoroughly verified weavers, artisans, societies and producer companies. All the sellers in india handmade have agreed to sell authentic and handmade products only. All the responsibility regarding the quality / authenticity of the product lies with the sellers. Skip to the end of the images gallery Skip to the beginning of the images gallery I'm a Buyer I'm a",,IndiaHandmade,https://www.indiahandmade.com/catalog/product/view/id/17186/s/handcrafted-wooden-partition-screen-for-sale/category/473/,"Handicraft Material : Made from premium, eco-friendly wood for lasting durability Size : 104x80x40 Finish : A luxurious dark wood finish that highlights natural grains Design : Features intricate circular carvings, blending traditional artistry with contemporary design Versatility : Suitable for both dividing spaces and serving as an elegant décor element State of Origin: Uttar Pradesh","Made from premium, eco-friendly wood for lasting durability Size : 104x80x40 Finish : A luxurious dark wood finish that highlights natural grains Design : Features intricate circular carvings, blending traditional artistry with contemporary design Versatility : Suitable for both dividing spaces and serving as an elegant décor element",Uttar Pradesh,,wood,handicraft
Handmade Side Stool with Wheels,1599.0,1900.0,15.842105263157894,other,stool,"Handicraft Material : Crafted from premium wood and wrought iron for long-lasting durability Design : Distinctive wheel shape adds a decorative touch to interiors and exteriors Multi-functional Use : Serves as a seating option, side table or decorative piece for living rooms, bedrooms, balconies and gardens Size : 12x16x12 inches Colour : Brown State of Origin: Uttar Pradesh How to Care? Maintain its beauty by cleaning with a dry cotton cloth. Avoid prolonged exposure to water or direct sunlight to preserve its finish and durability. Product Specification . Item Type: Handicraft Material : Crafted from premium wood and wrought iron for long-lasting durability Design : Distinctive wheel shape adds a decorative touch to interiors and exteriors Multi-fun ctional Use : Serves as a seating option, side table or decorative piece for living rooms, bedrooms, balconies and gardens Size : 12x16x12 inches Colour : Brown State of Origin: Uttar Pradesh More Information More Information Item Type Handicraft Exact Size(L*B*H) 12X16X12 Size Unit INCH Color Brown Material WOOD AND IRON State of Origin Uttar Pradesh Care Instructions DRY COTTON CLEANING Expected Dispatch Days 1 ( Ready to Ship) Reviews Write Your Own Review Only registered users can write reviews. Please Sign in or create an account Disclaimer Product Disclaimer This product is handmade and may have slight variations or dissimilarities that are a natural outcome of the human involvement in the process. These minor variations of Stitches/Motifs add to its charm and ensure its uniqueness & authenticity. Product Quality Disclaimer All the sellers on boarded here are thoroughly verified weavers, artisans, societies and producer companies. All the sellers in india handmade have agreed to sell authentic and handmade products only. All the responsibility regarding the quality / authenticity of the product lies with the sellers. Skip to the end of the images gallery Skip to the beginning of the images gallery I'm a Buyer I'm a","Crafted from premium wood and wrought iron for long-lasting durability Design : Distinctive wheel shape adds a decorative touch to interiors and exteriors Multi-functional Use : Serves as a seating option, side table or decorative piece for living rooms, bedrooms, balconies and gardens Size : 12x16x12 inches Colour : Brown State of Origin: Uttar Pradesh How to Care? Maintain its beauty by cleaning with a dry cotton cloth. Avoid prolonged exposure to water or direct sunlight to preserve its finish and durability. Product Specification . Item Type: Handicraft Material : Crafted from premium wood and wrought iron for long-lasting durability Design : Distinctive wheel shape adds a decorative touch to interiors and exteriors Multi-fun ctional Use : Serves as a seating option, side table or decorative piece for living rooms, bedrooms, balconies and gardens Size : 12x16x12 inches Colour : Brown State of Origin: Uttar Pradesh More Information More Information Item Type Handicraft Exact Size(L*B*H) 12X16X12 Size Unit INCH Color Brown Material WOOD AND IRON State of Origin Uttar Pradesh Care Instructions DRY COTTON CLEANING Expected Dispatch Days 1 ( Ready to Ship) Reviews Write Your Own Review Only registered users can write reviews. Please Sign in or create an account Disclaimer Product Disclaimer This product is handmade and may have slight variations or dissimilarities that are a natural outcome of the human involvement in the process. These minor variations of Stitches/Motifs add to its charm and ensure its uniqueness & authenticity. Product Quality Disclaimer All the sellers on boarded here are thoroughly verified weavers, artisans, societies and producer companies. All the sellers in india handmade have agreed to sell authentic and handmade products only. All the responsibility regarding the quality / authenticity of the product lies with the sellers. Skip to the end of the images gallery Skip to the beginning of the images gallery I'm a Buyer I'm a","Uttar Pradesh How to Care? Maintain its beauty by cleaning with a dry cotton cloth. Avoid prolonged exposure to water or direct sunlight to preserve its finish and durability. Product Specification . Item Type: Handicraft Material : Crafted from premium wood and wrought iron for long-lasting durability Design : Distinctive wheel shape adds a decorative touch to interiors and exteriors Multi-fun ctional Use : Serves as a seating option, side table or decorative piece for living rooms, bedrooms, balconies and gardens Size : 12x16x12 inches Colour : Brown State of Origin: Uttar Pradesh More Information More Information Item Type Handicraft Exact Size(L*B*H) 12X16X12 Size Unit INCH Color Brown Material WOOD AND IRON State of Origin Uttar Pradesh Care Instructions DRY COTTON CLEANING Expected Dispatch Days 1 ( Ready to Ship) Reviews Write Your Own Review Only registered users can write reviews. Please Sign in or create an account Disclaimer Product Disclaimer This product is handmade and may have slight variations or dissimilarities that are a natural outcome of the human involvement in the process. These minor variations of Stitches/Motifs add to its charm and ensure its uniqueness & authenticity. Product Quality Disclaimer All the sellers on boarded here are thoroughly verified weavers, artisans, societies and producer companies. All the sellers in india handmade have agreed to sell authentic and handmade products only. All the responsibility regarding the quality / authenticity of the product lies with the sellers. Skip to the end of the images gallery Skip to the beginning of the images gallery I'm a Buyer I'm a",,IndiaHandmade,https://www.indiahandmade.com/catalog/product/view/id/17237/s/buy-handmade-side-stool-with-wheels-online/category/473/,"Handicraft Material : Crafted from premium wood and wrought iron for long-lasting durability Design : Distinctive wheel shape adds a decorative touch to interiors and exteriors Multi-functional Use : Serves as a seating option, side table or decorative piece for living rooms, bedrooms, balconies and gardens Size : 12x16x12 inches Colour : Brown State of Origin: Uttar Pradesh","Crafted from premium wood and wrought iron for long-lasting durability Design : Distinctive wheel shape adds a decorative touch to interiors and exteriors Multi-functional Use : Serves as a seating option, side table or decorative piece for living rooms, bedrooms, balconies and gardens Size : 12x16x12 inches Colour : Brown",Uttar Pradesh,,wood,handicraft
Ashtray with cigarette keeper,549.0,999.0,45.04504504504504,other,tray,,,,,IndiaHandmade,https://www.indiahandmade.com/catalog/product/view/id/17536/s/ashtray-with-cigarette-keeper/category/473/,,,,,,
Handmade Yellow Fabric Jewellery Set,350.0,450.0,22.22222222222222,other,other,,,,,IndiaHandmade,https://www.indiahandmade.com/catalog/product/view/id/17543/s/buy-handmade-yellow-fabric-jewellery-set-online/category/473/,,,,,,
Hand-Painted Tribal Paintings Necklace & Earrings Set | Multi Colour,450.0,500.0,10.0,other,necklace,,,,,IndiaHandmade,https://www.indiahandmade.com/catalog/product/view/id/17545/s/stunning-hand-painted-eco-friendly-jewelry-set-lightweight-tribal-paintings-necklace-earrings-set/category/473/,,,,,,
Crochet Dangler Earrings | Orange,199.0,398.0,50.0,other,earrings,,,,,IndiaHandmade,https://www.indiahandmade.com/catalog/product/view/id/17902/s/order-crochet-shell-dangler-earrings-for-women-in-pink-online/category/473/,,,,,,
Beaded Napkin Rings | Set of 12,600.0,1200.0,50.0,other,other,"Handicraft Napkin Rings Size: 443 inches Color: Gold Material: Beads State of Origin: Haryana More Information More Information Item Type Handicraft Exact Size(L*B*H) 4*4*3 Size Unit INCH Color Gold Material Beads State of Origin Haryana Care Instructions Hand Wash Only Expected Dispatch Days 1 ( Ready to Ship) Reviews Write Your Own Review Only registered users can write reviews. Please Sign in or create an account Disclaimer Product Disclaimer This product is handmade and may have slight variations or dissimilarities that are a natural outcome of the human involvement in the process. These minor variations of Stitches/Motifs add to its charm and ensure its uniqueness & authenticity. Product Quality Disclaimer All the sellers on boarded here are thoroughly verified weavers, artisans, societies and producer companies. All the sellers in india handmade have agreed to sell authentic and handmade products only. All the responsibility regarding the quality / authenticity of the product lies with the sellers. Skip to the end of the images gallery Skip to the beginning of the images gallery Related Products Check items to add to the cart or select all Silver Beaded Napkin Rings","Beads State of Origin: Haryana More Information More Information Item Type Handicraft Exact Size(L*B*H) 4*4*3 Size Unit INCH Color Gold Material Beads State of Origin Haryana Care Instructions Hand Wash Only Expected Dispatch Days 1 ( Ready to Ship) Reviews Write Your Own Review Only registered users can write reviews. Please Sign in or create an account Disclaimer Product Disclaimer This product is handmade and may have slight variations or dissimilarities that are a natural outcome of the human involvement in the process. These minor variations of Stitches/Motifs add to its charm and ensure its uniqueness & authenticity. Product Quality Disclaimer All the sellers on boarded here are thoroughly verified weavers, artisans, societies and producer companies. All the sellers in india handmade have agreed to sell authentic and handmade products only. All the responsibility regarding the quality / authenticity of the product lies with the sellers. Skip to the end of the images gallery Skip to the beginning of the images gallery Related Products Check items to add to the cart or select all Silver Beaded Napkin Rings","Haryana More Information More Information Item Type Handicraft Exact Size(L*B*H) 4*4*3 Size Unit INCH Color Gold Material Beads State of Origin Haryana Care Instructions Hand Wash Only Expected Dispatch Days 1 ( Ready to Ship) Reviews Write Your Own Review Only registered users can write reviews. Please Sign in or create an account Disclaimer Product Disclaimer This product is handmade and may have slight variations or dissimilarities that are a natural outcome of the human involvement in the process. These minor variations of Stitches/Motifs add to its charm and ensure its uniqueness & authenticity. Product Quality Disclaimer All the sellers on boarded here are thoroughly verified weavers, artisans, societies and producer companies. All the sellers in india handmade have agreed to sell authentic and handmade products only. All the responsibility regarding the quality / authenticity of the product lies with the sellers. Skip to the end of the images gallery Skip to the beginning of the images gallery Related Products Check items to add to the cart or select all Silver Beaded Napkin Rings",,IndiaHandmade,https://www.indiahandmade.com/catalog/product/view/id/18025/s/buy-beaded-napkin-rings-for-napkin-holding-online/category/473/,Handicraft Napkin Rings Size: 443 inches Color: Gold,Beads,Haryana,,beads,handicraft
Leather Giraffe for Home Decoration,700.0,800.0,12.5,leather,other,,,,,IndiaHandmade,https://www.indiahandmade.com/catalog/product/view/id/15136/s/zeraf/category/473/,,,,,,
Silk Thread Bangles | Magenta | 2*6,130.0,150.0,13.333333333333334,silk,other,"Handicraft Size: 2*6 (Regular fit for most wrist sizes) Color: Classic Pink Material: Base: Lightweight plastic Wrapping: Premium quality silk thread Design: Plain, smooth silk wrap State of Origin: Tamil Nadu Occasion: Suitable for daily wear, festive occasions, poojas, or casual ethnic dressing More Information More Information Item Type Handicraft Size 2.6 Color Pink Material Bangles - Plastic, Wrapping - Premium Quality Silk Thread, Pasting - Premium Quality Stones/Coins State of Origin Tamil Nadu Care Instructions Keep Away from Water: Avoid contact with water, moisture, or sweat to preserve the silk thread and embellishments. Store Safely: Store the bangles in a dry, airtight box or pouch to prevent dust, moisture, and damage. Avoid Chemicals: Keep them away from Expected Dispatch Days 1 ( Ready to Ship) Reviews Write Your Own Review Only registered users can write reviews. Please Sign in or create an account Disclaimer Product Disclaimer This product is handmade and may have slight variations or dissimilarities that are a natural outcome of the human involvement in the process. These minor variations of Stitches/Motifs add to its charm and ensure its uniqueness & authenticity. Product Quality Disclaimer All the sellers on boarded here are thoroughly verified weavers, artisans, societies and producer companies. All the sellers in india handmade have agreed to sell authentic and handmade products only. All the responsibility regarding the quality / authenticity of the product lies with the sellers. Skip to the end of the images gallery Skip to the beginning of the images gallery Related Products Check items to add to the cart or select all Silk Thread Bangles","Base: Lightweight plastic Wrapping: Premium quality silk thread Design: Plain, smooth silk wrap State of Origin: Tamil Nadu Occasion: Suitable for daily wear, festive occasions, poojas, or casual ethnic dressing More Information More Information Item Type Handicraft Size 2.6 Color Pink Material Bangles - Plastic, Wrapping - Premium Quality Silk Thread, Pasting - Premium Quality Stones/Coins State of Origin Tamil Nadu Care Instructions Keep Away from Water: Avoid contact with water, moisture, or sweat to preserve the silk thread and embellishments. Store Safely: Store the bangles in a dry, airtight box or pouch to prevent dust, moisture, and damage. Avoid Chemicals: Keep them away from Expected Dispatch Days 1 ( Ready to Ship) Reviews Write Your Own Review Only registered users can write reviews. Please Sign in or create an account Disclaimer Product Disclaimer This product is handmade and may have slight variations or dissimilarities that are a natural outcome of the human involvement in the process. These minor variations of Stitches/Motifs add to its charm and ensure its uniqueness & authenticity. Product Quality Disclaimer All the sellers on boarded here are thoroughly verified weavers, artisans, societies and producer companies. All the sellers in india handmade have agreed to sell authentic and handmade products only. All the responsibility regarding the quality / authenticity of the product lies with the sellers. Skip to the end of the images gallery Skip to the beginning of the images gallery Related Products Check items to add to the cart or select all Silk Thread Bangles","Tamil Nadu Occasion: Suitable for daily wear, festive occasions, poojas, or casual ethnic dressing More Information More Information Item Type Handicraft Size 2.6 Color Pink Material Bangles - Plastic, Wrapping - Premium Quality Silk Thread, Pasting - Premium Quality Stones/Coins State of Origin Tamil Nadu Care Instructions Keep Away from Water: Avoid contact with water, moisture, or sweat to preserve the silk thread and embellishments. Store Safely: Store the bangles in a dry, airtight box or pouch to prevent dust, moisture, and damage. Avoid Chemicals: Keep them away from Expected Dispatch Days 1 ( Ready to Ship) Reviews Write Your Own Review Only registered users can write reviews. Please Sign in or create an account Disclaimer Product Disclaimer This product is handmade and may have slight variations or dissimilarities that are a natural outcome of the human involvement in the process. These minor variations of Stitches/Motifs add to its charm and ensure its uniqueness & authenticity. Product Quality Disclaimer All the sellers on boarded here are thoroughly verified weavers, artisans, societies and producer companies. All the sellers in india handmade have agreed to sell authentic and handmade products only. All the responsibility regarding the quality / authenticity of the product lies with the sellers. Skip to the end of the images gallery Skip to the beginning of the images gallery Related Products Check items to add to the cart or select all Silk Thread Bangles",,IndiaHandmade,https://www.indiahandmade.com/catalog/product/view/id/18886/s/buy-handmade-silk-thread-bangles-pair-in-magenta-pink-online/category/473/,Handicraft Size: 2*6 (Regular fit for most wrist sizes) Color: Classic Pink,"Base: Lightweight plastic Wrapping: Premium quality silk thread Design: Plain, smooth silk wrap",Tamil Nadu,,silk,handicraft
Silk Thread Bangles | Pink | 2*8,250.0,300.0,16.666666666666664,silk,other,"Handicraft Size: 2.8 Color: Fluorescent Pink with Golden Embellishments Base Material: Durable Plastic Wrapping: Premium Silk Thread Design: Floral and Geometric Motifs in Rhinestones and Coins Weight: Lightweight, Easy to Wear Origin: Tamil Nadu More Information More Information Item Type Handicraft Size 2.8 Color Fluorescent Pink Material Bangles - Plastic, Wrapping - Premium Quality Silk Thread, Pasting - Premium Quality Stones/Coins State of Origin Tamil Nadu Care Instructions Keep Away from Water: Avoid contact with water, moisture, or sweat to preserve the silk thread and embellishments. Store Safely: Store the bangles in a dry, airtight box or pouch to prevent dust, moisture, and damage. Avoid Chemicals: Keep them away from Expected Dispatch Days 1 ( Ready to Ship) Reviews Write Your Own Review Only registered users can write reviews. Please Sign in or create an account Disclaimer Product Disclaimer This product is handmade and may have slight variations or dissimilarities that are a natural outcome of the human involvement in the process. These minor variations of Stitches/Motifs add to its charm and ensure its uniqueness & authenticity. Product Quality Disclaimer All the sellers on boarded here are thoroughly verified weavers, artisans, societies and producer companies. All the sellers in india handmade have agreed to sell authentic and handmade products only. All the responsibility regarding the quality / authenticity of the product lies with the sellers. Skip to the end of the images gallery Skip to the beginning of the images gallery Related Products Check items to add to the cart or select all Rajasthani Lac Bangles","Durable Plastic Wrapping: Premium Silk Thread Design: Floral and Geometric Motifs in Rhinestones and Coins Weight: Lightweight, Easy to Wear Origin: Tamil Nadu More Information More Information Item Type Handicraft Size 2.8 Color Fluorescent Pink Material Bangles - Plastic, Wrapping - Premium Quality Silk Thread, Pasting - Premium Quality Stones/Coins State of Origin Tamil Nadu Care Instructions Keep Away from Water: Avoid contact with water, moisture, or sweat to preserve the silk thread and embellishments. Store Safely: Store the bangles in a dry, airtight box or pouch to prevent dust, moisture, and damage. Avoid Chemicals: Keep them away from Expected Dispatch Days 1 ( Ready to Ship) Reviews Write Your Own Review Only registered users can write reviews. Please Sign in or create an account Disclaimer Product Disclaimer This product is handmade and may have slight variations or dissimilarities that are a natural outcome of the human involvement in the process. These minor variations of Stitches/Motifs add to its charm and ensure its uniqueness & authenticity. Product Quality Disclaimer All the sellers on boarded here are thoroughly verified weavers, artisans, societies and producer companies. All the sellers in india handmade have agreed to sell authentic and handmade products only. All the responsibility regarding the quality / authenticity of the product lies with the sellers. Skip to the end of the images gallery Skip to the beginning of the images gallery Related Products Check items to add to the cart or select all Rajasthani Lac Bangles",,,IndiaHandmade,https://www.indiahandmade.com/catalog/product/view/id/18969/s/buy-handmade-silk-thread-bangles-in-fluorescent-pink-online/category/473/,Handicraft Size: 2.8 Color: Fluorescent Pink with Golden Embellishments Base,"Durable Plastic Wrapping: Premium Silk Thread Design: Floral and Geometric Motifs in Rhinestones and Coins Weight: Lightweight, Easy to Wear Origin: Tamil Nadu",,,silk,handicraft
IN NL Lakshmi Green 001,349.0,420.0,16.904761904761905,other,other,,"High-quality gold-plated wire with green stone beads. Pendant: Intricately designed gold-tone pendant with a traditional motif. Beads: Smooth, polished green beads enhance elegance and charm. Closure: Adjustable hook-and-ring clasp for a secure fit. Occasion: Perfect for traditional and contemporary outfits. Lightweight: Comfortable for all-day wear. More Information More Information Item Type Handicraft Size Onesize Color Green Material Gold Toned String Wire, Antique Lakshmi Metal Pendants, Green Beads Occasion Wedding State of Origin Tamil Nadu Care Instructions Keep Away from Water, After Use Clean with Dry Cotton Cloth Expected Dispatch Days 1 ( Ready to Ship) Reviews Write Your Own Review Only registered users can write reviews. Please Sign in or create an account Disclaimer Product Disclaimer This product is handmade and may have slight variations or dissimilarities that are a natural outcome of the human involvement in the process. These minor variations of Stitches/Motifs add to its charm and ensure its uniqueness & authenticity. Product Quality Disclaimer All the sellers on boarded here are thoroughly verified weavers, artisans, societies and producer companies. All the sellers in india handmade have agreed to sell authentic and handmade products only. All the responsibility regarding the quality / authenticity of the product lies with the sellers. Skip to the end of the images gallery Skip to the beginning of the images gallery I'm a Buyer I'm a",,,IndiaHandmade,https://www.indiahandmade.com/catalog/product/view/id/19216/s/in-nl-lakshmi-green-001/category/473/,,"High-quality gold-plated wire with green stone beads. Pendant: Intricately designed gold-tone pendant with a traditional motif. Beads: Smooth, polished green beads enhance elegance and charm. Closure: Adjustable hook-and-ring clasp for a secure fit. Occasion: Perfect for traditional and contemporary outfits. Lightweight: Comfortable for all-day wear.",,,stone,
Steel & Copper Dinner Thali Set for 2,5000.0,10000.0,50.0,copper,other,,,,,IndiaHandmade,https://www.indiahandmade.com/catalog/product/view/id/15547/s/buy-steel-copper-dinner-thali-set-for-2/category/473/,,,,,,
