State,Product,District,LGD Code,Category,Sector,Description,GI Status,Photo,Ministry/ Department
Andhra Pradesh,Bamboo Craft,Alluri Sitarama Raju,745,Secondary,handicraft,"Crafted with finesse in Andhra Pradesh's Alluri Sitarama Raju district, Bamboo Craft exemplifies the region's rich artisanal heritage. Skillfully woven by local artisans, these pieces showcase intricate designs and sturdy construction, reflecting the eco-conscious ethos of the community. Each creation embodies a blend of tradition and innovation, making Bamboo Craft not just a product, but a testament to the cultural legacy of the region.",No,https://drive.google.com/file/d/1HT-KGuEaGPfvf7jbfYc-_II_o7x-T6Y-/view?usp=drive_link,DC Handicraft
Andhra Pradesh,Etikoppaka Lacquerware/Wooden Toys,Anakapalli,744,Primary,handicraft,"Anakapalli is a town located in the Indian state of Andhra Pradesh. It is known for its traditional wooden toy industry, particularly for Etikoppaka Wooden Toys. These toys are made using locally sourced light-weight wood, primarily from the cashew tree, and are crafted using traditional techniques passed down through generations.",Yes,https://drive.google.com/file/d/1eToIFetXrq90IykYyvLkl2SMHug2YI8f/view?usp=drive_link,DC Handicraft
Andhra Pradesh,Red Sander & Wood Carvings,Annamayya (Rayachoty),753,Secondary,handicraft,"Carved with precision and adorned with intricate details, these pieces of art exude a timeless allure. Utilizing locally sourced red sandalwood, artisans bring to life a variety of exquisite designs, each echoing the rich cultural tapestry of the region. From decorative figurines to functional pieces, Red Sander & Wood Carvings stand as a testament to the skilled hands and creative vision of the artisans, preserving traditions for generations to come.",No,https://drive.google.com/file/d/1NL5pSyOW0ElakTQ8LNEqA7dqkcLoauIw/view?usp=drive_link,DC Handicraft
Andhra Pradesh,Raja Rani Dolls,Annamayya (Rayachoty),753,Tertiary,handicraft,"Raja Rani Dolls, crafted in Rayachoty, Andhra Pradesh, reflect the rich cultural heritage of the region. Made with intricate detail and vibrant colors, these dolls depict the royal court of ancient times, showcasing the elegance and grandeur of traditional Indian attire. Each doll is a miniature masterpiece, capturing the essence of Andhra Pradesh's artistic tradition and providing a glimpse into its majestic history.",No,https://drive.google.com/file/d/191Q4yZ5UwuI2a__nhLnwzy6W51NlUHGC/view?usp=drive_link,DC Handicraft
Andhra Pradesh,The Glass Beads,Chittoor,503,Tertiary,handicraft,"Glass beads from Chittoor, Andhra Pradesh, exude artistic brilliance and cultural significance. Handcrafted by skilled artisans, these beads showcase vibrant colors and intricate designs that reflect the region's rich heritage. Used in traditional jewelry and embellishments, each bead tells a story of craftsmanship and tradition, making them a cherished part of Andhra Pradesh's cultural identity. Whether adorning attire or accessories, Chittoor's glass beads add a touch of elegance and tradition to any ensemble.",No,https://drive.google.com/file/d/1ao_lQFKqHGzZte7Vdwe1rFVOJQ3XExWn/view?usp=drive_link,DC Handicraft
Andhra Pradesh,Teracotta,Chittoor,503,Others,handicraft,"Teracotta from Chittoor, Andhra Pradesh, showcases the region's rich artistic heritage and craftsmanship. Handcrafted by skilled artisans, these clay creations come to life with intricate detailing and earthy colors. From delicate figurines to functional pottery, each piece reflects the cultural traditions and stories of the region. Whether used as decorative accents or everyday utensils, Chittoor's teracotta products bring a touch of rustic charm and authenticity to any space.",No,https://drive.google.com/file/d/1lpsUI7qU9ymeGUphU654efvFZTWJVyVC/view?usp=drive_link,DC Handicraft
Andhra Pradesh,White Wood Birds,East Godavari,505,Tertiary,handicraft,"White Wood Birds from East Godavari, Andhra Pradesh, are exquisite examples of traditional craftsmanship and natural beauty. Hand-carved by skilled artisans, these delicate birds capture the grace and charm of their real-life counterparts. Crafted from locally sourced white wood, each piece reflects the region's reverence for nature and commitment to sustainable practices. Perfect for home decor or as thoughtful gifts, these intricately detailed birds bring a touch of elegance and serenity to any space.",No,https://drive.google.com/file/d/11Dizmgbh_zwXGLbxZjgajiBuA3nCxCZg/view?usp=drive_link,DC Handicraft
Andhra Pradesh,Gold Jewellery,Eluru,748,Primary,handicraft,"Eluru is a city located in the Indian state of Andhra Pradesh. It is known for its traditional gold jewelry industry. The city has a number of goldsmiths and jewelry artisans who are skilled in the craft of designing and making gold jewelry. The gold jewelry from Eluru is characterized by its intricate designs, traditional motifs, and high-quality craftsmanship.",No,https://drive.google.com/file/d/1djUIgrHYZm02dE-SSy6Qx5jNYnt86gGq/view?usp=drive_link,DC Handicraft
Andhra Pradesh,Hand Knotted Carpet weaving,Eluru,748,Secondary,handicraft,"Hand-knotted carpet weaving in Eluru, Andhra Pradesh, represents a time-honored craft of exquisite skill and artistry. Expert weavers meticulously create each carpet, knot by knot, using traditional techniques passed down through generations. These carpets boast intricate patterns and vibrant colors, adding warmth and luxury to any space. With their exceptional quality and timeless beauty, Eluru's hand-knotted carpets are treasured pieces that reflect the region's rich weaving heritage.",No,https://drive.google.com/file/d/1qzkpKK7J3sgJBgiKdXUkypVEUD5UykOI/view?usp=drive_link,DC Handicraft
Andhra Pradesh,Walking Sticks,Eluru,748,Tertiary,handicraft,"Walking sticks from Eluru, Andhra Pradesh, offer both practical support and artistic flair. Crafted by skilled artisans, each stick is meticulously shaped from sturdy materials, ensuring reliability on any terrain. These sticks are not only functional but also serve as stylish accessories, often adorned with intricate carvings or decorative accents. With their blend of utility and craftsmanship, Eluru's walking sticks are a testament to the region's tradition of fine woodworking.",No,https://drive.google.com/file/d/18kpTlZyRwhHEE16Eng26eQb1uVhjVObZ/view?usp=drive_link,DC Handicraft
Andhra Pradesh,Nuziveedu Veena,Eluru,748,Others,handicraft,"The Nuziveedu Veena from Eluru, Andhra Pradesh, is a harmonious blend of tradition and artistry. Handcrafted by skilled artisans, each veena is meticulously carved from fine-quality wood, producing a rich and resonant tone. With its elegant design and impeccable craftsmanship, the Nuziveedu Veena is not just a musical instrument but a cultural symbol, reflecting the region's devotion to preserving the heritage of classical music for generations to come.",No,https://drive.google.com/file/d/1KdtPzDDd_u7UG83-9QEPoC07RhCuh9hT/view?usp=drive_link,DC Handicraft
Andhra Pradesh,Gold Jewellery,Krishna,510,Others,handicraft,"Gold jewellery from Krishna, Andhra Pradesh, symbolizes timeless elegance and exquisite craftsmanship. Skilled artisans meticulously craft each piece, incorporating traditional motifs and modern designs to create stunning adornments. Renowned for their purity and intricate detailing, these jewellery pieces are treasured as symbols of wealth, status, and beauty. Whether worn for special occasions or as everyday adornments, Krishna's gold jewellery reflects the region's rich cultural heritage and the artistry of its craftsmen.",No,https://drive.google.com/file/d/1FbpvUcK2QRmkbMXcyUMTKLaMtejOLTcI/view?usp=drive_link,DC Handicraft
Andhra Pradesh,Stone carved products,Kurnool,511,Primary,handicraft,"Kurnool, a city in Andhra Pradesh, India is famous for its stone-carving industry. This area is abundant in different types of stones such as granite, limestone, and sandstone, which are utilized to make an array of products like sculptures, statues, and architectural elements",No,https://drive.google.com/file/d/1qAiAbdkOwu1EkEn9G56BA-baBcvniJ16/view?usp=drive_link,DC Handicraft
Andhra Pradesh,Allagadda Stone Carving,Nandyal,755,Tertiary,handicraft,"Nandyal is known for its stone carving industry, particularly for Allagadda stone carving. Allagadda, a small village located near Nandyal, is known for its skilled stone carvers who are specialized in carving various types of stones such as Granite, Marble, and Sandstone.",Yes,https://drive.google.com/file/d/1ZftN0_Qt6C2xmDnQ6NwDGw3eTF4UHFQF/view?usp=drive_link,DC Handicraft
Andhra Pradesh,Kondapalli Toys,NTR (Vijaywada),749,Primary,handicraft,"Kondapalli toys are traditional wooden toys that are made in the Indian village of Kondapalli, located in the state of Andhra Pradesh. These toys are made using locally sourced light-weight wood, primarily from the cashew tree, and are characterized by their intricate designs, vibrant colors and that are hand-painted.",Yes,https://drive.google.com/file/d/1kisly3pzNyiWMwAELF92Ihcbq9YvkdcW/view?usp=drive_link,DC Handicraft
Andhra Pradesh,Durgi Stone Carving,Palnadu (Narasaraopeta),751,Primary,handicraft,"Palnadu is known for its traditional stone carving industry, particularly for Durgi Stone Carving. Durgi is a small village located in the Palnadu region, it is known for its skilled stone carvers who are specialized in carving various types of stones such as granite, marble and sandstone, with intricate designs.",Yes,https://drive.google.com/file/d/1I8TBBSu5k1ffHLzMdGTWFQ3ZAPFFFxLn/view?usp=drive_link,DC Handicraft
Andhra Pradesh,Leather Puppets,Palnadu (Narasaraopeta),751,Tertiary,handicraft,"Palnadu is renowned for its exquisite Leather Puppets, a traditional art form that captivates with its intricacy and charm. Handcrafted by skilled artisans, these puppets depict mythological characters and stories with remarkable detail and craftsmanship. Made from high-quality leather, each puppet is a testament to the region's rich cultural heritage and artistic prowess. Whether for storytelling or decorative purposes, Palnadu's Leather Puppets are cherished as symbols of tradition and creativity.",Yes,https://drive.google.com/file/d/1Y9iNzswUIIhZUIwuHkfrJ4JIvWSnD-UE/view?usp=drive_link,DC Handicraft
Andhra Pradesh,Bobilli Veena,Parvathipuram Manyam,743,Primary,handicraft,"This district is known for its traditional musical instrument industry, particularly for Bobilli Veena. Bobbili Veena is a stringed musical instrument, which is a variation of the more common Veena. It is made from wood and is characterized by its unique shape and sound, making it a well known instrument in Indian classical music.",Yes,https://drive.google.com/file/d/1JLz2HsMdnSihD8eG3M7FrnXY11CGltFL/view?usp=drive_link,DC Handicraft
Andhra Pradesh,Severa Adivasi Paintings,Parvathipuram Manyam,743,Tertiary,handicraft,"Parvathipuram Manyam showcases the exquisite Severa Adivasi Paintings, a testament to the region's rich cultural heritage and artistic prowess. Created by talented Adivasi artists, these paintings depict scenes from folklore, nature, and daily life with intricate detail and vibrant colors. Each artwork tells a unique story and reflects the community's deep connection to their surroundings. Severa Adivasi Paintings are not just art but a celebration of tradition and identity in Andhra Pradesh's cultural landscape.",No,https://drive.google.com/file/d/1O33OpDVlp-_OAygmcmSLqSMNBYylAkHy/view?usp=drive_link,DC Handicraft
Andhra Pradesh,Udayagiri Wooden Cutlery,SPSR Nellore,515,Primary,handicraft,"Udayagiri is a small town located in the district, known for its skilled artisans who craft a wide range of wooden cutlery products such as plates, cups, spoons, and bowls. The artisans use traditional techniques passed down through generations to create these beautiful and unique wooden utensils.",Yes,https://drive.google.com/file/d/1xpNtVs4WGHF8W87Pfs_h_7Qh-PhtLHOL/view?usp=drive_link,DC Handicraft
Andhra Pradesh,Leather Puppets,Sri Sathya Sai (Puttaparthi),754,Secondary,handicraft,"Leather Puppetry is a traditional art form originating from the Indian city of Puttaparthi, Andhra Pradesh. This style of puppetry uses intricately crafted leather puppets to tell traditional Indian stories and mythological tales. The puppets are hand-painted, giving each puppet its own unique character and charm.",Yes,https://drive.google.com/file/d/1Y9iNzswUIIhZUIwuHkfrJ4JIvWSnD-UE/view?usp=drive_link,DC Handicraft
Andhra Pradesh,Budithi Brassware,Srikakulam,519,Secondary,handicraft,"Srikakulam district is known for its traditional metal craft industry, particularly for the Budithi Bell and Brass metal craft. This craft is made using Bell metal and brass, which is a combination of copper and zinc. The craft is characterized by intricate designs and motifs which are embossed on the metal using traditional tools.",Yes,https://drive.google.com/file/d/1eq0TWisUvsSVfZWALZEC9xOc_rG_Woyo/view?usp=drive_link,DC Handicraft
Andhra Pradesh,Jute Works,Srikakulam,519,Others,handicraft,"Srikakulam's Jute Works exemplify the region's commitment to sustainable craftsmanship and artistic innovation. Skilled artisans intricately weave and shape jute fibers into a myriad of products, from bags and mats to decorative items. Each piece showcases the natural beauty and versatility of jute while promoting eco-friendly practices. Srikakulam's Jute Works not only serve as functional accessories but also as symbols of the region's rich cultural heritage and dedication to environmental conservation.",No,https://drive.google.com/file/d/1_DduKavpIVPxDNdPJOxqicqCY-hM3Ezx/view?usp=drive_link,DC Handicraft
Andhra Pradesh,Wood Carvings,Tirupati,752,Others,handicraft,"Tirupati's Wood Carvings are masterpieces of craftsmanship, reflecting the region's rich artistic tradition. Skilled artisans meticulously carve intricate designs and motifs into wood, showcasing exquisite detail and precision. From ornate furniture to decorative sculptures, each piece exemplifies the beauty and elegance of traditional woodwork. Tirupati's Wood Carvings not only serve as functional pieces but also as expressions of cultural heritage, enriching homes and spaces with their timeless charm and craftsmanship.",No,https://drive.google.com/file/d/1yccK3EHobeXz0QRwD2Ruo63tUG3bFUJ_/view?usp=drive_link,DC Handicraft
Andhra Pradesh,Lord Venkateswara Swamy Photo,Tirupati,752,Others,handicraft,"In Tirupati, Lord Venkateswara Swamy's photo captures the divine essence revered by millions worldwide. The image radiates serenity and devotion, echoing the spiritual ambiance of the region. Believers cherish it as a symbol of faith and divine grace, bringing solace and inspiration into their lives. Tirupati's Lord Venkateswara Swamy photo symbolizes the sacred connection between devotees and the divine, embodying the profound spirituality that defines this revered pilgrimage destination.",No,https://drive.google.com/file/d/1SHSbW8Nu15svF-pd8Gj-gia-ueTtm3YA/view?usp=drive_link,DC Handicraft
Andhra Pradesh,Basket Weaving,Visakhapatnam,520,Secondary,handicraft,"Visakhapatnam's Basket Weaving is a traditional craft that showcases the region's rich cultural heritage and artistic ingenuity. Skilled artisans meticulously weave natural materials like bamboo, cane, and palm leaves into intricate patterns, creating durable and functional baskets of various shapes and sizes. These baskets serve a multitude of purposes, from storage and transportation to decorative pieces.",No,https://drive.google.com/file/d/1VwtaNv7UXwqzk972JNAKOl4KaeqzZeW4/view?usp=drive_link,DC Handicraft
Andhra Pradesh,Bobilli Veena,Vizianagaram,521,Secondary,handicraft,"The Bobbili Veena of Vizianagaram, Andhra Pradesh, is a cultural treasure embodying centuries of craftsmanship and musical tradition. Handcrafted by skilled artisans, this classical string instrument features intricate carving and meticulous construction, producing a rich and resonant tone. Revered by musicians and collectors alike, the Bobbili Veena represents the region's dedication to preserving its musical heritage.",Yes,https://drive.google.com/file/d/1KdtPzDDd_u7UG83-9QEPoC07RhCuh9hT/view?usp=drive_link,DC Handicraft
Andhra Pradesh,Crochet Lace,West Godavari District,523,Tertiary,handicraft,"West Godavari District showcases the delicate artistry of Crochet Lace, a traditional craft adored for its intricate beauty. Skilled artisans deftly weave threads into intricate patterns, crafting exquisite lacework that adorns garments and accessories with elegance. Each piece reflects the region's rich cultural heritage and meticulous craftsmanship. Whether embellishing clothing or home decor, West Godavari District's Crochet Lace adds a touch of timeless sophistication.",No,https://drive.google.com/file/d/1CFEbnTP5eFMzC8Qd2r5iTqn075DPxsF8/view?usp=drive_link,DC Handicraft
Andhra Pradesh,Narspur Crochet Lace,West Godavari District,523,Others,handicraft,"West Godavari district is known for its traditional handloom industry, particularly for Narspur Crochet Laces. These laces are made using cotton thread and are crafted using the traditional crochet technique. They are characterized by their intricate designs, delicate patterns, and vibrant colours.",Yes,https://drive.google.com/file/d/1G2MIs5IdPNEI9aA-JxUnkwuyJ0eefDYd/view?usp=drive_link,DC Handicraft
Andhra Pradesh,Vonipenta Brass,YSR Kadapa,504,Secondary,handicraft,"YSR Kadapa unveils the exquisite Vonipenta Brass, a testament to fine craftsmanship and cultural heritage. Skilled artisans in this region meticulously mold and shape brass into intricate designs, ranging from decorative items to functional utensils. Each piece reflects the region's rich tradition of metalwork, with its lustrous finish and intricate detailing. Vonipenta Brass not only serves as a symbol of artistic expression but also embodies the enduring legacy of craftsmanship in Andhra Pradesh's cultural landscape.",No,https://drive.google.com/file/d/1Zlr8iWjjzhg8qevzr-fkLgZwPbSqumsw/view?usp=drive_link,DC Handicraft
Arunachal Pradesh,Bead Necklace,Longding,666,Primary,handicraft,"The bead necklace from Longding, Arunachal Pradesh, stands out for its exceptional craftsmanship and cultural significance. Handcrafted by skilled artisans, these necklaces are a vibrant testament to the rich tribal heritage of the region. Each piece is a mosaic of intricately woven beads, featuring traditional designs that have been passed down through generations. These necklaces are not just ornaments but also serve as a symbol of identity and pride among the local communities, embodying the spirit and traditions of Arunachal Pradesh.",No,https://drive.google.com/file/d/1ge50oCUkl5vEfUAttTa0ir7JPfiMewaA/view?usp=drive_link,DC Handicraft
Assam,Bell Metal Products,Barpeta,280,Primary,handicraft,"Barpeta Bell Metal Products are handmade metalwork crafted by skilled artisans through traditional methods. These products include utensils, idols, and decorative items, and are an important part of the Assamese culture and carry traditional motifs and designs.",No,https://drive.google.com/file/d/1Nhz8OX4cIWZLql7OjsVh56j-xr_hLk61/view?usp=drive_link,DC Handicraft
Assam,Cane & Bamboo Furniture & Decorative Items,Karimganj,293,Secondary,handicraft,Karimganj in Assam is known for its skilled artisans who create beautiful and intricate furniture and decorative items from cane and bamboo. The artisans use traditional techniques to create sturdy and long-lasting furniture pieces that are both functional and aesthetically pleasing.,No,https://drive.google.com/file/d/1kwdN5Dcf1wC4bRC6owPwa0frj1novQGh/view?usp=drive_link,DC Handicraft
Assam,Pearl,Nagaon,297,Primary,handicraft,"Pearls from Nagaon, Assam, represent a growing innovation in aquaculture and sustainable livelihoods in the region. Known for its freshwater pearl cultivation, Nagaon utilizes advanced techniques to harvest high-quality pearls from mussels. This eco-friendly practice has gained momentum due to its profitability and potential to empower local communities.",No,https://drive.google.com/file/d/1dEEC75zB0nqOT5Amhj-kB6Uip0B330-x/view?usp=drive_link,Ministry of Commerce and Industry
Bihar,Manjusha Painting,Bhagalpur,192,Secondary,handicraft,"Manjusha painting is a traditional folk art form that originates from the Bhagalpur region in the Indian state of Bihar. The term ""Manjusha"" means a box or a chest, and the paintings are created in a box-like structure using bamboo sticks, jute ropes, and cloth. The paintings typically depict mythological stories and are known for their vivid colours and bold lines.",Yes,https://drive.google.com/file/d/1uHSNM-uhSD4BkcMlOLjOQXT6MIwDTAYM/view?usp=drive_link,DC Handicraft
Bihar,Applique Work,Bhojpur,193,Secondary,handicraft,"Applique work is a traditional craft of Bhojpur district in Bihar, India. It involves stitching small pieces of colorful fabric onto a larger base fabric to create intricate designs and patterns. The base fabric is usually a solid-colored cotton or silk material, and the smaller pieces of fabric are cut into different shapes such as circles, triangles, and flowers.",Yes,https://drive.google.com/file/d/126VGLcikBQzrlZrPJCpbwxco9P5Axnhb/view?usp=drive_link,DC Handicraft
Bihar,Bhojpur Painting,Bhojpur,193,Primary,handicraft,"Bhojpur has a rich cultural heritage that encompasses a variety of art forms, including painting. The district's traditional painting techniques are known for their intricate designs and vibrant hues with the subjects of these paintings ranging from mythological figures to daily life scenes, each bearing its unique narrative.",No,https://drive.google.com/file/d/102PGcHIa0s-5ayS9ZYaNtq2FrvGI12wq/view?usp=drive_link,DC Handicraft
Bihar,Hand Embroidery,Buxar,194,Tertiary,handicraft,"The skilled artisans of Buxar use traditional techniques to create intricate and detailed embroidery designs on a variety of fabrics, including silk, cotton, and chiffon. The embroidery work is characterized by its fine details and intricate patterns, which are often inspired by local flora, fauna, and mythology.",No,https://drive.google.com/file/d/1Pj3h_CRqOP-lAiaHcvng9FR6Qjihi64N/view?usp=drive_link,DC Handicraft
Bihar,Madhubhani Paintings,Darbhanga,195,Secondary,handicraft,"Madhubani painting, an ancient art form, originated in the Mithila region of Darbhanga, Bihar. The art form is known for its intricate and detailed designs, bold colors, and depiction of traditional themes and motifs. Expert artists in Darbhanga use natural materials such as twigs, brushes, and vegetable dyes to carefully create the paintings on a variety of surfaces, from paper to walls and cloth.",Yes,https://drive.google.com/file/d/1ED7Gc-s1HVW_JHWB2GxfdAe9Y9wh1WIg/view?usp=drive_link,DC Handicraft
Bihar,Terracotta,Darbhanga,195,Tertiary,handicraft,"Darbhanga, a city located in the northern part of Bihar, India, is renowned for its exquisite terracotta art. Terracotta is a form of clay-based pottery that is used to create intricate sculptures, figurines, and decorative objects. The designs often depict scenes from mythological stories, traditional folk tales, and local legends, and are characterized by their fine details and intricate patterns.",No,https://drive.google.com/file/d/1cOodO7RoaD3x0455d5vD1ms41gtvS4IU/view?usp=drive_link,DC Handicraft
Bihar,Stone Art,Gaya,196,Primary,handicraft,"The Stone Art of Gaya, Bihar, is an awe-inspiring example of the creative genius of skilled artisans. The intricate details and delicate nuances of the stone carvings are a testament to the sheer dedication and artistry that goes into each piece. The stone carvings are not just objects of beauty, but a window into the rich history and mythology of the area.",No,https://drive.google.com/file/d/1ZUN3QoxKmfxs_48MFqp0LzAnPu52d5We/view?usp=drive_link,DC Handicraft
Bihar,Crochet Goods,Jamui,198,Primary,handicraft,"The crochet goods of Jamui, Bihar, are a stunning example of the skilled craftsmanship and artistry of the region's artisans. The delicate yarn is meticulously woven into intricate patterns, creating a stunning array of beautiful and functional objects, from doilies to cosy blankets that are widely appreciated for their beauty.",No,https://drive.google.com/file/d/1jVfxUIUxcVUSS3M21MhsvITs6BPhTBIK/view?usp=drive_link,DC Handicraft
Bihar,Carpet,Kaimur (Bhabua),200,Secondary,handicraft,"The carpet industry in Bhabua has gained a reputation for producing some of the finest handmade carpets in the country. The town is home to a large number of skilled weavers who work tirelessly to create these masterpieces. The weavers use traditional hand-operated looms to create the carpets, with each loom producing one carpet at a time.",No,https://drive.google.com/file/d/1E6xthyhc0l1WP16zt6h5nMRJcwmY19y2/view?usp=drive_link,DC Handicraft
Bihar,Jute,Katihar,201,Primary,handicraft,"The sturdy and versatile fiber is carefully cultivated by local farmers and processed by skilled artisans into a wide variety of beautiful and functional products. From rustic sacks to elegant bags and home decor, the jute products of Katihar are as diverse as they are durable, reflecting the creative ingenuity of the region's artisans.",No,https://drive.google.com/file/d/1DJWoQghL82sn_W-IUXpgcPeQEztm6QTD/view?usp=drive_link,DC Handicraft
Bihar,Bamboo Art,Madhepura,205,Primary,handicraft,"The art of bamboo weaving in Madhepura, Bihar is a spectacle to behold. The skilled artisans of this region possess a mastery of this craft, deftly manipulating slender bamboo stems to create intricate and beautiful objects. Each piece, whether it be a basket, mat, or even furniture, showcases its beauty and versatility.",No,https://drive.google.com/file/d/1SiF4HvlWiNoJHwZYZyRDr95Y7DQy5fz3/view?usp=drive_link,DC Handicraft
Bihar,Madhubani Paintings,Madhubani,206,Primary,handicraft,"Madhubani painting, is a traditional art form, characterized by bold, vibrant colors and intricate designs, often depicting scenes from nature, mythology and daily life. The skilled artisans of Madhubani utilize natural materials such as rice powder, charcoal, and plant extracts to create these stunning works of art.",Yes,https://drive.google.com/file/d/1nWdJMZD9ifTn8oS7eyRntq2eV9m7lxPq/view?usp=drive_link,DC Handicraft
Bihar,Sikki Painting,Madhubani,206,Secondary,handicraft,"Sikki painting is a traditional art form that involves the use of golden grass, locally known as 'Sikki', to create intricate designs on a range of surfaces, such as wood, bamboo, and cloth. The process involves meticulous attention to detail and a deep understanding of color and design, resulting in stunningly beautiful final products.",Yes,https://drive.google.com/file/d/1O-albHA9dcGLPnze2Rkj70RVrUf1r_NS/view?usp=drive_link,DC Handicraft
Bihar,Sujini Embroidery,Muzaffarpur,208,Secondary,handicraft,"Sujini embroidery has a rich history in Muzzaffarpur and has been passed down through generations of artisans. The technique involves creating small, intricate stitches that are then layered and embellished to create complex designs. The resulting texture is unique and visually stunning, with intricate patterns that seem to leap off the fabric.",Yes,https://drive.google.com/file/d/1O4U_rD0i_Hr5yO5sZHohpsb83DLP-Jub/view?usp=drive_link,DC Handicraft
Bihar,Brass Metal Work,Patna,212,Primary,handicraft,"The city of Patna, Bihar is renowned for its exquisite brass metal work, a craft that has been perfected over centuries. Skilled artisans utilize traditional techniques to create intricate and ornate objects that reflect the region's cultural heritage. From religious idols to utensils and jewelry, each piece is crafted with care and precision, showcasing the artisan's mastery of their craft.",No,https://drive.google.com/file/d/1dq7V0kuZJ00UQzsLuH60261h8f2HpZho/view?usp=drive_link,DC Handicraft
Bihar,Tikuli Paintings,Patna,212,Secondary,handicraft,"Tikuli art is a traditional folk art form that originated in Bihar and has its roots in the Mithila region. The name Tikuli comes from the word 'tikli', which means 'bindi' or 'dot' in Hindi. The motifs used in Tikuli art are inspired by traditional Indian folk tales, nature, and religious themes, and are adorned with delicate embellishments of gold or silver leaf.",No,https://drive.google.com/file/d/1CasVk__8TNLx0XZE7MPYdoT31V9A8tg6/view?usp=drive_link,DC Handicraft
Bihar,Bamboo Art,Purnea,214,Primary,handicraft,"Bihar's tradition of bamboo art is characterized by skilled artisans who create intricate designs and patterns using bamboo to make furniture, baskets, mats, and toys. Bamboo-based industries have potential for sustainable livelihoods while promoting environmental conservation and showcases the region's cultural heritage and creative ingenuity.",No,https://drive.google.com/file/d/1U7MwpD4reg9_nM0mpSX4diUd6gDzoVaG/view?usp=drive_link,DC Handicraft
Bihar,Jute,Purnea,214,Secondary,handicraft,"Purnea, nestled in the eastern region of Bihar, is renowned for its exquisite production of jute, a natural fiber valued for its durability and versatility. This district situated amidst verdant fields and fertile plains, boasts a rich legacy of crafting premium-quality jute products that have garnered accolades across the globe.",No,https://drive.google.com/file/d/10GHvsck-vjgz_WccftqqAmS-Dh72_HgM/view?usp=drive_link,DC Handicraft
Bihar,Bamboo Art,Samastipur,217,Primary,handicraft,"The skilled artisans of Samastipur use bamboo as their medium to create a variety of objects, including baskets, furniture, lampshades, and decorative items. The bamboo art of Samastipur is characterized by its intricate designs and patterns, which are often inspired by nature and traditional folk tales.",No,https://drive.google.com/file/d/1uLRgtvBTpGn6rAXf0Jn09yeTbq4Gut0r/view?usp=drive_link,DC Handicraft
Bihar,Applique Work,Sitamarhi,221,Secondary,handicraft,"Sitamarhi, is renowned for its intricate and exquisite applique work. This craft involves the creation of designs and patterns by cutting and stitching colorful pieces of fabric onto a base material, typically cotton. The skilled artisans of Sitamarhi have mastered this technique, producing stunning and unique pieces of art that are highly valued for their aesthetic appeal.",Yes,https://drive.google.com/file/d/1wSd1kKTrigYeteod-SqabMi3E9Vgjc5u/view?usp=drive_link,DC Handicraft
Bihar,Sikki Art,Sitamarhi,221,Primary,handicraft,"This exquisite craft involves the weaving of intricate patterns using dried grass, commonly known as sikki, which is harvested during the monsoon season. The skillful artisans of Sitamarhi, with their nimble fingers and astute eye for detail, transform these simple grass strands into awe-inspiring and ornate baskets, mats, and other decorative items.",Yes,https://drive.google.com/file/d/1t0DzAlr0gOUreitjoCnJX6utM0c66tXE/view?usp=drive_link,DC Handicraft
Bihar,Lac Bangles,Supaul,223,Primary,handicraft,"Lac bangles are a popular handicraft product of Supaul district in Bihar, India. The bangles are made using a unique technique that involves molding lac, a resinous substance obtained from an insect, around a wooden or metal bangle base. Skilled artisans in Supaul create intricate designs and patterns on the lac bangles using various techniques such as carving, painting, and embedding stones and mirrors.",No,https://drive.google.com/file/d/1__0vGIwVS3ZKCejCb6z6EwNcdbR5VRGd/view?usp=drive_link,DC Handicraft
Bihar,Sujni Embroidery,Vaishali,224,Primary,handicraft,"Sujni embroidery is created using fine threads and is known for its intricate designs and patterns, which depict scenes from mythology, nature, and daily life. The designs are typically created in shades of blue, green, and red, and are adorned with sequins, beads, and other embellishments.",Yes,https://drive.google.com/file/d/13rF1pk5yqMGmqEV_jwR7jQ3CyKqr-Xdc/view?usp=drive_link,DC Handicraft
Chhattisgarh,Bell Metal (Dhokra),Bastar,374,Primary,handicraft,"Dhokra craft, made from bell metal in Bastar is a magnificent expression of India's ancient metallurgy tradition. Skilled craftsmen use a unique combination of brass, tin, and iron to create intricate and ornate objects of art. From statues of deities and animals to utensils and lamps, each piece of Bastar Dhokra is a masterpiece that showcases the weaver's craftsmanship and dedication.",Yes,https://drive.google.com/file/d/1vngg7E0mu3zs9vMTfWKL7LnlsRupuLlF/view?usp=drive_link,DC Handicraft
Chhattisgarh,Bastar Craft,Kondagaon,643,Secondary,handicraft,"Kondegaon, Chhattisgarh is renowned for its exquisite Bastar craft products. Crafted by skilled artisans, these brass or bell metal artifacts showcase intricate designs and reflect the rich tribal culture of Bastar. From figurines and tribal jewelry to utilitarian items, Bastar art products from Kondegaon are a testament to the region's artistic heritage and craftsmanship.",Yes,https://drive.google.com/file/d/1Jtbr3xziqUKDQUaFlR8r0rUbokWZMxcK/view?usp=drive_link,DC Handicraft
Chhattisgarh,Bell Metal (Dhokra),Kondagaon,643,Primary,handicraft,"Chhattisgarh's Bell Metal (Dhokra) craft, particularly in Kondagaon, is a renowned traditional art form that holds cultural and economic significance. Dhokra is a non-ferrous metal casting technique using the lost-wax method, dating back over 4,000 years. Kondagaon, a hub for Dhokra artisans, is famous for its intricate and unique brassware, including figurines, jewelry, and tribal motifs. This craft is deeply rooted in the tribal heritage of the region, primarily practiced by the Ghadwa and other indigenous communities. The Dhokra artifacts are not only popular in domestic markets but also have a strong demand internationally, contributing to the local economy and preserving Chhattisgarh's rich cultural legacy. Efforts by the government and NGOs to promote and sustain this traditional craft have further enhanced its visibility and viability.",Yes,https://drive.google.com/file/d/1Z8HFamCCanrxTXXOQdvmXbk-6kXnErre/view?usp=drive_link,DC Handicraft
Chhattisgarh,Wooden Craft,Sukma,642,Primary,handicraft,"The skilled artisans of Sukma use age-old techniques and traditional tools to transform raw wood into magnificent works of art. Some of the popular types of wooden crafts from Sukma include furniture items such as chairs, tables, and beds, all hand-carved with intricate designs and patterns. Decorative items such as wooden panels, wall hangings, and figurines are also highly sought after for their unique aesthetic appeal.",No,https://drive.google.com/file/d/1XNxUYWCldApVpw79ZUtHxYqBSRrAkAEF/view?usp=drive_link,DC Handicraft
Gujarat,Terracotta,Ahmedabad,438,Secondary,handicraft,"Crafted in Ahmedabad, Gujarat, Terracotta products embody the region’s artistic legacy and sustainable ethos. These eco-friendly creations, ranging from decorative planters to intricate sculptures, showcase the craftsmanship of local artisans. Known for their earthy appeal and durability, these items reflect Ahmedabad’s commitment to blending tradition with modern design sensibilities.",No,https://drive.google.com/file/d/1VBYOaSXQlgn9ldb6308GwcrMvEachT1d/view?usp=drive_link,Ministry of Textiles
Gujarat,Gamthi Block print,Ahmedabad,438,Others,handicraft,"Ahmedabad, Gujarat is renowned for its exquisite Gamthi which adorn fabrics with intricate designs and vibrant colors. Alongside block printing, the city is also home to a thriving terracotta industry, where skilled potters mold and shape clay into beautiful and functional objects, from decorative figurines to cookware",No,https://drive.google.com/file/d/1r2iJCTupjyizXEWoj3KBnd3y1izq6rnz/view?usp=drive_link,DC Handicraft
Gujarat,Beadwork,Amreli,439,Secondary,handicraft,"Amreli, situated in Gujarat, is famous for its intricate beadwork, a craft that showcases the region's rich artistic heritage. Local artisans, with generations of knowledge, weave colorful beads into elaborate designs, creating jewelry, decorations, and traditional attire that reflect the vibrant culture of Gujarat. This beadwork is not only a testament to the skill and creativity of Amreli's craftspeople but also plays a crucial role in keeping traditional handicrafts alive in the modern world.",No,https://drive.google.com/file/d/1yTBhR9Ml7WUhGFYrz6H67ColE1rXxm31/view?usp=drive_link,DC Handicraft
Gujarat,Agates Stone,Anand,440,Secondary,handicraft,"Agate stone from Anand, Gujarat is a marvel of nature, adorned with intricate patterns and hues that evoke a sense of wonder and admiration. This gemstone, formed over millions of years, boasts a unique blend of earthy tones, ranging from warm browns to cool blues and greens, all swirled together in a mesmerizing dance.",Yes,https://drive.google.com/file/d/1Lk_-GJT4tIPzHdm8IsGvSM1Ma4WYibE5/view?usp=drive_link,DC Handicraft
Gujarat,Beadwork,Bhavnagar,443,Secondary,handicraft,"Bhavnagar, nestled in Gujarat, is renowned for its exquisite beadwork, a centuries-old craft that embodies the region's rich cultural heritage. Skilled artisans intricately weave tiny beads into stunning designs, creating jewelry, accessories, and embellishments that reflect the vibrant spirit of Gujarat. Bhavnagar's beadwork is not just a form of art but also a symbol of tradition and identity, cherished by locals and admired by connoisseurs worldwide for its craftsmanship and beauty.",No,https://drive.google.com/file/d/1yTBhR9Ml7WUhGFYrz6H67ColE1rXxm31/view?usp=drive_link,DC Handicraft
Gujarat,Sankheda furniture,Chhota Udaipur,668,Tertiary,handicraft,"Adorned with intricate hand-carved motifs and embellished with vibrant colors that sing with life, Sankheda furniture captures the essence of Gujarat's rich cultural heritage in every curve and contour. From intricately designed swings to ornate chairs and tables, Sankheda furniture adds a touch of rustic elegance to any space, transforming it into a warm and inviting haven that soothes the senses and enlivens the soul.",Yes,https://drive.google.com/file/d/1ag6RwCzDsWq3yCEEr-iKE8zR9QiM0zQ3/view?usp=drive_link,DC Handicraft
Gujarat,Pithora Painting,Chhota Udaipur,668,Secondary,handicraft,"Pithora painting, the resplendent folk art that originated in Chhota Udaipur, Gujarat, is a true masterpiece of colors, patterns, and symbolism that embodies the rich cultural heritage of the region. Created by skilled artisans using natural pigments and traditional techniques that have been passed down for generations, each Pithora painting is a stunning tapestry of intricate motifs, bold hues, and intricate geometric shapes that dance with life and energy.",Yes,https://drive.google.com/file/d/1g07kogMaHkt5n7y7REVUidkEuGxPc_bg/view?usp=drive_link,DC Handicraft
Gujarat,Furniture Products,Chhota Udaipur,668,Primary,handicraft,"Furniture Products from Chhota Udaipur, Gujarat, are celebrated for their durability, intricate craftsmanship, and unique designs. Crafted by skilled artisans using high-quality wood and other materials, the furniture often reflects the rich cultural heritage of the region, blending traditional artistry with modern functionality. From intricately carved chairs and tables to robust storage solutions, the products are both aesthetically pleasing and long-lasting.",No,https://drive.google.com/file/d/1z_7t0fmhaqZb_B39QxPnWRqWWGh2F47c/view?usp=drive_link,Ministry of MSME
Gujarat,Wood work/ Block Making,Gandhinagar,446,Secondary,handicraft,"Gandhinagar, Gujarat is renowned for its exquisite woodwork and block making, a centuries-old art. The adept artisans of this region create stunning pieces of furniture and decorative items using traditional techniques and locally sourced wood. Block making involves the skilled creation of hand-carved blocks used for printing on fabrics and textiles, resulting in beautiful and intricate design.",No,https://drive.google.com/file/d/1NP0M3c28Q2hkUbL-128-Je_qoKr-lEDU/view?usp=drive_link,DC Handicraft
Gujarat,Terracotta,Himmatnagar/Sabarkantha,458,Tertiary,handicraft,"Discover the timeless artistry of Himmatnagar /Sabarkantha's Terracotta. Crafted with meticulous skill and centuries-old techniques, each piece embodies the region's rich cultural heritage. From intricately designed pottery to sculptural masterpieces, Terracotta reflects the artisans' dedication to preserving tradition. With earthy tones and rustic charm, these handcrafted creations add warmth and character to any space, making them cherished treasures.",No,https://drive.google.com/file/d/1XIoq6vBbYt-Nj-5ftD1RjmjJyeLDQtZb/view?usp=drive_link,DC Handicraft
Gujarat,Beadwork,Junagadh,448,Secondary,handicraft,"Immerse yourself in the exquisite artistry of Junagadh's Beadwork, a testament to Gujarat's rich cultural tapestry. Crafted with intricate precision and vibrant hues, each beadwork piece narrates stories of tradition and craftsmanship. From intricate jewelry to ornate textiles, these beads embellish attire and decor with unparalleled elegance. Passed down through generations, Junagadh's Beadwork celebrates the region's artistic heritage.",No,https://drive.google.com/file/d/1yTBhR9Ml7WUhGFYrz6H67ColE1rXxm31/view?usp=drive_link,DC Handicraft
Gujarat,Handicraft Items,Kachch,449,Primary,handicraft,"Discover the intricate beauty of Kachch's Handicraft Items, each a masterpiece crafted with skill and passion. From vibrant textiles to ornate pottery, these creations reflect the region's rich cultural heritage and artistic tradition. Handwoven fabrics, intricate embroidery, and meticulously carved wooden artifacts showcase the craftsmanship and attention to detail that make Kachch's handicrafts truly special. Every piece tells a story, celebrating Gujarat's artistic legacy and timeless creativity.",Yes,https://drive.google.com/file/d/1tyupxJBsP5Yf62IWxTLl4dNWS0jFx2Z_/view?usp=drive_link,DC Handicraft
Gujarat,Ajrakh,Kachchh,449,Others,handicraft,"Renowned for its durability, intricate designs, and unique textures, Kachchh leather products are crafted using locally sourced hides, and are often adorned with hand-embellished patterns, mirror work, and traditional motifs.",No,https://drive.google.com/file/d/1MWlHcL7U8NxFBpNJKRONoe6LBiL7_YEX/view?usp=drive_link,Ministry of Textiles
Gujarat,Leather Work,Kachchh,449,Others,handicraft,"Ajrakh from Kachchh is a stunning example of traditional block printing, renowned for its intricate patterns and vibrant colors. This textile art form, which has been passed down through generations, uses natural dyes to create geometric and floral motifs, often in rich indigo, red, and black hues.",No,https://drive.google.com/file/d/12y5ZBGSPdRrrDy_oV-Atgez4EVWkL0-b/view?usp=drive_link,Ministry of MSME
Gujarat,Pottery,Morbi,673,Secondary,handicraft,"Unearth the timeless artistry of Gujarat's Morbi Pottery, a symbol of craftsmanship and heritage. Handcrafted by skilled artisans, each piece reflects the region's rich tradition and artistic prowess. From elegant vases to intricate sculptures, Morbi Pottery showcases a perfect blend of form and function. With vibrant colors and intricate designs, these pieces add a touch of sophistication to any space, embodying the essence of Gujarat's cultural legacy.",No,https://drive.google.com/file/d/18GVZlrnvMsfcv2g6ApcYIi2quF5LaBbI/view?usp=drive_link,DC Handicraft
Gujarat,Bamboo Products,Narmada,452,Secondary,handicraft,"Explore the eco-friendly allure of Gujarat's Narmada Bamboo Products, crafted sustainably from the region's lush bamboo groves. From intricately woven baskets to sturdy furniture, each item reflects the versatility and durability of bamboo. Nurtured by the Narmada River's fertile banks, these products embody Gujarat's commitment to nature conservation and traditional craftsmanship. With their natural beauty and functionality, Narmada Bamboo Products offer a glimpse into a greener, more sustainable future.",No,https://drive.google.com/file/d/1PRCPyGkC7mCfgM0VYsJ842bkjTDL-Los/view?usp=drive_link,DC Handicraft
Gujarat,Warli,Navsari,453,Secondary,handicraft,"Immerse yourself in the rich cultural tapestry of Gujarat's Navsari through Warli art, a captivating form of tribal expression. Originating from the Warli tribe, these intricate paintings depict scenes of daily life, nature, and folklore using simple geometric shapes and earthy hues. Passed down through generations, Warli art celebrates community, harmony, and the interconnectedness of humans with their environment, offering a window into the region's vibrant cultural heritage.",Yes,https://drive.google.com/file/d/1xtLBvtJZeyzqaTGSch-7vMh9MgE36Id-/view?usp=drive_link,DC Handicraft
Gujarat,Single Ikat weaving,Rajkot,457,Secondary,handicraft,"Experience the intricate artistry of Gujarat's Rajkot through Single Ikkat Weaving, a cherished textile tradition. Each fabric is meticulously crafted by skilled artisans, who intricately dye the yarn before weaving, creating stunning geometric patterns and vibrant designs. Celebrated for its elegance and craftsmanship, Single Ikkat Weaving reflects Rajkot's rich cultural heritage and commitment to preserving age-old traditions, making it a coveted treasure in the world of textiles.",No,https://drive.google.com/file/d/1iU9woKmkNR-pm9fsZa0n4418ec0BQqgI/view?usp=drive_link,DC Handicraft
Gujarat,Gems and Jewellery,Surat,459,Primary,handicraft,"Surat is known as the 'Diamond City of India'. With a legacy that spans centuries, Surat's gems and jewelry industry is a shining symbol of the city's unparalleled dedication to beauty, elegance, and luxury. From the intricately carved gemstones to the ornate gold and silver filigree work, every piece of jewellery is a stunning testament to the skill and expertise of Surat's master craftsmen.",No,https://drive.google.com/file/d/11Scbx5CbZg-EaxKmMjWzLT14hS8qpFWo/view?usp=drive_link,DC Handicraft
Gujarat,Zari and Zardosi,Surat,459,Secondary,handicraft,"Zari Zardozi, the opulent embroidery art form originating from the cultural hub of Surat, Gujarat, is a luxurious tapestry of gold and silver threads that gleam like rays of sunshine. Each Zari Zardozi creation is a stunning masterpiece of intricate needlework, adorned with precious gems and shimmering sequins that twinkle like stars in the night sky.",Yes,https://drive.google.com/file/d/1it-3uFXSsnYLRGx-qbN6gZEn8OEoM7sN/view?usp=drive_link,DC Handicraft
Gujarat,Sadeli,Surat,459,Tertiary,handicraft,"Sadeli is an ancient technique involves the painstaking layering of wood and ivory to create intricate geometric patterns, resulting in a kaleidoscope of colors and textures. The skilled artisans of Surat have honed this art over generations, using it to create a myriad of beautiful objects, from exquisite jewelry boxes to stunning picture frames.",Yes,https://drive.google.com/file/d/1SjgtAr-UcWYwgognZsJyLLEfW0HOLfLn/view?usp=drive_link,DC Handicraft
Gujarat,Bamboo Products,Tapi,641,Secondary,handicraft,"mbrace the sustainable allure of Gujarat's Tapi Bamboo Products, handcrafted with care from the region's abundant bamboo resources. From stylish furniture to eco-friendly utensils, each item reflects the versatility and durability of bamboo. Cultivated along the banks of the Tapi River, these products blend traditional craftsmanship with modern design, embodying Gujarat's commitment to environmental stewardship and innovative creativity. With their natural charm and functionality, Tapi Bamboo Products offer a greener lifestyle choice for conscientious consumers.",No,https://drive.google.com/file/d/1PRCPyGkC7mCfgM0VYsJ842bkjTDL-Los/view?usp=drive_link,DC Handicraft
Haryana,"Wooden Handicraft Items (Gift item, Furniture etc.)",Charkhi Dadri,701,Secondary,handicraft,"The wooden handicrafts of Charkhi Dadri are made by skilled craftsmen using various techniques and tools. These handicrafts include items such as carved furniture, wooden toys, decorative items, and utensils. The wood used in these handicrafts is mostly sourced from the nearby forests.",No,https://drive.google.com/file/d/1EynjYHXtpERnbm7yvyPcbL5NRLe1kM0j/view?usp=drive_link,DC Handicraft
Himachal Pradesh,Kangra Paintings,Kangra,18,Secondary,handicraft,"Kangra Paintings, from the Kangra district of Himachal Pradesh, are known for their intricate and detailed depictions of mythological and romantic themes. The paintings are characterized by their fine lines, delicate colors, and intricate brushwork.",Yes,https://drive.google.com/file/d/156Xm1tPU-3dYV-HeSb0Q60UyUX3ChJtc/view?usp=drive_link,DC Handicraft
Jammu and Kashmir,Wicker Willow,Ganderbal,626,Primary,handicraft,"The wicker willow from Ganderbal district of Jammu and Kashmir is a versatile and durable material, woven by skilled artisans using traditional techniques. The willow trees in Ganderbal grow abundantly along the valleys and riverbanks, benefitting from the region's fertile soil and ample water supply. Harvested sustainably, this material possesses not only strength and flexibility but also a natural beauty that adds rustic charm to baskets, furniture, and decorative accents.",No,https://drive.google.com/file/d/1JlhOCFlcX62HkJjMng8MoKzzCyups8Hu/view?usp=drive_link,DC Handicraft
Jammu and Kashmir,Basohli Painting,Kathua,7,Secondary,handicraft,"The Basholi painting from Kathua district of Jammu and Kashmir is a vibrant and intricate art form with a fascinating history. Basholi paintings originated in the 17th century and are believed to have been influenced by the Mughal and Rajput schools of art. Known for their intricate details, expressive themes, and vibrant colors, these paintings are true masterpieces. Skilled artists meticulously create them using traditional techniques and materials. Inspired by the region's cultural heritage, Basholi paintings often depict scenes from mythology, folklore, and daily life, capturing the essence of the region's history and traditions.",Yes,https://drive.google.com/file/d/1MaBCrMMbENkFJFiN3B-WpUgYwdJ_j_44/view?usp=drive_link,DC Handicraft
Jammu and Kashmir,Silk Carpet (Hand Knotted Carpet),Srinagar,13,Primary,handicraft,"The silk carpets from Srinagar district of Jammu and Kashmir are a true testament to the artistry and craftsmanship of skilled artisans. Srinagar is renowned for its silk production and is often referred to as the ""Silk Capital of India."" The carpets are meticulously woven using traditional techniques, showcasing intricate patterns and vibrant colors. Made from the finest silk fibers, these carpets have a lustrous sheen and a soft texture. Each piece is a unique masterpiece, symbolizing the region's rich cultural heritage and the artisans' dedication to their craft.",Yes,https://drive.google.com/file/d/1DiQfJQBPEWALYrTY9DNq3lt0y5q27wsG/view?usp=drive_link,DC Handicraft
Jharkhand,Woodcraft,Bokaro,322,Primary,handicraft,"Bokaro Woodcraft ranges from intricate wooden boxes, to beautiful and functional furniture pieces, adding both style and functionality to homes and offices. The woodcraft is made using sustainable methods and locally-sourced materials. This unique craft is highly valued for its quality, design and cultural significance.",No,https://drive.google.com/file/d/1qbR2zc_ETQu8C2d6-XWaC6Kn30JG7C-Z/view?usp=drive_link,DC Handicraft
Jharkhand,Bamboo,Dumka,326,Primary,handicraft,"Dumka is amongst the largest bamboo cluster in Jharkhand specialising in utility products such as mats, baskets and winnowing trays (Supa). Known for its strong, flexible and lightweight properties, Dumka Bamboo is a valuable resource, providing raw material for a variety of industries and livelihood opportunities for the people of Jharkhand.",No,https://drive.google.com/file/d/1uqw3PqSfwecShTGZNliGB_3wW5GV2O0R/view?usp=drive_link,DC Handicraft
Jharkhand,Carpets,Garhwa,328,Primary,handicraft,"Known for their intricate designs, rich colors, and soft texture, Garhwa Carpets are a popular choice for both residential and commercial use. The carpets are made using locally-sourced materials and sustainable methods. Garhwa is among the major carpets producing centres in India.",No,https://drive.google.com/file/d/1Q7QO8aFq22RqFaNq7WWH6yJoDX7R0VB2/view?usp=drive_link,DC Handicraft
Jharkhand,Sohrai Painting,Hazaribagh,332,Primary,handicraft,"Sohrai Painting is a traditional form of tribal art from the Hazaribagh district of Jharkhand. Sohrai paintings are created using natural pigments on the mud walls of homes, depicting the beauty of nature, local legends and customs, and daily life. These paintings are made by the women of the community and are an important part of their cultural heritage.",Yes,https://drive.google.com/file/d/1aTpkx7l5a-ZEkIVMKv8FClR6CkzkaJKP/view?usp=drive_link,DC Handicraft
Jharkhand,Paithkar Painting,Jamshedpur (East Singhbhum),327,Primary,handicraft,"Paithkar paintings are a traditional form of folk art of Jharkhand and a testament to the rich artistic heritage of the region. These exquisite paintings showcase intricate detailing and vibrant colors, reflecting the cultural traditions of the local community. Interestingly, each Paithkar painting is meticulously crafted using natural dyes extracted from organic sources, adding an eco-friendly touch to this artistic marvel.",No,https://drive.google.com/file/d/1pkW3Pqzou599iIREmlAZkj_aXO9cgzAG/view?usp=drive_link,DC Handicraft
Jharkhand,Lac,Khunti,606,Primary,handicraft,"Lac is a natural resin produced by tiny Lac insects that feed on the sap of trees. The lac resin is harvested and processed to produce a variety of products, including lac bangles, jewelry, toys, and other decorative items. In Jharkhand, the lac indsutry is quite developed and products from Khunti district are known for their high quality and unique designs, making them popular among tourists and locals alike.",No,https://drive.google.com/file/d/12zn-eilSbAqHGSDJ83Bw4kxwXZLKewP7/view?usp=drive_link,DC Handicraft
Jharkhand,Jute,Pakur,337,Primary,handicraft,"Produced from the finest quality jute plants, Pakur jute is grown and processed into high quality finished products. The jute plants are grown in well-irrigated fields and are tended carefully by local farmers, ensuring that the fibers produced are of the highest quality. The jute fibers are processed using traditional methods, which have been passed down through generations, to make an amazing range of jute products.",No,https://drive.google.com/file/d/1Cirk3y7_tj88sUvX4e-znQh7jtAAxH1V/view?usp=drive_link,DC Handicraft
Jharkhand,Jute,Sahibganj,340,Primary,handicraft,"Located on the banks of the Ganges River and surrounded by fertile land, Sahibganj district of Jharkhand is ideal for jute cultivation. Jute is a versatile plant used in the production of a variety of utility products such as bags, mats, ropes, and sacks. The jute industry in Sahibganj is one of the largest in India, employing a significant number of people and contributing to the local economy.",No,https://drive.google.com/file/d/1dGm6q4kVPi0VQwSkGwtyd1fcByOCOkSZ/view?usp=drive_link,DC Handicraft
Karnataka,Bidari ware,Bidar,529,Primary,handicraft,"Known for its intricate designs and unique black and silver color scheme, Bidriware from Bidar is crafted using a special alloy of zinc, copper, and tin, and involves a painstaking process of engraving, inlaying, and oxidizing. This art form that can be crafted into a wide variety of articles such as vases, boxes and bowls, which often feature elaborate designs and motifs.",Yes,https://drive.google.com/file/d/1RShZvrhRuFim4gOYw_VyPLbQ__x6U_y5/view?usp=drive_link,DC Handicraft
Karnataka,Coir products,Hassan,539,Primary,handicraft,"Whether used for practical or decorative purposes, coir products from Hassan are a sustainable and elegant addition to any home or workspace. Made from the fibers of the coconut husk, these products are durable, eco-friendly, and versatile. From sturdy ropes and mats to intricate baskets and home decor, coir products from Hassan showcase the region's creativity and attention to detail.",No,https://drive.google.com/file/d/1xA68Lr2AgfwlBSI3lXLgFsRx1dsGIFBB/view?usp=drive_link,DC Handicraft
Karnataka,Shivarapatna stone craft,Kolar,542,Secondary,handicraft,"Kolar district, steeped in history and known for its rich mineral wealth, embraces tradition while embracing modernity. Kolar's Shivarapatna stone craft thrives with artisans delicately carving intricate designs on local stone. Each piece reflects the region's rich cultural heritage and artistic finesse, showcasing centuries-old craftsmanship. These creations serve as timeless symbols of Kolar's tradition and creativity, adding a touch of elegance to any space they adorn.",No,https://drive.google.com/file/d/1udP9s46ERkkzcDhAaqIUKFB_PVRVYQY_/view?usp=drive_link,DC Handicraft
Karnataka,Kinhal Toys,Koppal,543,Primary,handicraft,"Kinhal toys from Koppal, Karnataka are a vibrant and whimsical craft used as playthings or decorative pieces. Made from locally sourced wood and painted with natural dyes, these toys are eco-friendly, safe, and sustainable. From intricate carvings and detailed painting to innovative designs and vibrant colors, Kinhal craft toys are a feast for the senses.",Yes,https://drive.google.com/file/d/1oe2YejQOf9dO_7r47I1yru6GYU-sHB7J/view?usp=drive_link,DC Handicraft
Karnataka,Rosewood inlay art,Mysuru (Mysore),545,Secondary,handicraft,"Mysore, renowned for its cultural heritage and regal splendor, showcases the exquisite Rosewood inlay art. Skilled artisans intricately carve and embed delicate patterns into Rosewood, creating stunning masterpieces. Each piece reflects Mysore's rich artistic legacy, blending tradition with innovation. The Rosewood inlay art from Mysore adds a touch of elegance and sophistication to any space, serving as a timeless symbol of craftsmanship and beauty.",Yes,https://drive.google.com/file/d/1VZcCEh2ThCy2eeqQmcE9kyR5MfWzr3uf/view?usp=drive_link,DC Handicraft
Karnataka,Channapatna Toys,Ramanagara,631,Primary,handicraft,"Channapatna toys are a unique and traditional craft from the town of Channapatna in Ramanagara district, Karnataka. Made from locally sourced ivory wood, these toys are painted with natural dyes and lacquered to create a glossy finish. They are known for their smooth texture and bright, vibrant colors, produced into a wide variety of toys, including dolls, spinning tops, and cars.",Yes,https://drive.google.com/file/d/1M3uF6y7d2l-e6XdOqrNzIwZ3weqfuA5h/view?usp=drive_link,DC Handicraft
Karnataka,Wooden Carving,Shivamogga,547,Secondary,handicraft,"Shivamogga is celebrated for its exquisite wooden carvings. Skilled artisans meticulously shape and embellish wood, breathing life into intricate designs and patterns. Each carving reflects the region's rich artistic heritage, blending traditional craftsmanship with contemporary aesthetics. Shivamogga's wooden carvings adorn homes and temples alike, serving as timeless expressions of beauty and cultural pride.",No,https://drive.google.com/file/d/1YdCqu-ono836Ff1V4QjYbYPS6KlLVMPn/view?usp=drive_link,DC Handicraft
Karnataka,Gems and Jewellery,Udupi,549,Secondary,handicraft,"Udupi is renowned for its exquisite gems and jewellry. Skilled artisans meticulously craft stunning pieces using precious stones and metals, reflecting the region's rich cultural heritage and craftsmanship. From intricate designs to contemporary styles, Udupi's gems and jewellry captivate with their timeless elegance and exquisite beauty, making them cherished treasures for generations to come.",No,https://drive.google.com/file/d/1SBtUr11G8YmNidg-7s8QpLOfAtvuzLDq/view?usp=drive_link,DC Handicraft
Kerala,Coir products,Alappuzha,554,Primary,handicraft,"Alappuzha, located in Kerala, is renowned as the heart of the state's thriving coir industry. In Alappuzha, one can witness the labor-intensive process of coconut husks being beaten to extract fibers used for creating beautiful mats and various coir products. This industry is the largest cottage industry in Kerala, offering employment opportunities to over a million people, with women primarily involved in yarn-spinning and men in product-weaving",Yes,https://drive.google.com/file/d/1OrB-XVfoZ3UrCoR2K9gLjrYdocwHlwMn/view?usp=drive_link,DC Handicraft
Madhya Pradesh,Zari Zardosi,Bhopal,396,Primary,handicraft,"Experience the captivating allure of Zari Zardosi, the mesmerizing embroidery that hails from the vibrant Bhopal district in Madhya Pradesh. Crafted with lustrous metallic threads and intricate precision, Zari Zardosi showcases the artistic brilliance of the region. This age-old embroidery, nurtured by generations of skilled artisans, symbolizes the cultural heritage and artistic legacy of Madhya Pradesh. Embrace the timeless elegance of Zari Zardosi, and immerse yourself in the enchanting traditions of this captivating state.",No,https://drive.google.com/file/d/1isvnMtfLF9zzT_vuuwmC6xVhGSA-0isN/view?usp=drive_link,DC Handicraft
Madhya Pradesh,Jute Products,Bhopal,396,Secondary,handicraft,"Embrace the enchanting allure of Jute, the versatile fiber sourced from the lush fields of Bhopal district in Madhya Pradesh. With its natural texture and rustic charm, Jute finds its place in fashion, crafts, and home decor. What makes it truly fascinating is its sustainable nature, grown and harvested with utmost care, reflecting Madhya Pradesh's deep-rooted commitment to eco-friendly practices. As a symbol of elegance and environmental consciousness, Jute stands as a testament to the region's inherent natural beauty.",No,https://drive.google.com/file/d/1fcnwdHKYN0mm_h400BZEC308aHytpa2x/view?usp=drive_link,DC Handicraft
Madhya Pradesh,Furniture - Wooden,Chhatarpur,398,Primary,handicraft,"Experience the regal splendor of Wooden Furniture, the exquisite craftsmanship from the lush forests of Chhatarpur district in Madhya Pradesh. With its fine grain and rich texture, Wood is a prized material for furniture and decor. Adorn your home with the elegance of this majestic material, expertly crafted by skilled artisans who have honed their craft over generations. As a symbol of the land's rich natural resources and legacy of fine craftsmanship.",No,https://drive.google.com/file/d/1jriGo1pKKepKo6KXxaOGO4KKHF7EPpOK/view?usp=drive_link,DC Handicraft
Madhya Pradesh,Bamboo,Dewas,402,Primary,handicraft,"Bamboo is a natural wonder that flourishes in the serene forests of Dewas district in Madhya Pradesh. With its sleek, slender form and incredible strength, Bamboo is a prized material for a wide range of products, from furniture to textiles. Cultivated with utmost care and harvested using traditional methods, this sustainable resource embodies the essence of the region's commitment to eco-friendly living.",No,https://drive.google.com/file/d/1elHC2by7SD7-3ME1HEdHSfbOrja6pcaF/view?usp=drive_link,DC Handicraft
Madhya Pradesh,Bamboo,Harda,408,Primary,handicraft,"Bamboo is a remarkable plant that thrives in the lush forests of Harda district in Madhya Pradesh. With its sturdy and flexible nature, bamboo is a versatile material that is used in a variety of products, from furniture to handicrafts. Harvested using sustainable methods, bamboo is a symbol of the region's commitment to preserving the environment and supporting local livelihoods.",No,https://drive.google.com/file/d/17iBFsgeSryYpSc9DO0r998rLDJ31jE_S/view?usp=drive_link,DC Handicraft
Madhya Pradesh,Bamboo,Rewa,424,Primary,handicraft,"Bamboo from Rewa district of Madhya Pradesh is a beautiful and versatile natural resource that has been used for various purposes for centuries. With its strong and flexible qualities, it is often used for making furniture, handicrafts, baskets, mats, and even buildings. The bamboo from Rewa district is known for its durability and strength, making it ideal for construction purposes. In addition to being strong, the bamboo from Rewa also has an attractive appearance with a natural sheen and a beautiful greenish-yellow color.",No,https://drive.google.com/file/d/1CdG-_e8Fvpp0KKqXp7dH6dAdfyDU2kdA/view?usp=drive_link,DC Handicraft
Madhya Pradesh,Wooden Toys and Handicraft,Sehore,427,Primary,handicraft,"Sehore district in Madhya Pradesh is famous for its exquisite wooden toys and handicrafts. The craftsmen of Sehore have been creating stunning wooden toys and handicrafts for generations using traditional techniques and skills passed down from their ancestors. The toys and handicrafts are made from high-quality wood, which is carefully selected to ensure durability and longevity. The wooden toys are known for their intricate designs and beautiful craftsmanship, and they are often painted with bright and vibrant colors.",No,https://drive.google.com/file/d/1pFJ2AforRd2J5TQxUNH9_CJpiFEKWTY3/view?usp=drive_link,DC Handicraft
Madhya Pradesh,Carpet (Panja Dari),Sidhi,433,Primary,handicraft,"Sidhi district of Madhya Pradesh is known for its exquisite carpets that are handwoven by skilled artisans using traditional techniques. These carpets are made from high-quality wool and feature intricate designs and patterns that are inspired by the rich cultural heritage of the region. The carpets of Sidhi are renowned for their durability and excellent craftsmanship. They are available in a range of colors and sizes, making them suitable for use in a variety of settings, from traditional to modern.",No,https://drive.google.com/file/d/1kVn6IBaK-U37bt9b99nIXP9NRu9mwyKY/view?usp=drive_link,DC Handicraft
Maharashtra,Bamboo Products,Chandrapur,473,Secondary,handicraft,"From the traditional craftsmanship of indigenous communities weaving sturdy baskets and elegant mats to the contemporary production of eco-friendly furniture and décor, Chandrapur’s bamboo heritage is deeply interwoven with its cultural fabric. Today, Chandrapur is a thriving center for bamboo products, celebrated for their sustainability, versatility, and artistry. The district’s abundant bamboo forests fuel a vibrant cottage industry, empowering artisans and supporting rural livelihoods. With skill passed down through generations and innovation shaping modern designs, Chandrapur’s bamboo craftsmen continue to transform this green resource into creations that are both timeless and relevant",No,https://drive.google.com/file/d/1uUiSkSJErb3CHtuk9l31GdkID3aFuqeO/view?usp=sharing,DC Handicraft
Maharashtra,Bamboo Articles,Gondia,476,Secondary,handicraft,"The Bamboo articles of Gondia are not merely products; they are a testament to the craftsmanship and artistry deeply rooted in this land. From intricately woven baskets to sturdy furniture, every creation is a blend of traditional techniques and contemporary designs, reflecting the dynamic spirit of this region. By promoting these articles, we not only celebrate Gondia's artistic legacy but also support its eco-friendly ethos.",No,https://drive.google.com/file/d/1VgfsEqHrmcLVfX8vSncuxptLehvBXlY-/view?usp=drive_link,DC Handicraft
Maharashtra,Leather,Mumbai City,482,Secondary,handicraft,"In the bustling district of Mumbai, Maharashtra, the art of leather craftsmanship thrives amidst the vibrant chaos of the city. Here, tanneries and workshops breathe life into raw hides, transforming them into exquisite, high-quality pieces of leather that tell tales of tradition and skill. It is a rich tapestry of old-world charm and modern innovation, where artisans blend age-old techniques with contemporary designs.",No,https://drive.google.com/file/d/1KLScWma2EGQ0VrKw2ZtRG1yyBTFHXdM8/view?usp=drive_link,DC Handicraft
Manipur,Handicrafts - Tribal,Churachandpur,254,Primary,handicraft,"Handcrafted tribal products from Churachandpur, Manipur embody Northeast India's creativity and heritage. Skilled artisans use traditional techniques and local materials to create unique pieces with cultural significance. From textiles to woodworks, these products captivate with their beauty and stories. Each is a masterpiece, showcasing remarkable craftsmanship and artistic expression from Churachandpur.",No,https://drive.google.com/file/d/1wHfu0tLgsQbwXw-5OPQuACOFy78CrOfj/view?usp=drive_link,DC Handicraft
Manipur,Toys- Laiphadibi,Imphal West,256,Primary,handicraft,"Crafted with care and attention to detail, these handmade toys reflect the vibrancy of Manipuri heritage. From intricately designed dolls to playful figurines, each piece carries a story of craftsmanship passed down through generations. Laiphadibi toys not only entertain but also serve as cultural ambassadors, preserving the rich tapestry of Manipuri folklore and craftsmanship.",No,https://drive.google.com/file/d/1qeAc8azjGFFQUGl4_8qbtqAVOjQABSmm/view?usp=drive_link,DC Handicraft
Manipur,Bamboo,Jiribam,713,Primary,handicraft,"Bamboo from Jiribam, Manipur, showcases the remarkable versatility and beauty of this plant. Harvested with care, it possesses unmatched elegance and grace. Its strength and lightweight nature make it perfect for various uses, including construction, furniture, art, and crafts. The unique texture and intricate grain bring harmony and tranquility to any setting.",No,https://drive.google.com/file/d/16dMAchgjUlvGJY8JrtyBR_o-Fn_rZiAp/view?usp=drive_link,DC Handicraft
Manipur,Bamboo,Tengnoupal,716,Primary,handicraft,"Tengnoupal, Manipur's bamboo is a magnificent and versatile resource, symbolizing the region's forest beauty and resilience. Revered for its strength, it's harvested with care by local artisans. Transformed into functional and decorative objects, its unique texture and grain patterns make it cherished in homes and collections.",No,https://drive.google.com/file/d/1DhTtNHZdpRaOCjEtCh3zXNg1lisOs-2A/view?usp=drive_link,DC Handicraft
Meghalaya,Cane & Bamboo Handicrafts,East Khasi Hills,274,Secondary,handicraft,"Expertly crafted by local artisans, these handicrafts include a variety of items such as baskets, mats, furniture, and decorative pieces, all made using locally sourced cane and bamboo from East Khasi Hills.",No,https://drive.google.com/file/d/1Ll36oFwGd5dXuVadKlTFX3g-mLzV0Oxb/view?usp=drive_link,Ministry of MSME
Meghalaya,Cane & Bamboo Products,Eastern West Khasi Hills,740,Secondary,handicraft,"Cane and Bamboo Products from Eastern West Khasi Hills in Meghalaya are a beautiful testament to the region’s rich craftsmanship and sustainable living.The skilled artisans of Eastern West Khasi Hills preserve traditional techniques, ensuring each piece is a unique creation that embodies the cultural heritage and artistic traditions of the region.",No,https://drive.google.com/file/d/1Ll36oFwGd5dXuVadKlTFX3g-mLzV0Oxb/view?usp=drive_link,Ministry of MSME
Meghalaya,Black Pottery (Khiew Ranei),West Jaintia Hills,275,Secondary,handicraft,"Known for its distinctive dark hue and smooth texture, Black Pottery is made from local clay, which is skillfully shaped and fired using traditional methods. Artisans from West Jaintia Hills create a variety of items, including pots, vases, and decorative pieces, all characterized by their sleek, black finish and intricate hand-carved patterns.",No,https://drive.google.com/file/d/1asP2_N3je6F_fcLC_W5X7h2Z-KYwrADc/view?usp=drive_link,Ministry of MSME
Meghalaya,Cane & Bamboo Handicrafts (Mats),West Khasi Hills,279,Secondary,handicraft,"Made from locally sourced cane and bamboo from West Khasi Hills, these mats are skillfully woven by artisans using traditional techniques passed down through generations. Known for their durability, intricate patterns, and eco-friendly nature, the mats are not only functional but also serve as beautiful decorative pieces.",No,https://drive.google.com/file/d/1niOyPT9dGsAEl7wKAzYcOXPeKc9_Le0d/view?usp=drive_link,Ministry of MSME
Nagaland,Bamboo,Dimapur,244,Secondary,handicraft,"Dimapur, Nagaland's commercial hub, is renowned for its abundant bamboo resources. Bamboo plays a vital role in the cultural and economic fabric of Dimapur, utilized by skilled artisans to create beautiful handicrafts including baskets, mats, hats, and furniture. These functional creations showcase the artistic sensibilities of the local communities.",No,https://drive.google.com/file/d/1R6QxRBEv7kD6ts-ZxdvI-KBbLdsURINk/view?usp=drive_link,DC Handicraft
Nagaland,Bamboo,Mon,247,Tertiary,handicraft,"Mon district of Nagaland is known for its rich bamboo resources, and bamboo-based products are an integral part of the local economy and culture. Various products made from bamboo, such as baskets, mats, hats, furniture, and handicrafts, are widely produced and sold in the region. The bamboo products from Mon Nagaland are not only aesthetically pleasing but also durable and eco-friendly.",No,https://drive.google.com/file/d/18tWDvxwwciENlRwEFpJjJsjZDp6rKg79/view?usp=drive_link,DC Handicraft
Nagaland,Handicraft,Mon,247,Others,handicraft,"Mon district of Nagaland is known for its rich cultural heritage and traditional handicrafts. The region is home to several tribes, each with its unique craft forms. One of the most famous handicrafts of Mon is the creation of intricately designed wood carvings. The skilled artisans of Mon create beautiful wooden sculptures, masks, and furniture that reflect the rich cultural traditions of the region.",No,https://drive.google.com/file/d/175eT7jh7xd57j8I6xPdJvQoHb2Ag0ojT/view?usp=drive_link,DC Handicraft
Nagaland,Handicraft,Noklak,736,Tertiary,handicraft,"The people of Noklak are known for their exceptional skills in traditional handicrafts such as weaving, pottery, wood carving, and basketry. handicrafts in Noklak include the creation of beautiful earthen pots, bamboo baskets, and wooden utensils. These handicrafts are not only used for daily needs but also serve as an important source of income for the local people.",No,https://drive.google.com/file/d/1pqBwVMgiNF9purRe-Cf6CumNgZgWQ88a/view?usp=drive_link,DC Handicraft
Nagaland,Handicraft,Peren,613,Secondary,handicraft,"The handicrafts of Peren are not just functional objects but are also a form of artistic expression. The artisans of Peren create intricate designs and patterns on their handicrafts that reflect the natural beauty of the region, as well as their cultural identity and beliefs. The handicrafts of Peren have also gained recognition beyond the region, with many of them being sold in markets across India and even abroad.",No,https://drive.google.com/file/d/1p4zdpJL2rsk-HHbZggkugsYFCloSMalS/view?usp=drive_link,DC Handicraft
Nagaland,Wood/Bamboo,Phek,248,Secondary,handicraft,"Phek district of Nagaland is known for its abundant natural resources, including both wood and bamboo. The forests of Phek are home to various species of trees, including teak, sal, and bamboo. Woodcarving is a popular craft in the region, with artisans creating intricate sculptures, masks, and furniture. Bamboo is used to make baskets, mats, hats, and other household items.",No,https://drive.google.com/file/d/1r03AqGt7OObo-I39AqoBkxyLpPOSPh0G/view?usp=drive_link,DC Handicraft
Odisha,Terracotta,Angul,344,Primary,handicraft,"Terracotta from Angul, Odisha, is a traditional craft that showcases the region’s rich cultural heritage and artisanal expertise. Made from locally sourced clay, these handcrafted terracotta pieces are known for their earthy tones, intricate designs, and versatile applications.",No,https://drive.google.com/file/d/1VBYOaSXQlgn9ldb6308GwcrMvEachT1d/view?usp=drive_link,DC Handicraft
Odisha,Stone Craft,Balasore,345,Secondary,handicraft,"Balasore district is known for its exquisite stone craft. The district has a rich tradition of stone carving and sculpting that dates back centuries. Skilled artisans in Balasore create intricate and detailed sculptures and carvings using locally sourced stone. These works of art are highly sought after for their beauty and craftsmanship. Stone craft from Balasore is used to decorate homes, temples, and public spaces.",No,https://drive.google.com/file/d/1Diz5pz89O8iHdXVA3SpuWaDT0d5TPToR/view?usp=drive_link,DC Handicraft
Odisha,Silver Filigree (Tarakashi Art),Cuttack,350,Primary,handicraft,"Cuttack district is known for its exquisite Silver Filigree (Tarakashi Art). The district has a rich tradition of silver filigree work that dates back centuries. Skilled artisans in Cuttack create intricate and detailed jewellery and decorative items using fine silver wire. These works of art are highly sought after for their beauty and craftsmanship. Silver Filigree (Tarakashi Art) from Cuttack is used to make jewellery, home decor items, and other decorative objects.",Yes,https://drive.google.com/file/d/1Km80SL604rAdVN_uTRV76nhO0L7Pi94l/view?usp=drive_link,DC Handicraft
Odisha,Handicrafts,Dhenkanal,352,Primary,handicraft,"Dhenkanal has an ancient tradition of art and culture. The district’s handicraft industry is widely acclaimed for its finesse. Some of the handicrafts produced in Dhenkanal include Dokra casting works, Brass/Bell Metal works, Horn works, Straw works, Wood and stone carvings, Bamboo works, Tribal Jewellery works, Silver filigree works and Artistic pottery works.",No,https://drive.google.com/file/d/1UR3_kDpm8Ffda2R9o8FYE3KADk_f73rA/view?usp=drive_link,DC Handicraft
Odisha,Stone Carving,Jajpur,356,Primary,handicraft,"Jajpur, an artistic hub in Odisha, is renowned for its intricate stone carvings. Skilled artisans in Jajpur sculpt magnificent creations, ranging from temple facades to decorative artifacts. Jajpur's stone carvings are inspired by ancient architectural styles and mythological narratives, preserving the cultural legacy of the region in enduring and captivating stone masterpieces.",No,https://drive.google.com/file/d/1mr6C69rco0GfiujYJuvobZHrs5gc8ZH2/view?usp=drive_link,DC Handicraft
Odisha,Handicraft,Jajpur,356,Secondary,handicraft,"Jajpur district in Odisha is celebrated for its exquisite handicrafts. The skilled artisans of Jajpur create captivating pieces using traditional techniques passed down through generations. Jajpur's handicrafts encompass a wide range of materials, including terracotta, stone, and wood, showcasing the region's rich cultural heritage and artistic diversity.",No,https://drive.google.com/file/d/1LXEm9uIhlv3R-BOVAPJvtmm_29zaQEN-/view?usp=drive_link,DC Handicraft
Odisha,Handicraft (Wood Carving),Kalahandi,358,Primary,handicraft,Kalahandi is famous for its unique wood craft which combines both folk and classical forms. The artisans of Kalahandi breathe life into carefully selected pieces of wood and transform them into beautiful objects of art. Woodcarving is a technique that has a 5000-year-old history in Kalahandi. The naturally growing high-quality teak wood in the vicinity provides perfect carving material for various decorative items.,No,https://drive.google.com/file/d/15lIeU7G-oOIMsRy4YX-YDxF9s3a239cT/view?usp=drive_link,DC Handicraft
Odisha,Golden Grass Product,Kendrapara,360,Primary,handicraft,"Golden Grass, abundantly found in the riverside villages of Kendrapara district, grows up to a height of approximately 5-6 feet. Its striking natural golden hue lends itself to the creation of exquisite craft items. Skilled artisans skillfully weave this grass into eco-friendly and biodegradable products, including mats, baskets, boxes, wall hangings, and hats, showcasing both the district's artistic heritage and commitment to sustainability.",No,https://drive.google.com/file/d/1UxpeTk9bx19MlKaQkkHL6fAmUHXNzDfd/view?usp=drive_link,DC Handicraft
Odisha,Terracotta,Kendujhar (Keonjhar),361,Primary,handicraft,"Terracotta from Kendujhar, Odisha, is a distinguished craft known for its earthy charm and intricate craftsmanship. Made from the rich, natural clay found in the region, these terracotta items, ranging from traditional pots to decorative figurines, are crafted by skilled artisans using age-old techniques passed down through generations.",No,https://drive.google.com/file/d/1VBYOaSXQlgn9ldb6308GwcrMvEachT1d/view?usp=drive_link,DC Handicraft
Odisha,Handicrafts (Stone Carving),Khurda,362,Secondary,handicraft,"Stone Carvings from Khurda, Odisha, are a striking representation of the region’s rich artistic heritage and craftsmanship. Using locally sourced stone, skilled artisans meticulously carve intricate designs, including religious motifs, figures, and ornamental patterns, reflecting the cultural and historical significance of Khurda.",No,https://drive.google.com/file/d/1-kXEV47nUnhjmU6wDJIv2ARsAAuqytKi/view?usp=drive_link,DC Handicraft
Odisha,Handicrafts (Pattachitra),Khurda,362,Tertiary,handicraft,"Pattachitra from Khurda, Odisha, is a traditional form of painting known for its intricate details and mythological themes. Pattachitra from Khurda is celebrated for its artistic precision and cultural significance, making it a cherished craft that reflects the rich heritage and storytelling tradition of the region.",Yes,https://drive.google.com/file/d/1CE0dolI_TyVO5CEsD4L121CNkPCOZDz9/view?usp=drive_link,DC Handicraft
Odisha,Handicrafts (Palm Leaf Engraving),Khurda,362,Others,handicraft,"Palm Leaf Painting from Khurda, Odisha, is a unique and intricate form of art that reflects the region’s rich cultural and artistic traditions. Created on dried palm leaves, these paintings are known for their delicate carvings and detailed depictions of religious themes, mythological stories, and everyday life.",No,https://drive.google.com/file/d/1bd4dt06sx9vT_cVJbZcRsHWEKwihhjgX/view?usp=drive_link,DC Handicraft
Odisha,Tribal Jewellery,Malkangiri,364,Secondary,handicraft,"Worn by the tribal communities of Malkangiri, the jewelry often includes necklaces, earrings, bangles, and headpieces, each carrying a cultural story or spiritual meaning. The craftsmanship of Malkangiri’s tribal jewelry reflects the deep-rooted traditions and artistry of the region, making it a celebrated form of cultural expression and an important part of the tribal way of life.",No,https://drive.google.com/file/d/1fj20QSenG-bt55Ijtz3gBJIAjZcunaRo/view?usp=drive_link,DC Handicraft
Odisha,Brass and Bell Metal,Nayagarh,367,Primary,handicraft,"Nayagarh district in Odisha is known for its exquisite brass and bell metal craft. The craft is often passed down through generations, with many families involved in metalworking for centuries. The metal is sourced locally and is melted using traditional techniques and moulded into various shapes using specialized tools. The finished products include utensils, figurines, bells, and lamps, among others.",No,https://drive.google.com/file/d/1F3TN-3Pteeb5cfq97JIU75UYww4ZZ-fZ/view?usp=drive_link,DC Handicraft
Odisha,Orissa Pattachitra,Puri,369,Primary,handicraft,"Pattachitra is a unique style of painting that originated in the state and is characterized by intricate and vibrant depictions of Hindu mythology and folklore. The art is practised by skilled artisans who use natural pigments and brushes made of animal hair to create the paintings on cloth, canvas, or paper. The Pattachitra paintings are known for their detailed work, bright colours, and fine lines, and often depict stories from epics.",Yes,https://drive.google.com/file/d/1YFQzBjpZbOUG01NHBtsz3gcd7oIERU56/view?usp=drive_link,DC Handicraft
Odisha,Sambalpuri Fabric Jewellery,Sambalpur,371,Tertiary,handicraft,"Sambalpuri Fabric Jewellery from Sambalpur, Odisha, is a unique fusion of traditional craftsmanship and contemporary design. Crafted using the iconic Sambalpuri handwoven fabrics, known for their intricate patterns and vibrant colors, this jewelry showcases the rich textile heritage of the region.",No,https://drive.google.com/file/d/1NQCpBOztJs3YKFynCsknT0ImH8LGf4G6/view?usp=drive_link,DC Handloom
Odisha,Bamboo Craft,Sundergarh,373,Primary,handicraft,"Sundergarh’s bamboo craft is celebrated for its fine detailing, eco-friendly nature, and sustainable use of natural resources. Skilled artisans use locally sourced bamboo to create a wide range of functional and decorative items, including baskets, mats, furniture, and intricate sculptures.",No,https://drive.google.com/file/d/1HZxsWu3Lb25UDdlAVw3fgCgbu70FZul8/view?usp=drive_link,DC Handicraft
Puducherry,Coir Products,Mahe,599,Primary,handicraft,"The coir industry is one of the major industries in Mahe, with several small-scale and large-scale units engaged in the production of coir products. Coir products are made from the fibers extracted from the outer husk of coconut. The coir industry in Mahe produces a range of products such as coir mats, rugs, carpets, mattresses, and erosion control blankets. These products are eco-friendly, biodegradable, and have a wide range of applications in agriculture, construction, and home décor.",No,https://drive.google.com/file/d/1At21wlK3MvmLTcHy-kXOEfgHXjzzrgvL/view?usp=drive_link,DC Handicraft
Punjab,Plywood/ Wood Inlay Products,Hoshiarpur,33,Secondary,handicraft,"Hoshiarpur, a district located in the state of Punjab, India, is known for its production of plywood inlay products. The district has a large number of units that specialize in the production of various plywood inlay products such as flooring, wall paneling, furniture, and decorative items. The plywood inlay products produced in Hoshiarpur are known for their intricate designs, durability, and high-quality finish.",No,https://drive.google.com/file/d/175svmuFTynW37KNDcxaJ9H4zvDUlfwTM/view?usp=drive_link,DC Handicraft
Punjab,Leather,Jalandhar,34,Others,handicraft,"Jalandhar is known for its vibrant culture and diverse industries. One of the prominent industries in Jalandhar is leather production, with a number of tanneries and leather goods manufacturers operating in the city. The leather produced in the region is of high quality and is used to make a range of products, including shoes, bags, belts, and jackets.",No,https://drive.google.com/file/d/1jp5Up-flQ0n9LE6nmP9IDVPAmRDvAOQG/view?usp=drive_link,DC Handicraft
Punjab,Sculptures,Sahibzada Ajit Singh Nagar/Mohali,608,Secondary,handicraft,"Sahibzada Ajit Singh Nagar/ Mohali district is known for its sculptures, which are crafted by skilled artisans. These sculptures are made from a variety of materials such as stone, metal, and wood, and range from small decorative pieces to large public installations. The district is home to many workshops and studios where sculptors create these works of art. Many of the sculptures depict local cultural motifs, religious figures, and historical events, reflecting the rich heritage of the region.",No,https://drive.google.com/file/d/1yTKue8JaK3miRR8Co2JApru2G-FnZsL4/view?usp=drive_link,DC Handicraft
Rajasthan,Wooden Handicraft Products,Jhunjhunu,106,Primary,handicraft,"The wood products from Jhunjhunu district of Rajasthan are a true testament to the rich cultural heritage and traditional craftsmanship of the region. Skilled artisans use high-quality wood, including teak, rosewood, and mango wood, to create an array of stunning products that are both functional and beautiful. From intricately carved wooden doors and window frames to elegant furniture pieces and decorative items, the wood products from Jhunjhunu are known for their durability, strength, and beauty. Each piece is unique, showcasing the natural patterns and textures of the wood, and is carefully crafted to the highest standards of quality and craftsmanship.",No,https://drive.google.com/file/d/1vZv5dZOSHtKuvmKsVjUmnJG_Dt3-mtSJ/view?usp=drive_link,DC Handicraft
Rajasthan,Wooden Furniture Products,Jodhpur,107,Primary,handicraft,"Jodhpur district of Rajasthan is renowned for its exquisite furniture handicrafts that blend traditional craftsmanship with modern aesthetics. From intricately carved wooden chests to elegantly upholstered sofas, Jodhpur furniture exudes a regal charm that is both timeless and sophisticated. With a focus on quality materials and attention to detail, Jodhpur furniture makers create pieces that are not only functional but also works of art. Whether you're looking to add a touch of Indian-inspired luxury to your home or office, Jodhpur furniture handicraft products are sure to impress.",No,https://drive.google.com/file/d/1i1hAc70vxWziZqIypnItPy2EsjvyQp3y/view?usp=drive_link,DC Handicraft
Rajasthan,Thewa Jewellery,Pratapgarh,629,Primary,handicraft,"Thewa art from Pratapgarh district of Rajasthan is a stunningly intricate and elegant form of jewelry-making that involves fusing gold onto colored glass to create intricate designs and patterns. The technique dates back over 400 years and has been passed down through generations of skilled artisans. Thewa jewelry is known for its delicate beauty and timeless elegance, with each piece showcasing a level of craftsmanship that is unmatched in the world of jewelry-making. The artistry of Thewa jewelry lies in the precision and attention to detail that goes into each piece, with designs ranging from traditional motifs to more contemporary styles.",Yes,https://drive.google.com/file/d/1IuJsGynlJzZKDCASCM3qKbULQFUL8iNS/view?usp=drive_link,DC Handicraft
Rajasthan,Wooden Furniture Products,Sikar,114,Primary,handicraft,"Antique furniture from Sikar district of Rajasthan is a stunningly beautiful and valuable art form that reflects the region's rich cultural heritage and history. The district is known for its intricate and exquisite wooden furniture, which features unique designs and motifs that have been passed down through generations of skilled craftsmen. The furniture is made from the highest quality hardwoods, including teak, rosewood, and mango wood, which are expertly carved and finished to create elegant and timeless pieces. Each antique piece of furniture is a true work of art, with intricate carvings and designs that showcase the skill and creativity of Rajasthan's master craftsmen.",No,https://drive.google.com/file/d/1TM94e8MDrz15z_TSuTUQb2tzhsdpb7K3/view?usp=drive_link,DC Handicraft
Rajasthan,Marble Products,Sirohi,115,Primary,handicraft,"Marble articles from Sirohi district of Rajasthan are a stunningly beautiful and elegant form of artwork that showcase the region's rich cultural heritage and artistic traditions. The district is renowned for its high-quality marble, which is expertly carved and finished by skilled craftsmen to create intricate and delicate designs. Marble articles from Sirohi are available in a wide range of designs and styles, from traditional motifs to more contemporary patterns, with each piece showcasing the skill and creativity of Rajasthan's master craftsmen. The natural beauty of the marble, combined with the intricate designs and attention to detail, make these articles a true work of art.",No,https://drive.google.com/file/d/13EUdwarhilum1e7Ojyq3h4sl-QuoRz3J/view?usp=drive_link,DC Handicraft
Sikkim,Handloom and Handicraft,East Sikkim (Gangtok),225,Tertiary,handicraft,"In the serene hills of Gangtok district in Sikkim, traditional craftsmanship thrives in the form of exquisite handloom and handicrafts. Skilled weavers meticulously craft intricate designs on fabrics like cotton, wool, and silk, creating mesmerizing shawls, wraps, and carpets. Artisans carve wood into stunning sculptures, fashion bamboo into functional art pieces, and mold clay into pottery that is both utilitarian and beautiful.",No,https://drive.google.com/file/d/1gALNouwIqo4tLv0eqcBQTb9MujtvzYCS/view?usp=drive_link,DC Handicraft
Tamil Nadu,Handicraft Products,Perambalur,581,Secondary,handicraft,"Perambalur’s handicraft products boast exceptional craftsmanship, showcasing the artistic dexterity of its local artisans. Predominantly made from locally sourced materials, these items include intricately woven textiles, detailed wooden carvings, and exquisite pottery. Each piece is a reflection of the region's cultural narratives, merging traditional techniques with contemporary aesthetics to create both functional and decorative items.",No,https://drive.google.com/file/d/1bZ8aEBqtlMP9R1VXAOKn2AEC3JTQDtA5/view?usp=drive_link,DC Handicraft
Tamil Nadu,Leather Products,Ranipet,731,Primary,handicraft,"Discover the epitome of craftsmanship in Ranipet, Tamil Nadu, renowned for its thriving leather industry. Equipped with state-of-the-art infrastructure, advanced technologies, and a skilled workforce, the region is a sought-after destination for leather production. With its unique climate and fertile soil, Ranipet excels in rearing livestock and producing top-quality leather. The leather products from Ranipet are celebrated for their exceptional quality, durability, and unmatched craftsmanship, embodying the legacy of fine leather goods.",Yes,https://drive.google.com/file/d/19_Ha8ajL3Ze3Qs4DjI60t0-HzCmkJLH0/view?usp=drive_link,DC Handicraft
Tamil Nadu,Silver Jewellery,Salem,584,Primary,handicraft,"Indulge in the allure of Salem's exquisite silver jewelry industry. Skilled artisans combine traditional and modern techniques to create beautiful and intricate pieces that stand the test of time. The silver used is meticulously sourced and subjected to stringent quality control, ensuring only the finest material is employed. The jewelry from Salem showcases exquisite craftsmanship, intricate designs, and an elegant finish, making it a coveted choice for discerning jewelry enthusiasts.",No,https://drive.google.com/file/d/1Ou2SjDOwTTfL2OyY2xXx3QuJVdMygFFz/view?usp=drive_link,DC Handicraft
Tamil Nadu,Salem Silk,Salem,584,Secondary,handicraft,"Salem, a city in Tamil Nadu, is famous for its handwoven silk fabrics, which are known for their exquisite craftsmanship, vibrant colors, and luxurious feel. The designs on the sarees range from intricate temple borders to bold geometric patterns, and the colors range from classic shades of red and gold to contemporary hues such as teal and purple. The Salem silk industry has a rich history, dating back several centuries, and has been a significant part of the region's economy and culture.",Yes,https://drive.google.com/file/d/14c9CFQhpzlD5Tafj-dz4x0WQC0hQknCS/view?usp=drive_link,DC Handicraft
Tamil Nadu,Coir Products,Sivagangai,585,Primary,handicraft,"Discover the essence of Sivaganga, Tamil Nadu, renowned for its thriving coir industry. The region's tropical climate and fertile soil create an ideal setting for cultivating coconuts, from which high-quality coir is extracted. Equipped with advanced technologies, skilled workers, and state-of-the-art infrastructure, Sivaganga stands as a leading coir production hub. The coir products manufactured here are celebrated for their durability, eco-friendliness, and versatility, embodying the legacy of sustainable and versatile materials.",No,https://drive.google.com/file/d/1Jpdn9nwI5p-_2iWQatsTFfjAaIJzSbW5/view?usp=drive_link,DC Handicraft
Tamil Nadu,Coir pith block,Tenkasi,733,Primary,handicraft,"Nestled in the idyllic town of Tenkasi in Tamil Nadu, the coir pith block industry has flourished to become a leading producer of premium coir pith blocks. Known for their exceptional water-holding capacity, coir pith blocks are made from the natural fibers of coconut husks and are highly sought-after for their organic properties, making them ideal for horticultural and agricultural use. The industry is committed to sustainable and eco-friendly practices, utilizing natural resources and reducing waste, making Tenkasi a role model for the global coir pith block industry.",No,https://drive.google.com/file/d/1XuZJQ1gmlZJzkbHopUUafTJz3ldFddy4/view?usp=drive_link,DC Handicraft
Tamil Nadu,Handicraft & handloom,Thanjavur,586,Secondary,handicraft,"Thanjavur, a city in the southern Indian state of Tamil Nadu, is renowned for its exquisite handicrafts and handloom products that are the epitome of traditional artistry and fine craftsmanship. Skilled artisans and weavers in Thanjavur use age-old techniques and natural materials to create stunning products that reflect the region's rich cultural heritage. From intricately woven silk sarees to beautifully carved wooden handicrafts, each product is a masterpiece of elegance and beauty.",Yes,https://drive.google.com/file/d/1eSY_ixbQlTEPkrPyutqBCKcd0OQNBAvu/view?usp=drive_link,DC Handicraft
Tamil Nadu,Leather Products,Tiruchi (Thiruchirappalli),591,Secondary,handicraft,"The bustling city of Thiruchirappalli in Tamil Nadu is home to an illustrious leather industry that produces some of the finest leather goods in East India. The skilled craftsmen of the region have honed their art over generations, perfecting the techniques of tanning and finishing that give the leather its distinctive texture and durability. From chic handbags and wallets to sturdy belts and shoes, the leather products of Thiruchirappalli are renowned for their quality, style, and longevity.",Yes,https://drive.google.com/file/d/1OyvfP3PAfBsH3kUnpi9XVnv1pvPPwo75/view?usp=drive_link,DC Handicraft
Tamil Nadu,Leather products,Tirupathur,732,Primary,handicraft,"Tirupathur is known for its exquisite leather products that are the epitome of traditional craftsmanship and style. The skilled artisans in Tirupathur use natural materials and traditional techniques to create stunning leather products that are known for their durability, elegance, and timeless appeal. From intricately designed leather bags and wallets to finely crafted shoes and belts, each product is a masterpiece of fine craftsmanship that reflects the region's rich cultural heritage.",Yes,https://drive.google.com/file/d/107n6mAB1B8MrczloneFdboVncEv2ly0H/view?usp=drive_link,DC Handicraft
Tamil Nadu,Leather Products,Vellore,595,Primary,handicraft,"Experience the craftsmanship of Vellore, renowned for its thriving leather industry. Skilled artisans have mastered the art of creating high-quality leather products that stand the test of time. From stylish handbags and wallets to sturdy boots and shoes, each piece is meticulously crafted using traditional techniques of tanning, dyeing, and finishing. The finest hides are carefully sourced, imbued with natural essence, and transformed into functional and fashionable creations, showcasing the timeless allure of Vellore's leather goods.",Yes,https://drive.google.com/file/d/1RzLxESaikM7pefHFRlB-ehrU1fcNHY7B/view?usp=drive_link,DC Handicraft
Telangana,Brass Artifacts,Jangaon,689,Primary,handicraft,"The skilled artisans of Jangaon create magnificent works of art with brass, using their expert craftsmanship and attention to detail to produce intricate and ornate designs. Each artifact is a masterpiece, reflecting the town's rich cultural heritage and artistic traditions. From decorative figurines to elegant home decor, Jangaon's brass artifacts add a touch of opulence and elegance to any space.",No,https://drive.google.com/file/d/1YSl1HYEdDWvln9FOdrsqWxLPI0sFgbkD/view?usp=drive_link,DC Handicraft
Telangana,Silverfiligree,Karimnager,508,Secondary,handicraft,"Karimnagar, steeped in cultural richness, is renowned for its exquisite silver filigree craftsmanship. Skilled artisans delicately weave intricate patterns from fine silver wires, creating stunning pieces of jewelry and decorative items. Each creation reflects the region's rich heritage and meticulous attention to detail, making Karimnagar's silver filigree a cherished art form celebrated for its beauty and craftsmanship worldwide.",Yes,https://drive.google.com/file/d/1zB1yolHEymzZswCBISNeb11UcA27M3wP/view?usp=drive_link,DC Handicraft
Telangana,Cheriyal Paintings,Siddipet,692,Secondary,handicraft,"Cheriyal paintings are made on cloth and are known for their intricate details and vibrant colors. The themes of the paintings are usually inspired by Hindu mythology and folklore. The artists use natural dyes and colors made from flowers, vegetables, and minerals to create the paintings.",Yes,https://drive.google.com/file/d/12Grymqdb0_Z7ICVPPdRNPP0LEPqeIxdz/view?usp=drive_link,DC Handicraft
Telangana,Warangal Durries,Warangal Rural,522,Primary,handicraft,"Warangal durries, crafted in Telangana's Warangal district, are renowned for their vibrant colors, intricate designs, and durability. These handwoven floor coverings are traditionally made with cotton yarn, and the unique weaving technique creates a reversible pattern on both sides of the rug. Besides being popular in home decor, Warangal durries are also exported to other countries, showcasing the rich craftsmanship and cultural heritage of the region.",Yes,https://drive.google.com/file/d/1WfS6puEqt1tMUu38V3X9C1cKX-Y8M9ve/view?usp=drive_link,DC Handicraft
Tripura,Wood and Bamboo based Handicraft Items,Sepahijala,653,Secondary,handicraft,"Wood and Bamboo-based Handicraft Items from Sepahijala, Tripura, are crafted by skilled artisans using locally sourced materials. Known for their durability and elegant designs, these products include baskets, furniture, and decorative pieces. Each item reflects traditional craftsmanship and sustainable practices, celebrating the rich cultural heritage of the region",No,https://drive.google.com/file/d/1-UQ5FfXzfSeQ9NexGe77Cauwi0PFvduZ/view?usp=sharing,DC Handicraft
Tripura,Bamboo based products,West Tripura,272,Primary,handicraft,"Bamboo is a vital natural resource in West Tripura, India. The district has a rich bamboo forest cover and local people use bamboo for making handicrafts, furniture, and as a construction material. The administration is promoting bamboo cultivation and establishing bamboo-based industries for income generation. The district is home tobamboo handicrafts, furniture, and packaging units.",No,https://drive.google.com/file/d/1iN7MByNvST13EhBdaNRUd90F5sSTzd8g/view?usp=drive_link,DC Handicraft
Uttar Pradesh,Leather Products,Agra,118,Primary,handicraft,"From the historic city of Agra in Uttar Pradesh, India comes a luxurious and timeless material - leather. Handcrafted by skilled artisans, Agra leather boasts unparalleled softness and durability, making it a favorite among fashion enthusiasts and aficionados worldwide. Its distinctive texture and rich color are a testament to the traditional tanning techniques passed down through generations, and its reputation for excellence has made Agra a go-to destination for leather lovers.",Yes,https://drive.google.com/file/d/1k4aVYT9QH22C8kLIrq7rCTPOTSHqAhGs/view?usp=drive_link,DC Handicraft
Uttar Pradesh,Handicrafts- Stone & Marble,Agra,118,Secondary,handicraft,"Agra, the city of timeless beauty, is renowned for its exquisite stone and marble handicrafts that embody the region's rich artistic heritage. From the grandeur of the Taj Mahal to the intricate designs of handcrafted tabletops, each piece is a masterful blend of tradition and innovation. The skilled artisans of Agra work with precision and dedication, carefully chiselling and carving each stone to perfection.",No,https://drive.google.com/file/d/19sC6lO8YEKMdpMt38kw785qBCf7RMWQX/view?usp=drive_link,DC Handicraft
Uttar Pradesh,Metal Handicraft,Aligarh,119,Secondary,handicraft,"The city's metal handicrafts, including decorative figurines and elegant candle stands, reflect an exquisite sense of artistry and sophistication",No,https://drive.google.com/file/d/1wkL_3RTQFAvfMvLeHe5jDZgG4lk52vRl/view?usp=drive_link,DC Handicraft
Uttar Pradesh,Moonj products,Amethi,640,Primary,handicraft,"The moonj products of Amethi exude an earthy elegance, their natural hues and textures a testament to the beauty of simplicity. From stunning baskets to intricate mats and wall hangings, each piece is a labor of love. Admired by connoisseurs of eco-friendly and sustainable products, these handcrafted creations bring a touch of rustic charm to any space they adorn.",Yes,https://drive.google.com/file/d/1YWvU42IKzgQfh87Dcy3CaN_qy3PJq5ng/view?usp=drive_link,DC Handicraft
Uttar Pradesh,Black Pottery,Azamgarh,123,Primary,handicraft,"With its deep, lustrous ebony hue and intricate motifs etched into its smooth surface, the enigmatic black pottery of Azamgarh, Uttar Pradesh is a true masterpiece of artistry. From delicate tea sets to ornate vases and decorative figurines, each piece is a unique and stunning work of art. The tactile quality of the pottery, combined with the ethereal designs, creates a sensory experience that is truly unforgettable.",Yes,https://drive.google.com/file/d/1kDj3xBim5maPwQWoR1B9a2nEDFAdaIYb/view?usp=drive_link,DC Handicraft
Uttar Pradesh,Wheat Stalk Handicrafts,Bahraich,125,Primary,handicraft,"The handicrafts techniques from Bahraich, Uttar Pradesh, are a masterful display of the region's ingenuity and resourcefulness. The artisans of Bahraich have long been known for their exquisite handcrafted products made from wheat stalks, which are expertly woven and shaped into stunning baskets, mats, and decorative items.",No,https://drive.google.com/file/d/1NKZipyO1WPQqqBplZ9bv47Fxqt2HyYIJ/view?usp=drive_link,DC Handicraft
Uttar Pradesh,Bindi (Tikuli),Ballia,126,Primary,handicraft,"The Bindi (Tikuli) from Ballia is a popular ornamental handicraft that has a widespread cultural significance and is worn by many. Available in a variety of designs, colours and shapes, the Bindi can be applied to the forehead as a beauty mark and accentuates the facial features of the wearer.",No,https://drive.google.com/file/d/1POJgZzZHtXkbcsWcn8eqwyRI5AWgsyzf/view?usp=drive_link,DC Handicraft
Uttar Pradesh,Shazar Stone Craft,Banda,128,Primary,handicraft,"The skilled artisans of Banda transform raw blocks of stone into stunning works of art, from exquisite sculptures and ornate jewellery to stunning home decor items, using traditional techniques that have been honed over centuries. Each piece is unique and beautiful, featuring intricate designs that are both elegant and timeless. The use of high-quality natural stones, combined with the artisans' deft hands and keen eye for detail, creates a product of unparalleled quality and beauty.",Yes,https://drive.google.com/file/d/1ymEOzgNR1kRqygzUeWDN6d4jeHB3DAxk/view?usp=drive_link,DC Handicraft
Uttar Pradesh,Zari and Zardozi,Bareilly,130,Primary,handicraft,"Nestled in Uttar Pradesh's cultural hub, Bareilly, Zari and Zardozi craftsmanship mesmerize with their intricate beauty. Handcrafted by skilled artisans, these embellishments adorn fabrics, lending an aura of opulence to traditional attire. Rooted in centuries-old tradition, each stitch narrates a tale of heritage and craftsmanship. Bareilly's Zari and Zardozi industry not only preserves artistic legacies but also provides livelihoods, enriching communities through timeless artistry.",Yes,https://drive.google.com/file/d/1mZQLVQ96xmn_01sHgyosSWso2GJEVP_V/view?usp=drive_link,DC Handicraft
Uttar Pradesh,Bamboo Products,Bareilly,130,Secondary,handicraft,"Bareilly, in Uttar Pradesh, is renowned for its handcrafted bamboo products, known for their natural beauty and eco-friendliness. Using traditional techniques, local artisans create a variety of items, including furniture, tableware, and decorative pieces, all from organically grown bamboo.",Yes,https://drive.google.com/file/d/1WJo5_rFzBwZI63eqR5C9Vm7jknIuNK6t/view?usp=drive_link,DC Handicraft
Uttar Pradesh,Goldsmith Industry,Bareilly,130,Tertiary,handicraft,"In the heart of Uttar Pradesh's Bareilly, the Goldsmith industry shines as a beacon of craftsmanship and tradition. Here, skilled artisans meticulously mold precious metals into exquisite jewelry pieces, each reflecting timeless elegance and intricate designs. Rooted in cultural heritage, this industry not only symbolizes prosperity but also sustains generations of artisanal expertise, contributing to the region's rich legacy of craftsmanship and artistic finesse.",No,https://drive.google.com/file/d/1c6KCJ0hMlnZ0NV0dJ7P_pA0_spGEu0XL/view?usp=drive_link,DC Handicraft
Uttar Pradesh,Wooden Crafts,Basti,131,Primary,handicraft,"Handcrafted wooden products from Basti, Uttar Pradesh, are known for their intricate designs and use of local Sheesham wood. Artisans, using generations-old techniques, craft beautiful and durable furniture, decorative items, and toys.",No,https://drive.google.com/file/d/1l_FKZj3FJO1FZ5crFTw4T6vajhub3OfV/view?usp=drive_link,DC Handicraft
Uttar Pradesh,Handmade carpet of Bhadohi,Bhadohi,179,Primary,handicraft,"Bhadohi's carpets, also known as Bhadohi rugs or Bhadohi carpets, are renowned for their exceptional craftsmanship and artistic designs. The weavers in Bhadohi employ traditional techniques handed down through generations to create carpets that are truly works of art. These carpets feature a wide range of patterns, from intricate floral motifs to geometric designs, and are available in various sizes and colors. With their soft texture, durability, and timeless appeal, Bhadohi carpets have become sought-after decorative pieces, cherished by homeowners and collectors around the world.",Yes,https://drive.google.com/file/d/1C8ZIglBJsfC4JHLujpDw2NT4VzRDZmH4/view?usp=drive_link,DC Handicraft
Uttar Pradesh,Wooden Crafts,Bijnor,132,Primary,handicraft,"The wooden crafts of Bijnor are not just decorative but also functional, with each piece designed to last a lifetime, a true heirloom that can be passed down through generations. The use of sustainable and eco-friendly materials in these crafts makes them not just beautiful but also responsible choices for any home. The natural grains and patterns of the wood lend a unique texture and depth to each piece, making them one-of-a-kind creations that are sure to stand out.",Yes,https://drive.google.com/file/d/1V-ld5qHOnPld0vJqQS6q2hNu7CMhHMoS/view?usp=drive_link,DC Handicraft
Uttar Pradesh,Zari and Zardozi,Budaun,133,Primary,handicraft,"Budaun district in Uttar Pradesh is renowned for its exquisite zari and zardozi embroidery. Zari embroidery utilizes metallic threads, often made of gold or silver, to create intricate designs on fabrics. Zardozi, a more elaborate form, incorporates gold and silver wires, silk, and metallic threads. Skilled artisans in Budaun showcase exceptional craftsmanship, creating stunning designs that adorn traditional Indian garments. The labor-intensive and time-consuming process of zari and zardozi embroidery makes each piece a true work of art.",No,https://drive.google.com/file/d/16rpi543CN6EvLrltV4nhTYhouOmWetyk/view?usp=drive_link,DC Handicraft
Uttar Pradesh,Ceramic Product,Bulandshahar,134,Primary,handicraft,"From exquisitely designed crockery to charming home decor, the ceramic products of Bulandshahar exude an unmatched warmth and character. The use of high-quality materials and eco-friendly techniques in these crafts makes them not just beautiful but also responsible choices for any home. With each piece telling a unique story of the region's rich cultural tapestry, the ceramic products of Bulandshahar are a true testament to the human spirit and the pursuit of excellence",Yes,https://drive.google.com/file/d/1-66TVpIf131OrkZxu-zuRLTzrFAIDZFD/view?usp=drive_link,DC Handicraft
Uttar Pradesh,Zari-Zardozi,Chandauli,135,Primary,handicraft,"Chandauli district in Uttar Pradesh is known for its intricate zari and zardozi embroidery work. Zari Zardozi involves the use of metallic thread, usually gold or silver, to create intricate designs on fabric. The embroidery work of Chandauli is famous for its intricate designs and is often used to embellish traditional Indian attire such as sarees, salwar kameez, and lehengas.",No,https://drive.google.com/file/d/1xaSV3Mr9LOuZmtGuHbw2QDayQwX85-hj/view?usp=drive_link,DC Handicraft
Uttar Pradesh,Wooden Toys and Wood Art Products,Chitrakoot,136,Primary,handicraft,"Whether used as decor or as playthings, Chitrakoot's wooden toys are lovingly crafted by hand using the finest quality wood, resulting in a product that is not only aesthetically pleasing but also durable and long-lasting. From traditional figurines to modern designs, these toys are infused with a sense of wonder and playfulness that appeals to people of all ages.",Yes,https://drive.google.com/file/d/1kGZ5O3AgZ7hOyrvqd5Cc7Aot_JYdN3RT/view?usp=drive_link,DC Handicraft
Uttar Pradesh,"Decorative Products,",Deoria,137,Primary,handicraft,"Deoria district in Uttar Pradesh is renowned for its diverse range of decorative products. Skilled artisans in Deoria employ traditional techniques to create exquisite decorative items like wall hangings, table runners, and cushion covers.",No,https://drive.google.com/file/d/1BwiA3wYMgPbG3HVJV2-afo-66hmHaUAW/view?usp=drive_link,DC Handicraft
Uttar Pradesh,"Ankle Bells (Ghungroo), Bells and Brass Products",Etah,138,Primary,handicraft,"Etah district in Uttar Pradesh is famous for its production of ankle bells (Ghungroo), brass bells, and a wide range of brass products. The ankle bells, made from brass, produce a melodious sound when worn by classical Indian dancers, making them highly coveted in the dance community. Skilled artisans in Etah create brass bells of various sizes and designs, which are widely used for religious, decorative, and musical purposes. Additionally, they craft an array of brass products, including decorative items, utensils, and household items, using traditional techniques.",No,https://drive.google.com/file/d/1cUJIBLoJuIgJrRMYw9CD-eAyCg0j_M3r/view?usp=drive_link,DC Handicraft
Uttar Pradesh,Zari Zardozi,Farrukhabad,141,Secondary,handicraft,"Farukhabad's zari zardosi is an intricate embroidery renowned for its delicate gold and silver threads meticulously hand-stitched onto fabric. Artisans, using techniques passed down through generations, weave beautiful floral and geometric patterns, creating stunning embellishments for clothing, accessories, and home furnishings.",No,https://drive.google.com/file/d/1u9wpAJNNGd3fkUTj7o9i4TNDGxJAddi_/view?usp=drive_link,DC Handicraft
Uttar Pradesh,Ghazipur Wall Hangings,Ghazipur,146,Primary,handicraft,"The jute wall hangings from Ghazipur, Uttar Pradesh are a stunning embodiment of the natural beauty and craftsmanship that India is renowned for. Made with the finest quality jute fibers, each piece is meticulously woven by skilled artisans, resulting in a work of art that is both intricate and captivating. From earthy tones to vibrant hues, these wall hangings showcase a wide array of colors and designs, each one more stunning than the last.",Yes,https://drive.google.com/file/d/18TbU6CBaQgh4QhIy_WcFMJUGrChNoTNU/view?usp=drive_link,DC Handicraft
Uttar Pradesh,Gorakhpur Terracotta,Gorakhpur,148,Primary,handicraft,"Gorakhpur district in Uttar Pradesh is renowned for its handicrafts, particularly terracotta products and readymade garments. Skilled artisans in Gorakhpur create pottery, figurines, and decorative items using locally sourced clay. These unique creations are molded and baked in kilns for durability. The district also offers a diverse selection of readymade garments, featuring traditional and modern designs, predominantly using cotton and silk fabrics. Gorakhpur's fashion styles range from sarees and salwar kameez to western wear, showcasing a wide variety of choices.",Yes,https://drive.google.com/file/d/1CCEvryYcS2g3EJW4UvaCK6qka14753pl/view?usp=drive_link,DC Handicraft
Uttar Pradesh,Handmade Paper Art,Jalaun,151,Primary,handicraft,"Jalaun district in Uttar Pradesh is renowned for its exquisite handmade paper art. Skilled artisans use locally sourced natural fibers to create intricate designs, including flowers, birds, and nature-inspired motifs. Techniques like embossing, painting, and printing are employed to bring these artworks to life. The range of finished products includes journals, greeting cards, bookmarks, and decorative wall hangings. Not only visually appealing, but Jalaun's handmade paper art is also environmentally friendly, being crafted with sustainable materials and techniques.",Yes,https://drive.google.com/file/d/1S_SfAN7vw_z707r5EkgZ6V6-GlvXNHUk/view?usp=drive_link,DC Handicraft
Uttar Pradesh,Woollen Carpets (Dari),Jaunpur,152,Primary,handicraft,"Jaunpur district in Uttar Pradesh is renowned for its exquisite woollen carpets, locally known as Dari. Skilled artisans hand-weave these carpets using high-quality wool sourced from local sheep. The carpets boast intricate floral motifs, geometric patterns, and even calligraphy. Known for their soft texture, durability, and vibrant colors achieved through natural dyes, Jaunpur's Dari carpets are available in various sizes, catering to different spaces. This traditional craft has been thriving in Jaunpur for centuries, captivating both local and international markets.",No,https://drive.google.com/file/d/1VoQJvbJuIlAzU-Ya50IOhA4JCmhWImOR/view?usp=drive_link,DC Handicraft
Uttar Pradesh,Leather Products,Kanpur Nagar,157,Primary,handicraft,"The leather industry in Kanpur Nagar has a rich history, and it is a hub for leather production, supplying high-quality products to customers across India and beyond. Whether it's a pair of sturdy boots or a stylish handbag, the leather products from Kanpur Nagar are known for their intricate designs and attention to detail. The leather used in Kanpur Nagar is unique, of high quality, and durable.",Yes,https://drive.google.com/file/d/1Tu7HNnPuecYCIQxdkDOJ4qp7sSgGYTiG/view?usp=drive_link,DC Handicraft
Uttar Pradesh,Zari Zardozi,Kasganj,633,Primary,handicraft,"Kasganj district in Uttar Pradesh is renowned for its exquisite Zari Zardozi work. This intricate embroidery art form involves the use of metallic wires, silk threads, and other materials to create stunning designs on fabrics like silk, velvet, and cotton. Traditional floral patterns, peacock motifs, and cultural designs are common in Kasganj's Zari Zardozi work. Skilled artisans employ techniques such as hand stitching, weaving, and knotting to achieve impeccable craftsmanship. The finished products often feature embellishments like sequins, beads, and decorative elements, adding an extra touch of elegance.",No,https://drive.google.com/file/d/14aPNrv531-VgdLGRPEwhh-gWRs4Nu26w/view?usp=drive_link,DC Handicraft
Uttar Pradesh,Banana Fiber Products and Banana Products,Kushinagar,160,Primary,handicraft,"Kushinagar district in Uttar Pradesh is renowned for its banana fiber products and banana-based items. The abundant banana cultivation in the region has led to the development of unique artisanal skills using various parts of the banana plant. The stem of the banana plant yields strong and durable banana fiber, which is skillfully crafted into bags, mats, and baskets, known for their beauty and quality. Kushinagar also produces delicious banana chips, banana jam, and banana candy, made from carefully selected bananas using traditional techniques, ensuring exceptional quality in the final products.",No,https://drive.google.com/file/d/1tlUv3lf9z1hI1izJdmU4Ow-bQV2pBbRe/view?usp=drive_link,DC Handicraft
Uttar Pradesh,Tribal craft,Lakhimpur Kheri,159,Primary,handicraft,"In the verdant landscapes of Lakhimpur Kheri, Uttar Pradesh, Tribal Craft thrives as a testament to indigenous artistry. Honoring centuries-old traditions, skilled artisans create exquisite handcrafted items reflecting tribal motifs and cultural heritage. From intricately carved wooden artifacts to vibrant textiles adorned with traditional designs, each piece encapsulates the essence of tribal life.",No,https://drive.google.com/file/d/1cCH0Y1YHk59SV9KMlNYd4YOR8zfBzV8J/view?usp=drive_link,DC Handicraft
Uttar Pradesh,Gaura Stone Craft,Mahoba,165,Primary,handicraft,"The gaura stone craft from Mahoba, Uttar Pradesh is a breathtaking showcase of India's architectural and sculptural prowess. Made from the finest quality sandstone, each piece is a true masterpiece, featuring intricate carvings and unique designs that are a testament to the skill and dedication of the artisans. From traditional temples to modern-day sculptures, these creations are both timeless and contemporary, reflecting India's rich cultural heritage and artistic vision.",Yes,https://drive.google.com/file/d/1jhm2QiAegY8HpiUeqRSuHznOnSHvJWjp/view?usp=drive_link,DC Handicraft
Uttar Pradesh,Tarkashi Art,Mainpuri,166,Primary,handicraft,"Tarkashi art is a traditional form of metal wire inlay work that originated in Mainpuri, Uttar Pradesh. It involves the use of fine metallic wires that are carefully inlaid into intricate designs on a variety of surfaces, including wood, brass, and copper. The art form is known for its intricate and delicate patterns, often depicting scenes from nature and daily life. Whether it's a decorative box or a piece of furniture, tarkashi art adds an elegant and sophisticated touch to any space.",Yes,https://drive.google.com/file/d/1ZfI5g1Si0aeXidhOsG0ixbbWObeCC38O/view?usp=drive_link,DC Handicraft
Uttar Pradesh,Zari Zardozi,Mainpuri,166,Tertiary,handicraft,"Mainpuri's Zari Zardosi is an embroidery known for its intricate beauty. Skilled artisans weave delicate threads of gold and silver into mesmerizing floral and geometric patterns, adorning fabrics like garments, wall hangings, and more. This heritage craft, passed down through generations, is admired for its meticulous detailing and captivating designs.",No,https://drive.google.com/file/d/1cspOqy13vbg2QzNnh7NA1Yyxi5uzhfiM/view?usp=drive_link,DC Handicraft
Uttar Pradesh,Costume of Thakurji,Mathura,167,Secondary,handicraft,"Handcrafted in Mathura, Uttar Pradesh, these exquisite costumes adorn deities like Thakurji. Crafted from fine silk or cotton, they come in vibrant colors and are embellished with intricate zari work, using gold and silver threads. These traditional ensembles reflect the region's rich cultural heritage and craftsmanship.",No,https://drive.google.com/file/d/1jyWbbdOGgzkND-itYSn1d989rpXQExVw/view?usp=drive_link,DC Handicraft
Uttar Pradesh,Shrinagar Sculpture and Kanthi Mala,Mathura,167,Tertiary,handicraft,"Crafted from local red soapstone, these sculptures depict diverse subjects, from Hindu deities to everyday life. Skilled artisans meticulously carve intricate details, bringing the stone to life. Exquisite necklaces, meticulously woven with silk and zari threads. Often adorned with intricate beadwork and semi-precious stones, these necklaces embody Mathura's rich cultural heritage.",No,https://drive.google.com/file/d/10UCLrkqIA_-F_9TLcSgghuWQby_o_b8Q/view?usp=drive_link,DC Handicraft
Uttar Pradesh,Metal Industry (Brass),Mirzapur,170,Secondary,handicraft,"Nestled in the heart of Uttar Pradesh, Mirzapur's brass work shines as a beacon of craftsmanship and tradition. Here, skilled artisans meticulously mold brass into exquisite artifacts, each reflecting timeless elegance and intricate designs. Rooted in centuries-old tradition, this industry not only symbolizes prosperity but also sustains generations of artisanal expertise, contributing to the region's rich legacy of craftsmanship and artistic finesse.",Yes,https://drive.google.com/file/d/1Hqpu70J4M7NFctD_xId77WEeQUcmR8ql/view?usp=drive_link,DC Handicraft
Uttar Pradesh,Flute and Wooden Products,Pilibhit,173,Primary,handicraft,"Pilibhit district in Uttar Pradesh is renowned for its traditional wooden products and the exquisite art of bamboo flute making. Skilled artisans meticulously handcraft bamboo flutes that produce rich and melodious sounds, captivating musicians and music enthusiasts. These flutes are integral to traditional Indian music. Additionally, Pilibhit is celebrated for its locally sourced wooden products, including furniture, utensils, and toys, which boast durability and intricate designs, showcasing the region's exceptional craftsmanship.",Yes,https://drive.google.com/file/d/1RCdwB_xehxFGXZwsGQWi4Hlj-D9cltYx/view?usp=drive_link,DC Handicraft
Uttar Pradesh,Moonj products,Prayagraj,120,Primary,handicraft,"Prayagraj, Uttar Pradesh is famous for its exquisite moonj products, with a range of styles and sizes available to suit different needs and preferences. The artisans of Prayagraj use their expert knowledge and skills to craft baskets, mats, and other household items. Mats for sleeping and sitting, as well as decorative items such as lampshades and wall hangings are also created.",Yes,https://drive.google.com/file/d/1YWvU42IKzgQfh87Dcy3CaN_qy3PJq5ng/view?usp=drive_link,DC Handicraft
Uttar Pradesh,Wood Work,Raebareli,175,Primary,handicraft,"There is a considerable amount of wood-related work in the district of Raebareli. Wood crafting is done by means of a cutting tool resulting in a wooden figure or figurine, or in the sculptural ornamentation of a wooden object. The items manufactured here include household items such as doors, charms, beds, and artistic works such as wooden toys and artwork. The raw material required for wood-work is available locally.",No,https://drive.google.com/file/d/1kdHKw0-8Xs4SZuxHIx2zC3sCjXOQY-rn/view?usp=drive_link,DC Handicraft
Uttar Pradesh,"Applique Work along with Patch Work,Zari Patch work, and Mentha",Rampur,176,Primary,handicraft,"Rampur district in Uttar Pradesh is renowned for its captivating applique work, patchwork, and zari patchwork. Skilled artisans meticulously cut and stitch colored fabric onto a base fabric, creating mesmerizing designs. Patchwork involves stitching together small fabric pieces to form larger designs, often with contrasting colors. Zari patchwork utilizes metallic thread, resulting in elaborate and shiny patterns. Additionally, Rampur is a significant producer of mentha oil, extracted from mentha plant leaves, widely utilized in the pharmaceutical and food industries.",Yes,https://drive.google.com/file/d/1ZDPWcInH5OnSf4UhedgOKCONaRwzCO7o/view?usp=drive_link,DC Handicraft
Uttar Pradesh,Saharanpur Wood Craft,Saharanpur,177,Primary,handicraft,"Wood craft, which is the main handicraft of this district, is about 400 years old. These products are famous for their beautiful and intricate designs and carvings. Sheesham wood is the main raw material used in this industry. The export of wood carving furniture and handicraft products to various countries is carried out by exporting units in the district.",Yes,https://drive.google.com/file/d/1OeQLucUY8U86aiB08cLleGLFMTnZEs65/view?usp=drive_link,DC Handicraft
Uttar Pradesh,Handicrafts - Horn Bone,Sambhal,659,Primary,handicraft,"Sambhal district in Uttar Pradesh is renowned for its unique handicrafts made from horn and bone. The process of making these handicrafts involves skilled craftsmanship and a great deal of patience. Sambhal offers a wide range of decorative horn-bone handicrafts available in different attractive looks, designs and patterns. Indeed artisans of Sambhal are known worldwide for making a spell-bound range of decorative items that are popular in not only national but also in international markets.",No,https://drive.google.com/file/d/1G10xjRBya_asHjGJ8QWzq5LgAp1iKKDF/view?usp=drive_link,DC Handicraft
Uttar Pradesh,Brass Utensils,Sant Kabir Nagar,178,Primary,handicraft,"There are several types of brassware craft that are popular in Sant Kabir Nagar, each with its distinct style and flair. One such type is the exquisite brass utensils that feature intricate patterns and designs, often depicting mythological scenes and motifs.Another type is the ornate brass lamps and candle holders that are crafted with painstaking attention to detail, creating a warm and inviting ambiance in any room.",Yes,https://drive.google.com/file/d/1kINWI8pScldw3TpTMCUgRzplA3QZG2Ho/view?usp=drive_link,DC Handicraft
Uttar Pradesh,Zari and Zardozi,Shahjahanpur,180,Primary,handicraft,"Zari embroidery involves the use of gold or silver metallic thread to create intricate patterns and designs on fabric. On the other hand, Zardozi embroidery is a more complex form of embroidery that involves the use of gold, silver, and copper wires, as well as precious stones, sequins, and beads, to create intricate and detailed designs on fabric.This technique is typically used to create stunning embellishments on traditional Indian garments such as sarees, lehengas, as well as on other textiles like wall hangings and tablecloths.",No,https://drive.google.com/file/d/1pJNIWqsIUMlJFGTwdb25FdLp17U2M_a3/view?usp=drive_link,DC Handicraft
Uttar Pradesh,Rim and Axle and Iron Work,Shamli,660,Primary,handicraft,"In the industrial heartland of Shamli, Uttar Pradesh, Rim and Axle and Iron Work thrive as symbols of precision and durability. Skilled artisans meticulously craft sturdy rims and axles, ensuring reliability and safety for various vehicles. Rooted in a legacy of craftsmanship, Shamli's ironworkers combine traditional techniques with modern innovations, catering to diverse transportation needs while contributing to the region's industrial prowess and economic growth.",No,https://drive.google.com/file/d/1ine1THowmUzNdxb4ayTruDMuLeGtxOgv/view?usp=drive_link,DC Handicraft
Uttar Pradesh,Tribal craft and Furniture,Shravasti,181,Primary,handicraft,"Shravasti, Uttar Pradesh is home to several indigenous tribes that have a rich cultural heritage of traditional crafts, that reflect their deep connection to nature and their ancestral traditions. Some of the most popular tribal crafts from Shravasti include bamboo crafts, which are created using bamboo reeds and are used to make baskets, mats, and other household items. Another popular craft is pottery, where clay is shaped and fired to create beautiful and functional vessels for cooking, storing, and serving food.",No,https://drive.google.com/file/d/19frbaXuD4Z5irxzb8SLlUgF4hoF5woRR/view?usp=drive_link,DC Handicraft
Uttar Pradesh,Moonj Products,Sultanpur,185,Primary,handicraft,"Moonj products are a popular handicraft of Sultanpur district in Uttar Pradesh. Moonj is a type of grass that is native to the region and is used to make a variety of products, such as baskets, mats, and bags. The process of making these products involves weaving the moonj strands together to create intricate patterns and designs. The products are known for their durability and are widely used for household and storage purposes.",Yes,https://drive.google.com/file/d/1jQHVqAywjmreSAvLD4z_fDNkgGkT9ysM/view?usp=drive_link,DC Handicraft
Uttar Pradesh,Zari Zardozi,Unnao,186,Primary,handicraft,"Unnao's Zari Zardosi are textiles known for their intricate gold and silver threadwork, meticulously hand-embroidered onto silk or satin fabrics. Artisans from the region use generations-old techniques to create these luxurious garments and accessories, often adorned with floral or geometric patterns.",No,https://drive.google.com/file/d/1cspOqy13vbg2QzNnh7NA1Yyxi5uzhfiM/view?usp=drive_link,DC Handicraft
Uttar Pradesh,Leather Products,Unnao,186,Secondary,handicraft,"Unnao's leather products are known for their intricate hand-stitching and vegetable tanning techniques. Crafted from locally sourced hides, these products are imbued with a timeless quality and natural beauty. Each piece is unique, showcasing the artisan's skill and the inherent variations of the leather.",No,https://drive.google.com/file/d/1c0Njw5vyXMAlQbAYXNGVIMAA7gAwDsyu/view?usp=drive_link,DC Handicraft
Uttar Pradesh,Pink Enamel (Gulaabi Minakari),Varanasi,187,Secondary,handicraft,"Gulabi Meenakari from Varanasi are exquisite artworks created by fusing colored glass onto a metal base. Each piece showcases vibrant floral and geometric motifs, or even scenes inspired by mythology and daily life. The meticulous craftsmanship and unique rose pink color (""Gulabi"" in Hindi) make these intricate enameled creations truly special.",Yes,https://drive.google.com/file/d/1eqsvWymgTXfMrs7la9ztyI3ufUPM_Ept/view?usp=drive_link,DC Handicraft
Uttar Pradesh,Wooden Lacquer Ware,Varanasi,187,Tertiary,handicraft,"Varanasi's wooden lacquerware, known for its vibrant hues, intricate designs, and smooth finish, is a unique art form. Crafted from wood, these decorative items are coated in layers of lac, a natural resin, and hand-painted with scenes depicting local flora, fauna, and religious themes. The lac not only enhances their beauty but also protects them from wear and tear.",Yes,https://drive.google.com/file/d/1LglxtUjgAOcgcDRIZS8nWuxJ9teAg1Fv/view?usp=drive_link,DC Handicraft
Uttar Pradesh,Toys,Varanasi,187,Others,handicraft,"Varanasi, a city known for its rich history and cultural heritage, is also home to a unique tradition of handcrafted wooden toys. Made by skilled artisans, these vibrant toys are more than just playthings; they are miniature works of art, often featuring intricate designs and natural lacquers. Each toy is a testament to the craftsmanship and artistic legacy passed down through generations in Varanasi.",No,https://drive.google.com/file/d/15qnjfBonzrZcq0bdB2rqz4-_SewnY7X1/view?usp=drive_link,DC Handicraft
Uttarakhand,Copper based Products,Bageshwar,46,Primary,handicraft,"Bageshwar is a town in Uttarakhand, India known for its rich tradition of copper craftsmanship. The town produces a range of copper-based products, including kitchenware, utensils, and decorative items. The craft of copper ware is an age old, highly skilled craft that has been passed down from one generation to its next.",No,https://drive.google.com/file/d/1SF4z8AZgaZwbV4BLPI37FJoXDBlvfJrf/view?usp=drive_link,DC Handicraft
Uttarakhand,Aipan Products,Nainital,51,Primary,handicraft,"Nainital is known for its range of products featuring the traditional art form of Aipan, including home decor, clothing, and accessories. Aipan is a type of hand-painted design that is traditionally used for special events and ceremonies, that is said to invoke a divine power which brings good fortune and deters evil.",Yes,https://drive.google.com/file/d/1Rd_7n9Y5iZTuJN4HE14nd_o_X-CFRxVx/view?usp=drive_link,DC Handicraft
Uttarakhand,Wood crafts/Temple imitiation,Rudraprayag,54,Primary,handicraft,"Rudraprayagis is known for its rich heritage and temple architecture, with the production of woodcraft temple imitations being a major attraction. They are often bought as gifts and souvenirs by devotees and tourists alike and are carved by skilled craftspersons.",Yes,https://drive.google.com/file/d/1VxyOQwSEwXsl0Gs-GQhBTbgJ3ldg7qlA/view?usp=drive_link,DC Handicraft
Uttarakhand,Moonj Grass product,Udham Singh Nagar,56,Primary,handicraft,"Udham Singh Nagar in Uttarakhand produces a range of products made from Moonj grass, including baskets, mats, and other decorative items. These products are produced by skilled artisans and showcase a variety of intricate woven patterns and colours.",No,https://drive.google.com/file/d/1xpn1tWd71bDEj7jGMK_gHMV-jMonv773/view?usp=drive_link,DC Handicraft
West Bengal,Wooden Furniture,Alipurduar,664,Primary,handicraft,"Alipurduar Wooden Furniture is a range of beautifully crafted, high-quality wooden furniture made in Alipurduar, a town in the Indian state of West Bengal. The collection includes a variety of pieces, such as tables, chairs, sofas, beds, and storage units, in a range of styles to suit any home or office.",No,https://drive.google.com/file/d/15ZJkfdM5gxMggfb4UOIspluFlSOwfyF3/view?usp=drive_link,DC Handicraft
West Bengal,Terracotta Craft,Bankura,305,Primary,handicraft,"Bankura district produces a number of terracotta handicrafts, the most popular being the Bankura horse which is the Logo of All India Handicrafts. It has been internationally commended for its elegance and unique charm and is hand-crafted by skilled artisans using techniques passed down through generations. Originally used for village rituals, it now adorns drawing rooms across the world as symbols of Indian folk-art.",Yes,https://drive.google.com/file/d/1jVdcTmXgkozBxGP6U_8nmYcbJSqU1FaC/view?usp=drive_link,DC Handicraft
West Bengal,Bengal Dokra,Bankura,305,Secondary,handicraft,"Dokra is a type of traditional, handmade metal casting made in the Bankura district. Dokra artisans use the lost-wax casting method to create intricate, detailed pieces using brass, bronze, or copper. The finished products are often intricate, decorative figurines and other items, such as jewelry, lamps, and ornaments. The Dokra is known for its high quality and attention to detail, and is prized by collectors and art enthusiasts alike.",Yes,https://drive.google.com/file/d/1tC5XwfzOoxhxu7pvxnqDQJbYmorVii3K/view?usp=drive_link,DC Handicraft
West Bengal,Santiniketan Leather goods,Birbhum,307,Primary,handicraft,"Santiniketan is known for its range of high-quality leather products. The products are made using high quality sustainable leather. The craftsmen of the villages were trained under the Rural Development Programme of Visva-Bharati University at Santiniketan. The range includes a variety of leather goods, such as bags, wallets, belts, and other accessories. The material used is vegetable tanned leather with art work done by touch dyeing.Its artistic leather bags are popular in foreign markets and are exported to many countries around Europe and the US.",Yes,https://drive.google.com/file/d/1g1nUIe-FG4G3a3BPd3RM3tKnJdouGHnb/view?usp=drive_link,DC Handicraft
West Bengal,Sital pati & its products,Cooch Behar,308,Primary,handicraft,"Sital Pati is a type of traditional, handwoven mat made using natural fibers such as grass, straw, cane or murta plants. Among the areas of Cooch Behar where Sitalpatis are woven, Sagareswar, Ghugumari and Pashnadanga are important centres. Mats with decorative designs are called nakshi pati. UNESCO has recognised the Traditional Art of Shital Pati weaving of Sylhet and included it in the Representative List of the Intangible Cultural Heritage of Humanity.",No,https://drive.google.com/file/d/1wwKd_-UOfWSFFs4CoE3nqdJttIXl5eNH/view?usp=drive_link,DC Handicraft
West Bengal,Wooden Mask & Wall Hanging,Dakshin Dinajpur,310,Primary,handicraft,"The masks and wall hangings are hand-carved by skilled artisans using techniques passed down through generations. The wood pieces are kept submerged in large reservoirs containing mulberry gum powder, bleaching powder and sal and are taken out after a week and sun-dried. Various timber varieties such as Gamari, Sal, Mango, Pakur, and Mahogany are used. The wooden masks are meant for use in Gambheera dances or Palas (musical folk theaters), as the carvers, or the performers, treat each mask philosophically, by considering it as the Mukha (face), rather than a Mukhosh (mask) – the belief being that it comes alive as soon as one puts his face behind it.",Yes,https://drive.google.com/file/d/11E1hUyAw7AC64lxLQK5ieTL7QHAcufZG/view?usp=drive_link,DC Handicraft
West Bengal,Bamboo Craft,Dakshin Dinajpur,310,Secondary,handicraft,"Bamboo craft from Dakshin Dinajpur is one type of traditional handicraft made into many products including such as home decor, or as functional items, such as baskets or furniture. Basketry weaving is the primary source of livelihood of the community in the district. The crafts are made by skilled artisans using techniques passed down through generations, and are known for their durability, versatility, and attention to detail. The finished products are often used for decorative purposes.",No,https://drive.google.com/file/d/1S-d1b7jU9_m-prdqyl_5ePl-jcYqpwBM/view?usp=drive_link,DC Handicraft
West Bengal,Costume Jewellery,Hooghly,312,Secondary,handicraft,"Costume or fashion jewelry includes a range of decorative items that are manufactured as less expensive ornamentation to complement a particular fashionable outfit or garment as opposed to ""real"" or ""fine"" jewelry,. This type of jewelry has paralleled the styles of its more precious counterparts and Hooghly has a range of offerings made of inexpensive simulated gemstones, such as rhinestones or lucite, set in pewter, silver, nickel, or brass.",No,https://drive.google.com/file/d/1-TKToNJQAjDbEwRVsUGm5M80S2aYq65o/view?usp=drive_link,DC Handicraft
West Bengal,Gems & Jewellery,Howrah,312,Primary,handicraft,"Howrah ornaments are made up of gold and precious stones and just like the rituals and customs of Bengal, it imbibes beauty, traditions and modernity beautifully. The traditional jewellery comprises of a pati haar which is a heavy studded necklace; Jhumko is a pair of intricately designed earrings which usually have beautiful floral motifs and Nath or the nose ring is like the traditional variety used in India. The Chur, which can sometimes weigh upto 50 grams is the traditional gold bangle of West Bengal, is made entirely of pure gold, and is one of the most exquisite items.",No,https://drive.google.com/file/d/1ye-xbaYmZsWtcYqidFLAEXg0sa-o9uiC/view?usp=drive_link,DC Handicraft
West Bengal,Wood Carving,Jalpaiguri,314,Tertiary,handicraft,"Wood carving from Jalpaiguri is a traditional art form that is known for its intricate and detailed designs that are carved using various types of wood using chisels and hammers. The carvings are often used to decorate furniture, temples, and other architectural structures, and they depict a wide range of subjects, including religious and mythological figures, animals, and abstract patterns. The wood carving tradition of Jalpaiguri is an important part of the region's cultural heritage and is still practiced by a majority of artisans today.",No,https://drive.google.com/file/d/1DH5f0H0l3MR4hY407sQsrzPmDBzL_raM/view?usp=drive_link,DC Handicraft
West Bengal,Sal leaf based products,Jhargram,703,Primary,handicraft,"Sal leaf products are a type of traditional handicraft made using the leaves of the sal tree, which is native to the Indian subcontinent. The leaves are collected and dried before being used to create a variety of items, such as baskets, bowls, trays, and other decorative and functional items. Sal leaf products are known for their durability, versatility, and natural, rustic beauty, and are often used for decorative purposes or as part of traditional festivals and celebrations in Jhargram, West Bengal.",No,https://drive.google.com/file/d/1_39RdaBbZ4cLJ4wQGEN8lqVVfjVX24_c/view?usp=drive_link,DC Handicraft
West Bengal,Sabai grass-based handicraft,Jhargram,703,Secondary,handicraft,"Sabai grass-based handicraft is a type of traditional craft made using the leaves of the sabai grass plant, which is native to the Indian subcontinent. The leaves are collected, dried, and woven into a variety of items, both decorative and functional in nature. Mostly found in the north Jhargram region, the thin and long fibrous leaves of Sabai Grass, which are flexible with high strength are utilized to produce Sabai grass rope. A wide range of rope based utility items like mats, foot mats, serving trays, flower vase holders, bowels, baskets, boxes and other decorative items are made from sabai grass.",No,https://drive.google.com/file/d/15DHJbGNKAmBcEIFJlE2Bl5_qsgC5Qr-e/view?usp=drive_link,DC Handicraft
West Bengal,Leather goods,Kolkata,315,Primary,handicraft,"Kolkata, the capital city of West Bengal, is known for its Leather Goods. The products are made using locally sourced, sustainable leather and are known for their durability, style, and craftmanship. The range includes a variety of leather goods, such as bags, wallets, belts, and other accessories. Brisul Haat, Entaly, Bagree and Barabazar are some of the famous markets which have a variety of Leather products.",No,https://drive.google.com/file/d/14gOAHRgu33cRqAunkIu3scWEMIITYTxm/view?usp=drive_link,DC Handicraft
West Bengal,Clay Doll,Nadia,320,Secondary,handicraft,"Clay Dolls made in the Ghurni village of Nadia are a type of traditional handicraft made in Krishnanagar region. The King of Krishnanagar was a great patron of the fine arts, including literature and music and supported the production of clay dolls. The creations of these artists are displayed in many of the handicraft museums and art galleries of the world. In India, we have a large display of these dolls in the Shankar’s Doll Museum in New Delhi.",No,https://drive.google.com/file/d/19DvaKvXNVhuMHTwGxKirSb7Kqhd80abg/view?usp=drive_link,DC Handicraft
West Bengal,Jute diversified products,North 24 Parganas,303,Secondary,handicraft,"North Twenty Four Parganas district has high quality Jute products having many uses which are popular for their rustic beauty. All of these are made using locally sourced materials. The collection includes a variety of product made by the local such as bags, baskets, mats, and other decorative home decor items.",No,https://drive.google.com/file/d/1ehED7adh9NRtx5BWdxyMByTvvryE-m37/view?usp=drive_link,DC Handicraft
West Bengal,Jewellery Box,North 24 Parganas,303,Tertiary,handicraft,"North Twenty Four Parganas is known for jewel boxes, used for storing valuable personal items such as jewelry, watches, and other trinkets. Jewelry boxes can be made from a variety of materials such as wood, leather, and metal, and they often feature decorative elements such as inlaid designs, engravings, and hardware. They can be found in many different styles and sizes, from small portable boxes to large, ornate armoires.",No,https://drive.google.com/file/d/1Q40lJqUMk9MElp34xgX5iDFKA_sbq3xY/view?usp=drive_link,DC Handicraft
West Bengal,Bengal Patachitra,Paschim Medinipur  (West Medinipur),318,Primary,handicraft,"Paschim Medinipur is known for Patachitra which is a type of hand-painted scroll painting made using natural dyes and pigments on cloth or paper. These usually depict a variety of subjects, including mythology, folklore, and contemporary themes. Patachitra artisans are known for their skill and attention to detail, and the finished paintings are often vibrant, intricate works of traditional art.",Yes,https://drive.google.com/file/d/1z-tAZ5DYfShlwjXh2SuhB9ZuZ5k-fdnq/view?usp=drive_link,DC Handicraft
West Bengal,Madur (Mat) & Mat products,Paschim Medinipur  (West Medinipur),318,Secondary,handicraft,"Madur is a form of traditional mat made by fiber that is obtained from the leaves of the madur plant, which is native to India. Mat products are made from this fiber and can include items such as baskets, bags, and other household items. Madur is a strong and durable fiber and its mat products hence are known for their durability and practicality. The production of madur and mat products is an important industry in the state and these products are made by artisans in Paschim Medinipur.",Yes,https://drive.google.com/file/d/1fGIAhOyinIHnYMPSbrYSZxkj7fj4oK0i/view?usp=drive_link,DC Handicraft
West Bengal,Bengal Dokra,Purba Bardhaman,306,Primary,handicraft,"The Dokra technique of metal casting is practiced in the Purba Bardhaman district. Dokra artisans use the lost-wax casting method to create intricate, detailed pieces using brass, bronze, or copper. The finished products are often intricate, decorative figurines and other items, such as jewelry, lamps, and ornaments. West Bengal Dokra is known for its high quality and attention to detail, and is prized by collectors and art enthusiasts alike.",Yes,https://drive.google.com/file/d/1IxTqEJpAp7OWFEljj6uxnDsmynM3vzxf/view?usp=drive_link,DC Handicraft
West Bengal,Bengal Patachitra,Purba Medinipur (East Medinipur),317,Secondary,handicraft,"Patachitra is a type of traditional, hand-painted scroll painting made in the Indian state of West Bengal. The paintings are created using natural dyes and pigments on cloth or paper, and depict a variety of subjects, including mythology, folklore, and contemporary themes. Patachitra artisans are known for their skill and attention to detail, and the finished paintings are often vibrant, intricate works of art.",Yes,https://drive.google.com/file/d/1jQ2w2-Z_9Q14zZPLjZY3_95MGdq8FRrC/view?usp=drive_link,DC Handicraft
West Bengal,Lac & Lac Products,Purulia,321,Primary,handicraft,"Purulia district is known for Lac, which is a natural resin produced by certain insects, and lac products are made from this resin. These products can include items such as beads, bangles, and other jewelry, as well as decorative objects and other household items. Lac products from Purulia are made by artisans in the region using traditional techniques.",No,https://drive.google.com/file/d/1IrxBouDtF-HK-dMbueA4IKh7yjZZOys4/view?usp=drive_link,DC Handicraft
West Bengal,Purulia Chau Mask,Purulia,321,Secondary,handicraft,"Purulia Chau Masks are traditional masks that are used in various dance forms, including the Chhau dance, which is a popular folk dance in the region. These masks are hand-crafted using a variety of materials, such as paper mache, clay, and paint. They are highly decorative and feature intricate designs, and bright colors.",Yes,https://drive.google.com/file/d/1bJgNwJZmvr5VZN1fyY2bvqHu7X7kbITr/view?usp=drive_link,DC Handicraft
West Bengal,Leather Goods,South 24 Parganas,304,Primary,handicraft,"These goods from South 24 Parganas are made using leather, a material that is made from the hides of animals. These goods may include items such as clothing, bags, shoes, and other accessories. Leather goods from South 24 Parganas are made by artisans in the region using traditional techniques and may feature intricate designs and craftsmanship.",No,https://drive.google.com/file/d/1Egvs839YLMYIJ-BzSAt2tuoJ-V62Ye2-/view?usp=drive_link,DC Handicraft
West Bengal,Jute diversified products,Uttar Dinajpur (North Dinajpur),311,Secondary,handicraft,"Jute is a natural fiber that is obtained from the stem and outer skin of the jute plant, and jute products are made from this fiber. These products are made in Uttar Dinajpur and include items such as bags, baskets, rugs, and other household items. Jute is a sustainable and renewable resource, and jute products are often biodegradable and environment friendly, hence extremely sought after.",No,https://drive.google.com/file/d/1H_A6ik3z2cTyHSAN1XTmTE_IEqJ-S4ub/view?usp=drive_link,DC Handicraft
